Index,Index_list
109776,"[47258, 88353, 52778, 5332, 7688, 54730, 29734, 94371, 34151, 96517]"
109777,"[105353, 106992, 67136, 53862, 28204, 98313, 97426, 37383, 44042, 15823]"
109778,"[31137, 103177, 73695, 1455, 96854, 98603, 62251, 89511, 75580, 80861]"
109779,"[37568, 48556, 4566, 35290, 34652, 33630, 89387, 59861, 83779, 19631]"
109780,"[96443, 84688, 106819, 49239, 9305, 40062, 66795, 57928, 98597, 25845]"
109781,"[90249, 102931, 97538, 51049, 37835, 97797, 103815, 69175, 53512, 89893]"
109782,"[87823, 54184, 18186, 36462, 1803, 87025, 68916, 85111, 56862, 80772]"
109783,"[49936, 22443, 42740, 58438, 80403, 79150, 101323, 88508, 42607, 54486]"
109784,"[91316, 105943, 84520, 22105, 51951, 104820, 49360, 18822, 91073, 83415]"
109785,"[4042, 5944, 28256, 107130, 30499, 81059, 94025, 12338, 9247, 62243]"
109786,"[40971, 47911, 21983, 3040, 42519, 28447, 2431, 15735, 41112, 36433]"
109787,"[8810, 64219, 19953, 19879, 104274, 74337, 81404, 61295, 29624, 89976]"
109788,"[98268, 17230, 18777, 66796, 53349, 102449, 35844, 99821, 28345, 53264]"
109789,"[40067, 8660, 47322, 89026, 100567, 47949, 17036, 104213, 16992, 87618]"
109790,"[39452, 1365, 13407, 91225, 49843, 1779, 82011, 88328, 10377, 83757]"
109791,"[74038, 30987, 55335, 31806, 80044, 61520, 64490, 6492, 30616, 26002]"
109792,"[31903, 44471, 57190, 47808, 103468, 59722, 13984, 80661, 27365, 46073]"
109793,"[109644, 21434, 4383, 52385, 58116, 82273, 68751, 8801, 3379, 27667]"
109794,"[4441, 14140, 91080, 3301, 88749, 86088, 66319, 92440, 1885, 58316]"
109795,"[15187, 52636, 18858, 16728, 96767, 43133, 2168, 18598, 55344, 108413]"
109796,"[43271, 6342, 28479, 17482, 19115, 82204, 52119, 14222, 69691, 50294]"
109797,"[68214, 15944, 34964, 94401, 84001, 38042, 86935, 66828, 7812, 33974]"
109798,"[69551, 108395, 70616, 109122, 70926, 53378, 77597, 97807, 5326, 67685]"
109799,"[60252, 80731, 53019, 67994, 96339, 5663, 90370, 91190, 108654, 26899]"
109800,"[2306, 26751, 37790, 5738, 27454, 41438, 43387, 4694, 33436, 87445]"
109801,"[29125, 74139, 85051, 100361, 6346, 90925, 10089, 28497, 58231, 226]"
109802,"[26000, 90602, 92979, 83550, 18895, 63043, 52922, 38958, 36890, 29294]"
109803,"[57636, 5794, 30151, 103406, 76676, 83477, 77486, 42770, 67479, 72769]"
109804,"[31025, 52110, 61312, 91757, 12234, 87847, 96601, 51912, 57666, 11841]"
109805,"[5400, 20161, 23904, 44305, 44064, 74124, 32741, 33212, 17637, 97949]"
109806,"[108948, 46122, 92585, 42127, 9765, 25873, 32756, 590, 12513, 91015]"
109807,"[16587, 72575, 22276, 16387, 63910, 21668, 50741, 57508, 90326, 27659]"
109808,"[107829, 75390, 21192, 51110, 26748, 28070, 105254, 42578, 7887, 88162]"
109809,"[24869, 56714, 31005, 28603, 78747, 5925, 69486, 46207, 1839, 107120]"
109810,"[16688, 83138, 95198, 107570, 98217, 31360, 29568, 79679, 55605, 15396]"
109811,"[108497, 61790, 89322, 107949, 80456, 1853, 38970, 28673, 29958, 724]"
109812,"[2252, 11557, 9541, 86009, 71738, 71374, 103645, 70400, 80253, 36876]"
109813,"[84720, 82012, 88275, 30169, 19444, 24787, 10579, 46156, 19257, 80559]"
109814,"[108126, 46787, 108812, 48765, 79428, 64205, 91402, 11482, 68715, 23782]"
109815,"[41776, 65622, 101091, 48709, 31315, 52604, 81295, 60317, 27879, 40398]"
109816,"[17908, 84470, 69701, 92545, 53205, 7273, 28628, 63738, 103783, 54674]"
109817,"[12077, 95107, 43556, 13833, 77570, 92897, 78210, 6913, 34980, 65329]"
109818,"[66348, 33474, 60617, 60389, 37931, 98402, 87805, 11253, 21622, 83311]"
109819,"[22473, 97032, 90983, 78890, 20480, 41884, 87273, 82952, 45231, 61792]"
109820,"[78980, 40670, 33284, 1493, 78137, 5145, 52482, 9254, 62863, 88511]"
109821,"[52763, 40662, 35474, 46213, 5371, 19089, 87303, 36719, 52300, 101522]"
109822,"[79226, 30030, 109658, 3048, 68921, 4377, 5490, 85889, 45924, 92271]"
109823,"[19383, 12595, 91059, 39434, 79448, 70273, 43942, 52119, 43271, 46069]"
109824,"[26438, 102042, 102780, 23253, 8453, 92575, 92449, 3122, 95539, 86748]"
109825,"[10589, 3343, 68908, 45854, 80509, 104037, 75053, 50673, 28095, 31875]"
109826,"[30745, 17993, 34289, 8408, 47720, 35820, 4094, 69792, 91965, 19349]"
109827,"[36767, 14364, 17024, 38085, 103590, 84229, 23591, 6383, 55596, 88037]"
109828,"[89284, 104755, 5064, 68026, 96879, 17622, 72336, 6264, 51278, 23273]"
109829,"[71430, 62848, 108742, 97403, 70778, 104962, 61242, 89556, 20360, 36673]"
109830,"[63875, 67879, 70168, 43565, 100881, 76743, 32622, 42584, 106530, 37566]"
109831,"[98544, 79295, 56870, 89877, 78038, 13482, 38100, 16652, 101829, 42724]"
109832,"[100179, 27364, 102381, 37575, 89632, 92202, 18546, 2921, 27498, 28390]"
109833,"[89764, 26747, 13676, 92613, 88917, 89989, 48884, 73442, 104106, 67379]"
109834,"[92885, 76053, 12038, 95558, 55326, 89900, 1610, 60298, 4747, 92784]"
109835,"[38323, 94740, 62741, 29348, 91750, 54543, 92259, 8571, 78825, 53682]"
109836,"[37776, 46937, 82682, 104064, 66550, 63610, 58596, 109558, 22748, 17254]"
109837,"[81523, 49955, 7502, 71998, 98385, 94837, 42431, 95753, 42969, 58449]"
109838,"[56692, 67503, 68787, 44621, 103272, 88576, 19389, 52437, 98568, 94244]"
109839,"[13548, 90062, 58586, 18442, 907, 36374, 5573, 64131, 70367, 9026]"
109840,"[28903, 90153, 90137, 27220, 38301, 20073, 91105, 77549, 99297, 94020]"
109841,"[4506, 35475, 45582, 4857, 10730, 55162, 22676, 61552, 42742, 49146]"
109842,"[33690, 104712, 11622, 89328, 21084, 17336, 105929, 67677, 18948, 99934]"
109843,"[27012, 83216, 45354, 21889, 81833, 94219, 35714, 47442, 68068, 101055]"
109844,"[51300, 17111, 18322, 40875, 86791, 8388, 47421, 62172, 109331, 10758]"
109845,"[99743, 74981, 50836, 56843, 29832, 79553, 81425, 67666, 63018, 94438]"
109846,"[22645, 66415, 66745, 47755, 16549, 94917, 64849, 18565, 9453, 36449]"
109847,"[59316, 75760, 96484, 20800, 25381, 65453, 66022, 9787, 90520, 45439]"
109848,"[56203, 86632, 66917, 11829, 70342, 92914, 92508, 108901, 48088, 31763]"
109849,"[17608, 64843, 75747, 59707, 84284, 31275, 89994, 55545, 16479, 55926]"
109850,"[97157, 20729, 68270, 85696, 16892, 60106, 3765, 56994, 36201, 41842]"
109851,"[78759, 70686, 94545, 88604, 29563, 82477, 1227, 51350, 67284, 6047]"
109852,"[88398, 41219, 98484, 54706, 9073, 52334, 97294, 22515, 21056, 1250]"
109853,"[54222, 20443, 79682, 92338, 23062, 106859, 98531, 26605, 109283, 30871]"
109854,"[70046, 14509, 25857, 100548, 58718, 12987, 20653, 18915, 79856, 22396]"
109855,"[105176, 103713, 49098, 60734, 39040, 91194, 99863, 90731, 106200, 61338]"
109856,"[23754, 23546, 67681, 29813, 65320, 62432, 18523, 16815, 33781, 28815]"
109857,"[5586, 30620, 54142, 15125, 50493, 33371, 18715, 97234, 74177, 109034]"
109858,"[52332, 65543, 30187, 22353, 29614, 71977, 30299, 45426, 51450, 73606]"
109859,"[96052, 72296, 47946, 57232, 84606, 42749, 28658, 34205, 55935, 19346]"
109860,"[8488, 57646, 21117, 17767, 30546, 10927, 23221, 77067, 23449, 30242]"
109861,"[7114, 34933, 28794, 104893, 11645, 68282, 30305, 8269, 37887, 21678]"
109862,"[25232, 21615, 9769, 782, 21869, 50469, 39212, 106272, 67768, 39686]"
109863,"[82917, 97419, 35067, 55656, 4583, 91989, 87684, 1795, 79922, 29805]"
109864,"[10780, 34614, 38824, 35939, 28277, 30602, 108453, 40262, 15631, 41547]"
109865,"[9795, 39986, 22335, 42158, 76731, 34235, 97998, 86452, 72084, 8121]"
109866,"[735, 79766, 11992, 62877, 4509, 74688, 30266, 101052, 76986, 109266]"
109867,"[82480, 14043, 26977, 55406, 12544, 101741, 40095, 8438, 36447, 84265]"
109868,"[47669, 8556, 25326, 67883, 37812, 3968, 5128, 9741, 74747, 59820]"
109869,"[58868, 14415, 13586, 39878, 3302, 5207, 100843, 40926, 93538, 23746]"
109870,"[74709, 66334, 35553, 59402, 102674, 7985, 7608, 20901, 20014, 31910]"
109871,"[2901, 69563, 68127, 23414, 100415, 48459, 46844, 57560, 6376, 9100]"
109872,"[59247, 70772, 29503, 73567, 99480, 106522, 82440, 50138, 56979, 98891]"
109873,"[43978, 61647, 75349, 9295, 21256, 88843, 77860, 106647, 53509, 56503]"
109874,"[50977, 66622, 29370, 88669, 45449, 4170, 81578, 28870, 98119, 42027]"
109875,"[69146, 88694, 49803, 87663, 74654, 76225, 37335, 43069, 109311, 68617]"
109876,"[20164, 61920, 29442, 24633, 98931, 22183, 38106, 23594, 75049, 64825]"
109877,"[24567, 95920, 60395, 105026, 60027, 62989, 45636, 54301, 62282, 86429]"
109878,"[63665, 44123, 75732, 42047, 60372, 13537, 11497, 23167, 14744, 46827]"
109879,"[76092, 75952, 35792, 85463, 90745, 61229, 68546, 3797, 98060, 52436]"
109880,"[17941, 50368, 42709, 24886, 22047, 98733, 53766, 104550, 22527, 105322]"
109881,"[71813, 49856, 12661, 42736, 75082, 105936, 99655, 88471, 4387, 108248]"
109882,"[10713, 99741, 58879, 86806, 91683, 18658, 48912, 88279, 74868, 42010]"
109883,"[99446, 74755, 61006, 33277, 48360, 18590, 51811, 91477, 90760, 56033]"
109884,"[64283, 109007, 1772, 91275, 52331, 56149, 81702, 28992, 42113, 105834]"
109885,"[23869, 92788, 41524, 23351, 77147, 61745, 96783, 65397, 4660, 7355]"
109886,"[108718, 102280, 22575, 1382, 56972, 95272, 263, 52448, 90325, 95571]"
109887,"[101146, 23133, 90179, 17595, 49421, 101083, 45466, 59427, 58563, 11651]"
109888,"[84508, 34660, 50077, 88292, 70135, 47624, 65565, 14164, 57316, 62930]"
109889,"[100291, 40889, 28659, 22270, 89707, 68204, 56950, 73715, 8525, 86042]"
109890,"[79826, 90206, 27887, 36181, 66587, 98909, 104528, 19999, 42078, 22030]"
109891,"[65506, 68477, 10125, 106450, 101686, 45719, 66458, 48931, 317, 109295]"
109892,"[68262, 65190, 77604, 66978, 70536, 64795, 89073, 97111, 94250, 4214]"
109893,"[6813, 77129, 55356, 82865, 95066, 15743, 82288, 32343, 1839, 87112]"
109894,"[106701, 93256, 37229, 96806, 89914, 41069, 39970, 8713, 30267, 31438]"
109895,"[65929, 35093, 94218, 33783, 94922, 18603, 75120, 107330, 96502, 18225]"
109896,"[109373, 60732, 407, 9302, 75249, 8665, 31075, 25833, 13093, 45522]"
109897,"[103842, 29273, 45705, 12023, 48160, 24246, 6860, 96801, 79921, 11907]"
109898,"[40476, 49705, 36828, 99170, 85067, 16802, 16873, 99744, 82364, 51989]"
109899,"[15216, 53668, 76736, 41186, 66016, 34286, 59588, 74108, 23544, 92306]"
109900,"[46918, 69916, 6246, 20893, 97880, 7604, 58254, 70092, 26402, 31645]"
109901,"[22806, 98576, 52144, 328, 9954, 92214, 93258, 78037, 44767, 62125]"
109902,"[7883, 101152, 38056, 83339, 79490, 63621, 42945, 20567, 3522, 48137]"
109903,"[37828, 33985, 93447, 20961, 17432, 109383, 70596, 109544, 79486, 93202]"
109904,"[55390, 92053, 89174, 36496, 97923, 90483, 45875, 62093, 38840, 10568]"
109905,"[50524, 61702, 99818, 101758, 51488, 34576, 83587, 1203, 68320, 50889]"
109906,"[91130, 76249, 78245, 17680, 20847, 55259, 10844, 16563, 51050, 59280]"
109907,"[21471, 49558, 38975, 18722, 3200, 15045, 89686, 34546, 18282, 1416]"
109908,"[1761, 17289, 54967, 26130, 89942, 67645, 45036, 81640, 333, 10201]"
109909,"[22193, 70989, 4735, 62064, 39644, 3522, 64989, 40314, 35565, 36237]"
109910,"[22270, 100291, 28659, 68204, 102214, 56950, 29375, 8525, 86042, 7836]"
109911,"[92170, 74105, 71331, 39949, 50305, 107242, 90725, 31427, 89756, 64220]"
109912,"[34552, 79526, 33852, 47038, 47492, 7663, 90373, 107455, 24794, 41983]"
109913,"[95384, 102350, 44513, 86022, 98947, 11150, 44232, 98826, 100001, 96086]"
109914,"[61392, 53852, 61230, 26233, 3659, 100220, 19351, 64783, 74662, 25471]"
109915,"[21054, 109657, 101463, 98388, 99406, 90871, 80887, 21613, 43907, 35657]"
109916,"[93449, 107146, 1448, 96046, 13763, 14123, 46185, 37116, 12838, 46869]"
109917,"[39037, 85404, 8303, 74297, 57209, 60169, 71486, 49831, 29420, 99124]"
109918,"[89948, 30319, 98419, 35917, 83522, 109475, 52010, 101314, 3887, 22705]"
109919,"[52980, 86142, 108310, 27972, 9028, 10965, 54657, 84476, 84192, 47542]"
109920,"[105597, 64153, 59006, 86074, 16738, 15981, 71074, 106050, 107813, 66149]"
109921,"[31378, 90295, 36, 23228, 28121, 70644, 87206, 89940, 108602, 43923]"
109922,"[98992, 99749, 101671, 2097, 96531, 108336, 28140, 106539, 78887, 57059]"
109923,"[56767, 4686, 6830, 96252, 13936, 79912, 23887, 11668, 84940, 82276]"
109924,"[58758, 61749, 1857, 86150, 2639, 518, 101933, 36250, 91710, 36576]"
109925,"[36570, 51821, 11057, 61233, 37271, 59846, 96724, 106381, 50565, 61962]"
109926,"[567, 40491, 34837, 48077, 16310, 56719, 1568, 29730, 50402, 2489]"
109927,"[103098, 33679, 109497, 103507, 56948, 52726, 67455, 83717, 88213, 33052]"
109928,"[34774, 72748, 28074, 39882, 16756, 72032, 15961, 40210, 7331, 69525]"
109929,"[34026, 2, 87958, 7890, 4367, 32644, 23779, 105028, 15340, 36356]"
109930,"[104755, 5064, 72336, 41300, 34065, 89284, 68026, 5425, 106877, 31416]"
109931,"[3657, 4859, 107325, 8775, 66081, 50179, 86168, 38808, 94081, 26123]"
109932,"[83102, 33108, 87010, 24008, 4708, 42820, 57204, 76403, 53755, 71497]"
109933,"[76618, 88539, 95501, 16151, 22347, 18532, 94696, 98993, 4663, 80691]"
109934,"[66508, 71270, 105618, 12076, 72319, 16416, 48351, 76148, 70034, 59081]"
109935,"[66141, 59303, 17069, 481, 93895, 58308, 88043, 70730, 59546, 45830]"
109936,"[41714, 17683, 46463, 39813, 109356, 71708, 22793, 56490, 15585, 21067]"
109937,"[102189, 41012, 63166, 86921, 77071, 79125, 103161, 33585, 5346, 15186]"
109938,"[4255, 74241, 97171, 24158, 82517, 47997, 53263, 13322, 72329, 43807]"
109939,"[88354, 5141, 11306, 69005, 25212, 108239, 39251, 99631, 107594, 41591]"
109940,"[37653, 2170, 51871, 93887, 85455, 105892, 63780, 78809, 61994, 68351]"
109941,"[22452, 51749, 9506, 14458, 103138, 13403, 64584, 12372, 85186, 52161]"
109942,"[35100, 10990, 80861, 40101, 62559, 98462, 40341, 61524, 31137, 41912]"
109943,"[30701, 40475, 105162, 98165, 80138, 8056, 10989, 13943, 82922, 35005]"
109944,"[72240, 77855, 18105, 10940, 30712, 73816, 105413, 43277, 18103, 95265]"
109945,"[23365, 61234, 107538, 74591, 102899, 89498, 59671, 61170, 31226, 49330]"
109946,"[40153, 5889, 7384, 70905, 86689, 60617, 105249, 22909, 60389, 74194]"
109947,"[106617, 59666, 109238, 108874, 85267, 33497, 71995, 82293, 91289, 15644]"
109948,"[39906, 67549, 62042, 72457, 45989, 104958, 79010, 41992, 2742, 52367]"
109949,"[104247, 11246, 49019, 23632, 64975, 19366, 2493, 8492, 68748, 68971]"
109950,"[86401, 8095, 15493, 50732, 41023, 15206, 39475, 83981, 1183, 109183]"
109951,"[6517, 23048, 18646, 95451, 104807, 46632, 37469, 14081, 106793, 31061]"
109952,"[49173, 61189, 84515, 97262, 74617, 6303, 50224, 35182, 15513, 105871]"
109953,"[12512, 78507, 4751, 39469, 99439, 38310, 68818, 81411, 78643, 14426]"
109954,"[46862, 61350, 42599, 81275, 38294, 98515, 72357, 57481, 48877, 109396]"
109955,"[99111, 1120, 87073, 33950, 34183, 91347, 106050, 99373, 2562, 34392]"
109956,"[18238, 53522, 10302, 12689, 94092, 59648, 107938, 87480, 53435, 31832]"
109957,"[69566, 64705, 83752, 101380, 86158, 109172, 81515, 21768, 66628, 87850]"
109958,"[72101, 53381, 21763, 7931, 8959, 95363, 100203, 23201, 24595, 21426]"
109959,"[70799, 98495, 39498, 12041, 46319, 79058, 105995, 23187, 100960, 40133]"
109960,"[25351, 66234, 87099, 98039, 5353, 52274, 9760, 11434, 27112, 89686]"
109961,"[15305, 95715, 20008, 66740, 12308, 73743, 56385, 17739, 83433, 13561]"
109962,"[104092, 68183, 75238, 83387, 82157, 75107, 44476, 106886, 84782, 101594]"
109963,"[71966, 29997, 3953, 38963, 36596, 84320, 85352, 49768, 7837, 14623]"
109964,"[36686, 29311, 54769, 38392, 99661, 11744, 18708, 20935, 18159, 10363]"
109965,"[38823, 14085, 86418, 95640, 3196, 100307, 61327, 49343, 17335, 63406]"
109966,"[79448, 19383, 12536, 13409, 12595, 91059, 70273, 30100, 43942, 39434]"
109967,"[19006, 12178, 29768, 46838, 60449, 19124, 95506, 109142, 79640, 47240]"
109968,"[26561, 92838, 6416, 14455, 52158, 45731, 31844, 22116, 103628, 59117]"
109969,"[100006, 32679, 104668, 109634, 56611, 98487, 48003, 5814, 6450, 28805]"
109970,"[21952, 19578, 97951, 100602, 75706, 31118, 37373, 59789, 108582, 45929]"
109971,"[99018, 18352, 29490, 99450, 66418, 96932, 91192, 18831, 32351, 98778]"
109972,"[31605, 54529, 95178, 74626, 43574, 11990, 23540, 107257, 82388, 79591]"
109973,"[26439, 20103, 6312, 12523, 22885, 90932, 65599, 51936, 45291, 74964]"
109974,"[15936, 78682, 9580, 109459, 71952, 39568, 54183, 77352, 17899, 14012]"
109975,"[36500, 43331, 3900, 1625, 18016, 55798, 3603, 57443, 31178, 16213]"
109976,"[75223, 38945, 65662, 76509, 20025, 2995, 37728, 103698, 14569, 33577]"
109977,"[102770, 63748, 88646, 100440, 54967, 6726, 91377, 20647, 82170, 72302]"
109978,"[34690, 81477, 57994, 17162, 37034, 32036, 86584, 39245, 69524, 8733]"
109979,"[41297, 54091, 49833, 81414, 29620, 3980, 11476, 67171, 34388, 92526]"
109980,"[73279, 1885, 88749, 96285, 81228, 91080, 86088, 28251, 105099, 105220]"
109981,"[16704, 21226, 61288, 7774, 17492, 84323, 41001, 90217, 15532, 89243]"
109982,"[48776, 25235, 72568, 19320, 42716, 62905, 18663, 43612, 8046, 18754]"
109983,"[39319, 45157, 96787, 59632, 62916, 91917, 97520, 47712, 41920, 10]"
109984,"[22647, 49227, 89903, 68912, 5383, 96687, 27276, 13170, 31438, 70300]"
109985,"[73767, 102850, 63215, 73004, 1513, 78617, 12432, 65374, 97514, 78165]"
109986,"[39474, 26554, 45977, 55500, 12700, 47781, 78665, 20602, 83055, 35197]"
109987,"[54994, 13321, 71947, 64119, 45617, 554, 74045, 33559, 46851, 99410]"
109988,"[50935, 24612, 68542, 16835, 27788, 21578, 47216, 103090, 97187, 25505]"
109989,"[8885, 13208, 82489, 58309, 61952, 12053, 70537, 85720, 60497, 6313]"
109990,"[9743, 34274, 20543, 93302, 8750, 80923, 102422, 21367, 35523, 76938]"
109991,"[48676, 8858, 108685, 102094, 8946, 49784, 79211, 81942, 97192, 29419]"
109992,"[9558, 25922, 64875, 9811, 84051, 16174, 86805, 103443, 23489, 43490]"
109993,"[80894, 73818, 65207, 72272, 26894, 84525, 75788, 92516, 7628, 7791]"
109994,"[101876, 88676, 2159, 61983, 8808, 78874, 42727, 94494, 273, 103724]"
109995,"[32508, 10734, 77505, 15086, 100668, 47600, 101712, 106240, 52424, 9969]"
109996,"[93072, 37631, 50575, 100183, 33970, 30898, 47715, 37752, 52577, 20520]"
109997,"[15755, 20163, 39456, 27766, 103014, 90081, 28901, 25866, 80556, 50671]"
109998,"[33467, 71231, 2384, 81664, 96146, 19846, 27094, 107428, 30195, 2079]"
109999,"[24790, 54601, 44480, 38024, 61891, 53819, 57225, 31535, 78757, 80506]"
110000,"[46832, 22302, 14133, 2254, 8576, 52201, 107136, 52966, 106268, 92518]"
110001,"[44041, 108333, 105290, 72647, 1514, 61587, 64166, 4541, 37581, 99011]"
110002,"[19982, 74745, 81916, 74228, 30085, 46922, 55165, 41644, 67067, 1285]"
110003,"[56448, 100557, 86572, 90762, 66507, 45382, 20631, 37952, 84903, 20565]"
110004,"[31913, 30901, 27125, 84284, 108691, 26952, 902, 48955, 81929, 1972]"
110005,"[44119, 57109, 103362, 93535, 90450, 64783, 78011, 82522, 19351, 74662]"
110006,"[63358, 1614, 98063, 32272, 39455, 94062, 98047, 15574, 16857, 91548]"
110007,"[68043, 25246, 4000, 73274, 1780, 108993, 61490, 82717, 35751, 6694]"
110008,"[82409, 54382, 35741, 45727, 84579, 44150, 54398, 77938, 64242, 78156]"
110009,"[67356, 56679, 42985, 34172, 43030, 104429, 101736, 19766, 19318, 5638]"
110010,"[90708, 42620, 69581, 42621, 7152, 31977, 16874, 68115, 9827, 69577]"
110011,"[38793, 71996, 30910, 37259, 29136, 75164, 68089, 107293, 88400, 86576]"
110012,"[22402, 38999, 30442, 93424, 72578, 64268, 30934, 61896, 22566, 62796]"
110013,"[96344, 101701, 51799, 8656, 93430, 42872, 45037, 92679, 40880, 41757]"
110014,"[15931, 26378, 43875, 74505, 81223, 54917, 43885, 49280, 60989, 42797]"
110015,"[32273, 105666, 67421, 30516, 37880, 35576, 84694, 55100, 13391, 100447]"
110016,"[94326, 69731, 66216, 28200, 6392, 15093, 91116, 18707, 60544, 76599]"
110017,"[24153, 27573, 98328, 9016, 9917, 30016, 84614, 64357, 80778, 41209]"
110018,"[19640, 106768, 69421, 92960, 6981, 58230, 107085, 46343, 14147, 20355]"
110019,"[77939, 47684, 99578, 89745, 35143, 88023, 71853, 61087, 38611, 95988]"
110020,"[59330, 29842, 86318, 71850, 68138, 47019, 4017, 14933, 50743, 24750]"
110021,"[77577, 89876, 13647, 28341, 34246, 98888, 64045, 70060, 55845, 69542]"
110022,"[103525, 62591, 82354, 11118, 100176, 34928, 46720, 11719, 19861, 100247]"
110023,"[82962, 3930, 29416, 58720, 9846, 99663, 47524, 15525, 98950, 82661]"
110024,"[109069, 30030, 40461, 65155, 30009, 67756, 9015, 15036, 75073, 33652]"
110025,"[39315, 10272, 47915, 31578, 49429, 77633, 26459, 9946, 7620, 29791]"
110026,"[46587, 49831, 69236, 37840, 41102, 71486, 29420, 74297, 74860, 39334]"
110027,"[6284, 73538, 43487, 17090, 15207, 105982, 65963, 109325, 79199, 24398]"
110028,"[100843, 14415, 13586, 39878, 5207, 3302, 13093, 93538, 107098, 86333]"
110029,"[82980, 68310, 39013, 41565, 63676, 25397, 105454, 33602, 66635, 64152]"
110030,"[70308, 59242, 49694, 951, 54798, 65582, 53157, 7008, 53329, 106867]"
110031,"[60190, 74039, 105678, 4556, 41730, 54909, 58239, 32728, 83383, 4218]"
110032,"[58794, 50890, 14305, 18413, 24076, 81866, 64801, 108959, 54618, 50113]"
110033,"[39048, 42623, 44371, 87973, 88606, 67642, 61758, 106229, 83655, 70336]"
110034,"[47364, 98157, 1211, 66262, 77128, 31941, 40902, 62391, 83331, 26914]"
110035,"[46948, 42190, 100350, 72593, 74733, 852, 79950, 61482, 20548, 101452]"
110036,"[59005, 27402, 65261, 54841, 50110, 73276, 6650, 47176, 33525, 80740]"
110037,"[50377, 46498, 97652, 101339, 42933, 70202, 7136, 73990, 94015, 98904]"
110038,"[108590, 2757, 28223, 20531, 79505, 91609, 1285, 55165, 102367, 74745]"
110039,"[39132, 101897, 26832, 23864, 60329, 44873, 78171, 48282, 31386, 76818]"
110040,"[255, 92916, 60107, 24448, 45894, 23288, 64865, 65604, 11984, 102653]"
110041,"[7885, 65099, 17008, 77274, 97397, 11392, 12852, 26202, 75338, 56125]"
110042,"[78403, 27438, 44284, 3368, 107277, 97203, 96584, 73616, 10344, 88647]"
110043,"[36498, 14997, 38403, 28641, 6723, 83149, 74623, 600, 53942, 91430]"
110044,"[42689, 30493, 25329, 91622, 16438, 18947, 8636, 38588, 80655, 29390]"
110045,"[19517, 91025, 11215, 43971, 67467, 22577, 23539, 84123, 12222, 6329]"
110046,"[16679, 79683, 67303, 60950, 97344, 3052, 8441, 60588, 15425, 104890]"
110047,"[76745, 92621, 98416, 86477, 62065, 4196, 66816, 93805, 38573, 94538]"
110048,"[99187, 98480, 63743, 72603, 71014, 12218, 4233, 85683, 65330, 82523]"
110049,"[30541, 16668, 11962, 100000, 55634, 39731, 61051, 86095, 104225, 83934]"
110050,"[60967, 81322, 76257, 64367, 26137, 23179, 40217, 62779, 48946, 69092]"
110051,"[76126, 1477, 49688, 54886, 102540, 13905, 99067, 66450, 9911, 61574]"
110052,"[56840, 3009, 1514, 4541, 12458, 72398, 42750, 14748, 9613, 85878]"
110053,"[16977, 84442, 22674, 51558, 23793, 14000, 14435, 23552, 21534, 27641]"
110054,"[73114, 29256, 29778, 63539, 105746, 44711, 15090, 39254, 19044, 834]"
110055,"[20462, 10646, 103762, 66921, 92766, 103943, 73761, 32361, 41096, 1612]"
110056,"[20795, 64799, 20023, 98960, 77895, 48665, 44742, 88241, 53432, 17796]"
110057,"[19873, 101953, 8070, 12695, 70214, 75913, 97710, 27947, 4463, 94076]"
110058,"[47075, 30832, 24414, 64936, 6356, 43795, 37986, 83191, 9214, 102405]"
110059,"[89844, 5725, 80443, 29990, 47158, 25191, 72178, 81854, 31095, 94576]"
110060,"[90541, 2577, 2399, 75780, 15543, 28067, 30585, 86272, 65249, 91994]"
110061,"[56067, 31375, 16520, 46825, 97633, 36432, 64183, 109127, 40665, 11185]"
110062,"[25349, 74015, 13189, 96640, 101783, 40326, 85277, 71177, 43700, 6773]"
110063,"[46791, 46854, 31997, 19339, 58123, 64957, 20272, 34117, 36183, 9277]"
110064,"[14508, 39033, 8374, 67769, 101364, 98163, 3700, 83739, 28876, 65135]"
110065,"[59259, 83190, 73133, 8242, 50364, 76705, 44569, 14797, 76008, 65912]"
110066,"[1605, 16322, 70757, 1029, 63231, 47601, 735, 54937, 76986, 77041]"
110067,"[69882, 99976, 87648, 12624, 15261, 12800, 92497, 690, 92865, 79654]"
110068,"[79047, 30121, 94086, 68417, 27807, 102640, 87807, 46059, 48326, 12138]"
110069,"[106511, 22279, 51623, 90865, 103724, 74844, 98845, 21522, 57501, 80622]"
110070,"[21632, 80328, 57950, 55152, 35449, 46280, 41344, 51402, 60742, 78860]"
110071,"[63593, 30809, 17615, 21508, 61608, 58966, 18909, 21097, 69752, 61118]"
110072,"[1662, 58449, 696, 34176, 82492, 44201, 87095, 1878, 71421, 57295]"
110073,"[63932, 9801, 98129, 7422, 58297, 43605, 105432, 102159, 90637, 87460]"
110074,"[62409, 5369, 61537, 8315, 75032, 56418, 33698, 79396, 48456, 69214]"
110075,"[52519, 57756, 15999, 105971, 56574, 5477, 32242, 104162, 60353, 1654]"
110076,"[41320, 56200, 13571, 65462, 28399, 95603, 98709, 2353, 76603, 27122]"
110077,"[15793, 53911, 40609, 87033, 21005, 23484, 54118, 62583, 48738, 36362]"
110078,"[42397, 89653, 83036, 2587, 43560, 103147, 103392, 9790, 89812, 89974]"
110079,"[11145, 20000, 74843, 82026, 35430, 77947, 51376, 93541, 101481, 56819]"
110080,"[26200, 83020, 19677, 53789, 102406, 50432, 92802, 106412, 108974, 52790]"
110081,"[106632, 5527, 100627, 6339, 88744, 2951, 44249, 73697, 43531, 95540]"
110082,"[1991, 73699, 64987, 44296, 42472, 43169, 11988, 18147, 25647, 60036]"
110083,"[63312, 1084, 101185, 37643, 61642, 14002, 54543, 70481, 38594, 29436]"
110084,"[44701, 91414, 50453, 49766, 22548, 65034, 31618, 16166, 93011, 78995]"
110085,"[101535, 85002, 35621, 91372, 7371, 32342, 39888, 106653, 90991, 24672]"
110086,"[38980, 35979, 100368, 65365, 94866, 18350, 42643, 3860, 91901, 85541]"
110087,"[105674, 94471, 53099, 79130, 17879, 55667, 40879, 97262, 74874, 74617]"
110088,"[20693, 50889, 12397, 63193, 53199, 1203, 64161, 33542, 34576, 99818]"
110089,"[64565, 98609, 69390, 79012, 108505, 108753, 86631, 84860, 103441, 19173]"
110090,"[18035, 64617, 82395, 61603, 99770, 73672, 26191, 101096, 46321, 62458]"
110091,"[63886, 43176, 9932, 13480, 65228, 73500, 56206, 87170, 56233, 59169]"
110092,"[5549, 103630, 89008, 64818, 106908, 78938, 72216, 17758, 70507, 62882]"
110093,"[22310, 62612, 47242, 83679, 55429, 48221, 37282, 6748, 2891, 105767]"
110094,"[106100, 105080, 80396, 24791, 23045, 49340, 66908, 77096, 5545, 27083]"
110095,"[10180, 103799, 35352, 69663, 97461, 9695, 90918, 96446, 38267, 65753]"
110096,"[6561, 65003, 3504, 96489, 52208, 53690, 85812, 61899, 66772, 84817]"
110097,"[85049, 22871, 88386, 107737, 37354, 103923, 34121, 47847, 75579, 23139]"
110098,"[12979, 3478, 73109, 57286, 79193, 15331, 78935, 45753, 67901, 108055]"
110099,"[25327, 73539, 86661, 72597, 76330, 104399, 66558, 17642, 88004, 106817]"
110100,"[79490, 104510, 18373, 15956, 44896, 17026, 33118, 58060, 83339, 38056]"
110101,"[8461, 26661, 177, 93584, 26639, 15501, 63720, 47183, 51369, 93358]"
110102,"[59242, 87439, 70308, 53329, 102514, 7317, 23534, 49694, 109436, 86242]"
110103,"[35406, 85253, 30770, 19591, 18659, 66809, 49588, 58208, 78918, 48124]"
110104,"[57429, 58557, 102397, 36595, 15221, 105347, 52831, 63861, 22698, 104973]"
110105,"[49889, 40956, 102837, 4067, 82643, 24101, 79316, 86144, 87193, 37425]"
110106,"[106780, 23371, 24913, 74705, 84520, 21685, 17725, 19265, 100275, 65141]"
110107,"[41193, 87996, 25687, 846, 53282, 101466, 50282, 45192, 89129, 28510]"
110108,"[35810, 2282, 103872, 106130, 41641, 4770, 107076, 104079, 72174, 109027]"
110109,"[43702, 28714, 86458, 38400, 44669, 72734, 42220, 82692, 22699, 9513]"
110110,"[54477, 44807, 25, 41917, 41440, 94647, 19251, 65269, 42729, 44334]"
110111,"[2160, 85559, 29663, 108800, 14181, 98220, 17625, 64261, 7332, 45587]"
110112,"[1385, 19355, 8426, 33308, 52098, 17971, 12074, 23825, 43611, 69813]"
110113,"[10864, 37545, 52991, 106236, 40360, 37281, 73119, 59999, 105381, 36494]"
110114,"[8449, 40495, 51941, 56141, 6689, 50319, 12830, 89166, 107131, 38013]"
110115,"[66961, 18039, 29915, 105766, 49405, 37757, 6705, 105966, 29994, 73444]"
110116,"[4766, 38787, 7429, 37848, 86671, 26120, 63604, 98901, 51536, 27761]"
110117,"[49368, 17166, 36192, 6662, 16245, 26756, 97924, 59774, 47620, 34078]"
110118,"[11743, 48966, 103281, 24573, 459, 32908, 54562, 2057, 49977, 58747]"
110119,"[100553, 24356, 47937, 102875, 3162, 36279, 36354, 33716, 76951, 85652]"
110120,"[52623, 4851, 36512, 83945, 56336, 15543, 53191, 13911, 108756, 92624]"
110121,"[73281, 35519, 22053, 34164, 39806, 105857, 69317, 105951, 36507, 105880]"
110122,"[76379, 35260, 36838, 44711, 87857, 55467, 43232, 76636, 14141, 73114]"
110123,"[46181, 86093, 90866, 33168, 52842, 50746, 105987, 88130, 79852, 84561]"
110124,"[62609, 38774, 91593, 96388, 94007, 75622, 40603, 24948, 73159, 13963]"
110125,"[9344, 89848, 94793, 19074, 26081, 7693, 4669, 49853, 2138, 56558]"
110126,"[51194, 102846, 65310, 88685, 106975, 56355, 69447, 49870, 14870, 29300]"
110127,"[103213, 18067, 96113, 89304, 98978, 67487, 20645, 97601, 89157, 72932]"
110128,"[67927, 60269, 85570, 22007, 18564, 29672, 32565, 49136, 75585, 7395]"
110129,"[47535, 42851, 29283, 103437, 35634, 50393, 66412, 97636, 3885, 22273]"
110130,"[36503, 7454, 17761, 54440, 59455, 29954, 101350, 72022, 52703, 38032]"
110131,"[47951, 88523, 28671, 41082, 68486, 55642, 89373, 106343, 32778, 88363]"
110132,"[16780, 18266, 36196, 84254, 15817, 55711, 58660, 41429, 72734, 15076]"
110133,"[34954, 47358, 31600, 104593, 1940, 14150, 100920, 42285, 104357, 62464]"
110134,"[2155, 97446, 33391, 20177, 5287, 11771, 7489, 12015, 57649, 46487]"
110135,"[60223, 61778, 46248, 63205, 6557, 106550, 45337, 102967, 89479, 99674]"
110136,"[67899, 107107, 89682, 37486, 26589, 19488, 61673, 83700, 66291, 84756]"
110137,"[31794, 13626, 31733, 17003, 23083, 32068, 7792, 7529, 56148, 16992]"
110138,"[54914, 4818, 54995, 85788, 54027, 43196, 107189, 25525, 319, 59533]"
110139,"[61808, 36710, 697, 28184, 98655, 80117, 54727, 17324, 65696, 109045]"
110140,"[13790, 25803, 737, 81759, 48340, 41267, 99071, 42798, 60051, 104565]"
110141,"[8071, 89930, 30884, 40968, 5719, 107843, 105270, 77649, 37187, 36616]"
110142,"[102049, 84860, 20010, 47762, 58865, 63671, 99640, 46651, 6713, 75131]"
110143,"[34687, 103440, 87990, 34845, 65451, 93366, 97086, 61215, 37061, 5311]"
110144,"[74671, 25464, 87247, 77533, 65282, 35681, 13943, 38741, 28118, 66326]"
110145,"[16434, 28733, 5118, 3929, 107362, 80916, 19493, 76463, 92267, 81594]"
110146,"[83230, 66172, 53423, 51254, 99180, 12963, 26330, 9118, 106139, 79160]"
110147,"[89222, 88760, 62766, 34257, 30952, 76365, 104431, 90858, 41664, 94975]"
110148,"[44948, 38190, 81836, 28378, 86520, 42843, 61251, 43158, 91358, 61166]"
110149,"[28198, 31259, 12524, 85538, 28403, 34001, 76579, 97675, 2029, 47727]"
110150,"[64990, 25717, 3141, 96658, 18412, 40067, 32360, 62076, 47949, 51800]"
110151,"[87394, 57258, 107468, 11174, 35278, 78962, 105918, 25930, 9375, 76459]"
110152,"[86771, 61014, 101552, 48164, 59447, 101201, 90478, 68787, 8175, 76492]"
110153,"[29828, 89707, 59083, 56950, 71091, 83069, 77312, 7064, 100291, 8525]"
110154,"[52608, 42792, 53612, 106105, 24691, 27461, 6976, 79108, 26046, 40040]"
110155,"[85278, 103099, 16620, 106532, 62419, 89655, 96173, 16102, 56716, 69684]"
110156,"[56066, 61139, 107486, 95404, 68115, 31977, 66820, 92858, 4571, 24397]"
110157,"[26443, 46588, 30207, 85682, 77068, 58944, 81709, 42321, 10470, 50379]"
110158,"[104866, 30886, 22833, 88713, 20770, 82133, 5258, 8936, 48434, 2919]"
110159,"[107853, 105081, 57883, 59692, 524, 33884, 41073, 87826, 32315, 74272]"
110160,"[24858, 14638, 33159, 6399, 77193, 49617, 59580, 73592, 57271, 93229]"
110161,"[57505, 39477, 101277, 101115, 89521, 43409, 34699, 34410, 39797, 109667]"
110162,"[101166, 6408, 106697, 45312, 79315, 13621, 46644, 46731, 63070, 80509]"
110163,"[15914, 109647, 29309, 91969, 9497, 94565, 53483, 82334, 92500, 37514]"
110164,"[48530, 14384, 29574, 94048, 109365, 73867, 86174, 7977, 104098, 94053]"
110165,"[48037, 16546, 57551, 98943, 57356, 61218, 63472, 37931, 984, 87064]"
110166,"[12100, 20202, 72159, 61838, 108362, 55089, 79774, 95815, 30297, 11318]"
110167,"[80352, 107583, 46137, 39237, 51566, 64539, 26139, 101247, 14471, 4433]"
110168,"[63450, 45814, 60233, 45107, 70434, 18074, 103254, 96084, 91308, 40534]"
110169,"[76621, 80967, 15369, 27916, 78023, 18645, 99246, 17586, 7695, 39297]"
110170,"[57835, 109559, 100725, 3349, 12540, 43076, 42386, 97266, 16859, 9269]"
110171,"[105912, 102517, 100411, 105012, 4407, 68656, 79708, 91897, 59543, 90813]"
110172,"[42236, 81699, 99093, 78110, 108073, 84617, 6933, 84828, 89668, 59040]"
110173,"[39309, 36928, 34004, 76961, 53897, 53336, 48665, 44742, 17754, 20889]"
110174,"[93914, 36383, 104693, 1449, 56083, 38090, 22829, 79426, 61755, 71217]"
110175,"[29371, 56940, 40350, 38160, 40590, 41220, 62769, 48305, 38862, 108580]"
110176,"[81261, 105038, 99978, 98052, 5564, 17544, 27285, 21921, 40919, 87945]"
110177,"[105615, 14809, 12115, 49184, 35715, 38413, 47339, 79189, 57669, 95322]"
110178,"[90095, 96479, 2393, 10673, 53446, 51003, 48406, 66856, 68001, 48286]"
110179,"[32182, 20915, 78392, 73742, 64481, 89973, 35770, 37141, 43317, 7701]"
110180,"[97407, 32941, 763, 72233, 11147, 52581, 9955, 46547, 1346, 107039]"
110181,"[102937, 80760, 12935, 44856, 14732, 51728, 10906, 27293, 61614, 185]"
110182,"[46047, 12073, 89244, 64174, 25497, 34600, 42727, 101876, 31324, 19191]"
110183,"[100933, 17752, 10620, 56913, 103112, 61992, 41884, 25968, 108686, 66531]"
110184,"[60392, 51376, 66555, 75872, 62510, 80292, 65012, 11145, 50350, 16678]"
110185,"[31944, 70870, 34239, 63463, 19574, 18165, 43385, 12273, 64226, 50376]"
110186,"[44848, 54734, 64771, 73592, 23512, 102736, 104405, 78802, 45300, 6591]"
110187,"[35537, 7918, 18540, 62014, 84913, 99436, 9211, 57939, 81532, 63403]"
110188,"[108983, 78922, 46745, 59595, 46182, 78066, 32797, 30885, 75322, 9503]"
110189,"[98671, 68020, 55177, 25908, 10256, 22350, 85179, 89386, 61141, 55751]"
110190,"[50469, 105993, 4304, 81438, 67465, 91147, 13347, 67768, 37617, 77688]"
110191,"[4177, 62819, 18525, 92640, 68671, 14800, 73269, 99528, 24407, 87908]"
110192,"[39396, 27932, 62619, 61514, 87703, 9934, 11033, 4161, 44717, 41546]"
110193,"[96499, 95945, 11675, 4418, 1093, 25105, 53451, 105721, 107841, 34754]"
110194,"[70721, 7938, 69810, 96559, 27182, 68188, 24902, 28995, 15351, 19501]"
110195,"[36686, 29311, 54769, 38392, 18708, 7729, 45812, 38481, 99661, 102276]"
110196,"[6138, 88598, 101803, 6576, 5853, 50069, 50174, 95442, 32409, 54563]"
110197,"[62601, 82905, 70549, 24276, 37661, 51736, 109439, 81127, 26074, 70078]"
110198,"[79074, 86486, 6040, 98962, 71914, 461, 63125, 9488, 43411, 41847]"
110199,"[81772, 81687, 71349, 102996, 68693, 45084, 29149, 97409, 84712, 105145]"
110200,"[26035, 17318, 7002, 24947, 94777, 52666, 41716, 32553, 76765, 13438]"
110201,"[69696, 107104, 69490, 96931, 39354, 32680, 40989, 66330, 85114, 40871]"
110202,"[43057, 35778, 11994, 35065, 78388, 15103, 4533, 33939, 10651, 89579]"
110203,"[57170, 99485, 7222, 35352, 69663, 31042, 9244, 26610, 28566, 76467]"
110204,"[106470, 75242, 76491, 101002, 103533, 61074, 66994, 10210, 28731, 65536]"
110205,"[100716, 15186, 63590, 63166, 6420, 94014, 107935, 86164, 92379, 561]"
110206,"[94761, 97549, 2674, 108683, 38998, 31528, 90023, 75300, 31340, 30158]"
110207,"[77187, 72502, 30206, 26064, 48049, 109334, 13159, 71620, 105781, 38494]"
110208,"[24060, 57039, 22609, 55115, 109260, 51371, 90155, 49750, 94562, 81798]"
110209,"[50150, 25769, 62180, 88256, 73335, 26752, 72592, 22819, 7804, 58972]"
110210,"[18098, 43964, 28061, 70458, 44788, 98293, 68549, 6485, 92882, 19610]"
110211,"[95441, 62637, 24582, 108426, 84360, 48492, 58630, 53012, 104760, 25372]"
110212,"[94019, 57316, 14164, 11574, 11190, 42807, 38281, 46227, 88682, 13713]"
110213,"[32845, 35768, 30322, 81679, 38706, 47198, 33353, 66801, 104839, 87883]"
110214,"[98156, 55734, 60252, 26429, 26899, 13030, 19683, 70530, 35275, 109679]"
110215,"[42855, 58689, 78532, 11789, 108635, 40629, 35426, 15473, 103868, 6206]"
110216,"[62730, 76735, 86161, 58243, 37896, 29376, 65939, 8385, 30406, 42515]"
110217,"[69583, 100332, 2557, 55276, 85174, 81447, 53373, 87603, 49235, 6346]"
110218,"[38760, 13854, 12683, 70713, 96892, 18763, 74416, 92912, 77654, 86717]"
110219,"[12640, 90508, 69347, 77138, 56844, 3056, 82214, 11824, 107434, 36733]"
110220,"[15949, 53827, 74699, 99979, 3376, 80000, 86725, 45143, 71587, 109226]"
110221,"[49744, 36975, 45252, 82802, 13351, 107754, 96317, 41622, 69730, 73974]"
110222,"[74564, 92558, 29165, 220, 28899, 48024, 66959, 37416, 101900, 74806]"
110223,"[12464, 79642, 15960, 49491, 106107, 65214, 80711, 32547, 94728, 25297]"
110224,"[46274, 30201, 32130, 14896, 30543, 89107, 44664, 71783, 90347, 62497]"
110225,"[13895, 98426, 77934, 41708, 63522, 39752, 4530, 42719, 51176, 19162]"
110226,"[45079, 2849, 20762, 2109, 49537, 92965, 4236, 67745, 14647, 12401]"
110227,"[22908, 75708, 1291, 104100, 59355, 79537, 26159, 87650, 102541, 36308]"
110228,"[69907, 18471, 32262, 91147, 55802, 61871, 108677, 7421, 82032, 47147]"
110229,"[70086, 18863, 27483, 60888, 88315, 4579, 11745, 89277, 55710, 7509]"
110230,"[9015, 35292, 109706, 30009, 105656, 89221, 6017, 52900, 10865, 54537]"
110231,"[57396, 97737, 15210, 36270, 60998, 20824, 89855, 26690, 102326, 82394]"
110232,"[12445, 6179, 2454, 25462, 99370, 76424, 51327, 16237, 82003, 109740]"
110233,"[53140, 81368, 34981, 71156, 45345, 5657, 58118, 81113, 102123, 28470]"
110234,"[4654, 57083, 102492, 58391, 68305, 105741, 96614, 76228, 95021, 103586]"
110235,"[9783, 37888, 26545, 11380, 24773, 64065, 25834, 3712, 102848, 31607]"
110236,"[37187, 56926, 21348, 40968, 43660, 29855, 33484, 70377, 104550, 66819]"
110237,"[63310, 71332, 78561, 35158, 98278, 38527, 33758, 76566, 16786, 71460]"
110238,"[58384, 34595, 78172, 100162, 74374, 84931, 29784, 39400, 25659, 51562]"
110239,"[92178, 16423, 16613, 84616, 17790, 37441, 108692, 3468, 13267, 41495]"
110240,"[4013, 34658, 86874, 43297, 20573, 107795, 107749, 94878, 109753, 38804]"
110241,"[14554, 33541, 13908, 84009, 87935, 3188, 91160, 39478, 72589, 25370]"
110242,"[91761, 41781, 11560, 37650, 41490, 9035, 5677, 54177, 85832, 87337]"
110243,"[89436, 12397, 13228, 105471, 100202, 106486, 71830, 67400, 65121, 97318]"
110244,"[81820, 107261, 82334, 3195, 106157, 80754, 101291, 101563, 5913, 32348]"
110245,"[50477, 68590, 109433, 23032, 47043, 44831, 42181, 43531, 70546, 22773]"
110246,"[90139, 73484, 96475, 57389, 20481, 67952, 90647, 100789, 14429, 72283]"
110247,"[62841, 67283, 8422, 93231, 40746, 58479, 86051, 80634, 102800, 108971]"
110248,"[53869, 32185, 98085, 17063, 92051, 95257, 66450, 30961, 60742, 9757]"
110249,"[24672, 81608, 32342, 7371, 19935, 80911, 90991, 85002, 101535, 91372]"
110250,"[79537, 17070, 65179, 22908, 26159, 1291, 104100, 36308, 2456, 30710]"
110251,"[57546, 102958, 37601, 100515, 71626, 44778, 34675, 79197, 9008, 85913]"
110252,"[49069, 7989, 92929, 100462, 28768, 83510, 27291, 40298, 8957, 106457]"
110253,"[46934, 85544, 23018, 9436, 65819, 71089, 14017, 73953, 27100, 28634]"
110254,"[10324, 33398, 95788, 25835, 34201, 79476, 95604, 32493, 4938, 61538]"
110255,"[41900, 83723, 24459, 60411, 76305, 19947, 9274, 3964, 86237, 85361]"
110256,"[95159, 88687, 712, 43357, 90848, 95917, 66146, 94515, 59174, 17677]"
110257,"[41938, 86032, 20640, 107420, 70665, 97009, 4626, 77749, 103809, 72226]"
110258,"[37145, 69454, 31523, 35360, 69694, 87062, 57510, 2755, 42903, 43434]"
110259,"[11074, 43488, 61146, 61559, 49028, 33289, 6934, 1480, 79515, 100632]"
110260,"[95436, 94048, 19040, 94042, 4093, 92423, 72722, 4644, 53080, 91043]"
110261,"[66881, 44161, 17462, 15007, 26943, 12365, 47526, 22804, 81337, 6655]"
110262,"[89247, 93758, 47708, 5892, 6874, 56283, 4379, 97837, 67594, 46245]"
110263,"[102724, 91179, 32447, 28481, 48569, 63634, 67126, 105199, 40705, 17727]"
110264,"[31638, 69898, 79204, 2527, 22511, 54476, 346, 79038, 50899, 107311]"
110265,"[43678, 44942, 67997, 14, 82461, 62127, 66794, 37162, 22325, 71510]"
110266,"[6977, 73115, 72383, 95727, 20699, 15210, 51282, 10416, 62449, 72344]"
110267,"[66575, 92990, 36967, 77583, 69505, 45351, 89205, 38333, 105958, 78450]"
110268,"[15275, 3287, 24464, 94948, 108592, 82037, 70996, 77290, 53051, 5969]"
110269,"[90396, 99757, 14084, 2658, 85146, 19096, 87848, 13722, 44321, 86022]"
110270,"[86948, 94017, 88296, 58965, 19046, 39253, 102753, 91934, 32197, 54637]"
110271,"[29236, 84468, 95249, 46725, 21155, 23797, 56101, 23267, 73508, 96096]"
110272,"[20810, 104017, 104196, 94325, 28608, 69881, 77718, 43060, 28732, 91212]"
110273,"[6774, 24897, 13567, 50083, 108759, 6452, 102269, 58799, 19811, 77111]"
110274,"[21172, 43215, 41005, 80949, 2067, 83259, 9236, 100196, 62021, 68545]"
110275,"[71158, 6461, 4729, 11094, 23129, 38468, 60041, 42502, 29339, 42138]"
110276,"[45954, 61444, 9696, 21746, 100178, 84382, 97683, 86745, 87316, 2185]"
110277,"[35233, 93454, 34080, 101757, 74366, 104743, 2833, 17640, 29118, 86462]"
110278,"[51932, 15062, 50708, 69880, 46109, 15595, 82399, 30791, 28451, 93724]"
110279,"[102094, 8858, 81942, 108685, 55541, 20569, 48676, 49784, 34998, 105986]"
110280,"[96358, 46132, 3333, 64432, 50486, 56525, 101275, 80595, 8188, 47744]"
110281,"[58558, 52873, 108163, 107476, 91392, 81905, 71112, 98316, 41471, 1564]"
110282,"[43857, 38151, 86735, 88042, 35950, 85671, 53688, 70860, 23381, 71902]"
110283,"[91997, 46414, 47225, 106071, 87818, 102313, 31583, 109065, 27677, 81501]"
110284,"[81691, 25248, 4646, 25502, 39674, 44347, 37878, 86449, 15076, 56086]"
110285,"[77918, 84319, 21516, 49709, 37637, 18339, 74404, 98687, 23281, 85923]"
110286,"[98602, 42010, 65224, 74868, 57516, 30257, 27607, 94120, 50881, 73627]"
110287,"[101276, 82923, 11907, 54921, 62229, 83210, 6860, 95586, 85603, 79921]"
110288,"[14399, 2929, 7014, 20842, 80993, 29449, 103628, 8630, 92838, 26561]"
110289,"[17632, 95551, 65056, 69445, 94965, 97967, 85519, 25218, 55221, 106496]"
110290,"[54931, 102437, 89990, 37494, 34596, 86749, 40391, 97821, 82478, 1849]"
110291,"[101193, 108629, 104375, 78437, 40849, 53499, 80080, 104602, 106462, 62222]"
110292,"[66658, 46120, 8776, 50177, 76772, 94704, 24348, 3460, 81106, 86235]"
110293,"[37689, 105402, 35408, 33068, 97137, 24026, 60467, 91585, 41346, 94558]"
110294,"[85843, 91552, 11595, 79792, 44417, 34240, 106203, 38470, 98131, 35700]"
110295,"[77747, 14031, 100463, 6752, 37943, 30579, 87729, 55411, 99069, 63114]"
110296,"[66363, 83034, 58873, 40146, 9878, 73053, 1209, 6761, 57606, 88545]"
110297,"[83713, 34338, 54060, 32044, 8275, 77269, 20562, 11885, 81551, 79168]"
110298,"[85584, 5581, 93421, 924, 74840, 304, 70115, 8212, 81957, 2933]"
110299,"[36775, 103936, 14342, 48727, 81786, 101018, 101134, 35479, 60502, 4965]"
110300,"[61688, 74456, 65088, 105688, 46749, 61835, 80191, 97948, 89167, 76823]"
110301,"[64371, 51245, 57681, 88822, 45892, 85974, 65628, 90338, 38499, 91489]"
110302,"[54862, 21357, 47823, 102710, 26550, 69584, 99, 106736, 20962, 48441]"
110303,"[21606, 86642, 65681, 8446, 70150, 28802, 75599, 86503, 30939, 108300]"
110304,"[83666, 7987, 97562, 95207, 52438, 64842, 12490, 74367, 107644, 56010]"
110305,"[11456, 6453, 29879, 6747, 85921, 26887, 30265, 4782, 57735, 95241]"
110306,"[100563, 56132, 78178, 62145, 78739, 18807, 53931, 92648, 25346, 107077]"
110307,"[20872, 95488, 7500, 22021, 75114, 11639, 57971, 41383, 15119, 29184]"
110308,"[58253, 66157, 25219, 55062, 31582, 61920, 1204, 91986, 57260, 8943]"
110309,"[40104, 92726, 2146, 38324, 79625, 78037, 93683, 96119, 35883, 5100]"
110310,"[106668, 13252, 28600, 29648, 32656, 32977, 81379, 103970, 73216, 4680]"
110311,"[40730, 58242, 49265, 36967, 7172, 69062, 28455, 82198, 67926, 54113]"
110312,"[33892, 86448, 65945, 13585, 92140, 80089, 104900, 83363, 30420, 65160]"
110313,"[65148, 64731, 9297, 9737, 18791, 8451, 100372, 101282, 35123, 66074]"
110314,"[91171, 17085, 10020, 80832, 15699, 57895, 81891, 24324, 90166, 106944]"
110315,"[106659, 37868, 35363, 43557, 17103, 30810, 62898, 84584, 46124, 43068]"
110316,"[80632, 51458, 63107, 85574, 84788, 92465, 50087, 53624, 6182, 17170]"
110317,"[62555, 42874, 80940, 89289, 90515, 81830, 88482, 25432, 8652, 67713]"
110318,"[51059, 106208, 5006, 53663, 23848, 84449, 84017, 60422, 8655, 53439]"
110319,"[95147, 109032, 22369, 62588, 16238, 91207, 30395, 101541, 97375, 74393]"
110320,"[9612, 61673, 83700, 2519, 90035, 45017, 97203, 44284, 104233, 90464]"
110321,"[59419, 80703, 15570, 11066, 2016, 74682, 83231, 47775, 12769, 105082]"
110322,"[70983, 75875, 29295, 103998, 95118, 102332, 24894, 15021, 18696, 53805]"
110323,"[8910, 11052, 79830, 97548, 72955, 36185, 95425, 100587, 93640, 71690]"
110324,"[77101, 106194, 20007, 9222, 869, 75779, 91180, 43967, 75214, 93967]"
110325,"[11173, 65357, 95149, 46707, 36142, 20455, 56437, 106832, 78923, 63797]"
110326,"[21401, 70328, 54771, 81617, 15410, 52769, 788, 36084, 75793, 108825]"
110327,"[19348, 35568, 54088, 20412, 63059, 13077, 39208, 51436, 90346, 36317]"
110328,"[74371, 101485, 88115, 51733, 98632, 76258, 87950, 99281, 80033, 45304]"
110329,"[9563, 89083, 25970, 82139, 59522, 18381, 26075, 39852, 17218, 19567]"
110330,"[45598, 65753, 26370, 33666, 103799, 35352, 69663, 9695, 90918, 5014]"
110331,"[37407, 35730, 7577, 32096, 54339, 11503, 11956, 30665, 32848, 23350]"
110332,"[54928, 73806, 30566, 66648, 50810, 723, 66640, 52036, 22554, 50908]"
110333,"[49726, 28111, 20799, 107920, 24811, 9115, 58588, 79740, 93969, 58252]"
110334,"[72791, 7680, 7777, 99447, 18998, 4432, 37186, 63726, 64397, 52711]"
110335,"[14436, 15803, 108117, 31239, 72763, 13878, 90570, 93638, 90791, 70181]"
110336,"[71043, 84278, 73098, 65170, 87535, 81211, 11879, 10610, 62020, 26668]"
110337,"[75086, 28311, 30789, 8303, 57209, 39037, 99384, 85404, 51860, 29420]"
110338,"[103887, 57886, 16652, 8093, 52573, 71995, 109534, 77841, 75706, 15675]"
110339,"[67626, 105490, 97573, 14167, 40377, 37109, 36257, 63413, 84305, 2752]"
110340,"[48780, 6128, 75098, 33528, 40424, 89472, 53151, 5253, 27983, 23404]"
110341,"[62331, 91355, 10432, 41330, 109454, 19188, 14420, 52941, 84549, 51503]"
110342,"[19329, 75316, 980, 54697, 62557, 40103, 13193, 54168, 81739, 41027]"
110343,"[82707, 104679, 95287, 7255, 25717, 82954, 28962, 64990, 32121, 51800]"
110344,"[18556, 44818, 44857, 43851, 85650, 61881, 25620, 55587, 25537, 9986]"
110345,"[36990, 21083, 59408, 67444, 32828, 1434, 62717, 22902, 66163, 57385]"
110346,"[101311, 59161, 89462, 1795, 5587, 1073, 87684, 27959, 67108, 84083]"
110347,"[49273, 33364, 67464, 23923, 20404, 14518, 46799, 33885, 48936, 7956]"
110348,"[13108, 86391, 79499, 93631, 89300, 80050, 108866, 36629, 48025, 60120]"
110349,"[93642, 53845, 39083, 107411, 100346, 365, 12556, 43417, 91211, 85702]"
110350,"[8166, 79222, 13202, 76477, 76608, 80586, 83835, 3539, 52599, 19416]"
110351,"[31272, 35384, 108641, 16639, 106006, 67606, 56422, 22434, 40608, 67026]"
110352,"[91957, 93452, 87931, 25736, 99584, 72849, 82010, 81584, 94158, 44728]"
110353,"[50505, 68969, 48209, 99748, 40609, 27067, 50909, 101185, 70449, 8761]"
110354,"[28795, 71142, 53503, 32903, 17695, 92051, 95257, 10106, 81438, 67465]"
110355,"[72062, 35911, 100940, 59555, 62002, 76370, 73784, 98312, 17944, 53995]"
110356,"[36926, 33377, 80877, 38523, 87940, 14659, 59848, 89571, 87770, 30841]"
110357,"[94279, 77554, 36682, 104458, 8869, 58957, 57943, 84830, 17620, 91583]"
110358,"[68824, 90809, 92678, 45234, 20574, 29540, 76361, 49284, 8572, 8490]"
110359,"[3007, 33437, 87790, 43244, 52293, 10563, 245, 96962, 30327, 17372]"
110360,"[13571, 101059, 20519, 98566, 56200, 2353, 65462, 47123, 75176, 81773]"
110361,"[32619, 49592, 1339, 41492, 23708, 86242, 98493, 73977, 88107, 101711]"
110362,"[106498, 77647, 7031, 94273, 30350, 43947, 81507, 104957, 16264, 95117]"
110363,"[49239, 84688, 34649, 31485, 2533, 99030, 17035, 45275, 88093, 5846]"
110364,"[30275, 50733, 70951, 40599, 48914, 171, 11445, 104379, 118, 1303]"
110365,"[9709, 91310, 62465, 48208, 23247, 96480, 71549, 22039, 11236, 58633]"
110366,"[53008, 70297, 85337, 61695, 106917, 31937, 93357, 11297, 109525, 80954]"
110367,"[84839, 15447, 71681, 77233, 32416, 71869, 14485, 21030, 104687, 14765]"
110368,"[44226, 42957, 108482, 63572, 91040, 7367, 108309, 105211, 68711, 98006]"
110369,"[78229, 82592, 52180, 67170, 27243, 64959, 15020, 56314, 77638, 108892]"
110370,"[9957, 13618, 103171, 27958, 90348, 26474, 42272, 86638, 15208, 16356]"
110371,"[39682, 17251, 41467, 34398, 97377, 68466, 77051, 54690, 54138, 9835]"
110372,"[50238, 32420, 34344, 89634, 17152, 34355, 106553, 54877, 57644, 19747]"
110373,"[37178, 70891, 12072, 93703, 97482, 18600, 93663, 97644, 65463, 20835]"
110374,"[56524, 78407, 5021, 72921, 83714, 85273, 29333, 42735, 21541, 45732]"
110375,"[68267, 36367, 16471, 36109, 41812, 45335, 1085, 96445, 15917, 21616]"
110376,"[85705, 105358, 18724, 28131, 59399, 13333, 26677, 7898, 39992, 108347]"
110377,"[28977, 101987, 49532, 107534, 20379, 97997, 67220, 63708, 92424, 86445]"
110378,"[26543, 15679, 109240, 71009, 58614, 62428, 87949, 55423, 34348, 11446]"
110379,"[7264, 3553, 71972, 95304, 37522, 48686, 62942, 75750, 45867, 35917]"
110380,"[83028, 11426, 90532, 108291, 24064, 99644, 14197, 8361, 42866, 89233]"
110381,"[14457, 22616, 77417, 89972, 10650, 54048, 92154, 104261, 62736, 66118]"
110382,"[11519, 40091, 76762, 51627, 16019, 109748, 15347, 10751, 81546, 91488]"
110383,"[56051, 48686, 104060, 30306, 62942, 79626, 85192, 46054, 37522, 12719]"
110384,"[59442, 145, 65083, 8560, 73474, 89529, 41218, 4954, 89285, 92378]"
110385,"[103067, 100671, 72028, 38590, 46772, 21977, 77551, 22089, 54712, 83860]"
110386,"[78032, 79782, 45707, 80618, 31351, 104908, 55428, 97749, 32359, 43371]"
110387,"[48124, 56844, 79682, 19730, 96903, 87836, 20871, 67113, 76152, 54970]"
110388,"[28103, 29361, 6335, 22499, 101900, 31390, 64844, 97373, 58047, 37416]"
110389,"[18886, 18475, 38713, 94703, 6336, 37955, 83203, 92797, 39997, 34885]"
110390,"[5241, 83544, 46592, 64424, 68287, 26857, 57062, 59322, 68521, 98640]"
110391,"[85141, 19740, 107504, 7380, 15552, 104529, 23103, 23311, 66980, 40497]"
110392,"[61088, 68552, 99063, 61238, 106039, 64839, 59251, 45438, 3052, 83209]"
110393,"[97935, 905, 99997, 11411, 88812, 81810, 44500, 57642, 85796, 76739]"
110394,"[19513, 103190, 7198, 92674, 37326, 56285, 79269, 10743, 31170, 76510]"
110395,"[15415, 79079, 86291, 76369, 75699, 13280, 54188, 75319, 3961, 4645]"
110396,"[74670, 22532, 51501, 73151, 20253, 95783, 31269, 50294, 69691, 4291]"
110397,"[86996, 68965, 76506, 101579, 13368, 35659, 28968, 5363, 82316, 25700]"
110398,"[7659, 21799, 13134, 20126, 34720, 37503, 52391, 24460, 3536, 35463]"
110399,"[63356, 87522, 97018, 57622, 1364, 70489, 43599, 32156, 49873, 79332]"
110400,"[34338, 84443, 81260, 8275, 87583, 58220, 76390, 40050, 7645, 77707]"
110401,"[6253, 50818, 96027, 84226, 24300, 47918, 71776, 106437, 97558, 16175]"
110402,"[70835, 103637, 38083, 107055, 102623, 29774, 65503, 17406, 40518, 24861]"
110403,"[102041, 26588, 68014, 64758, 15693, 109496, 42761, 78093, 57527, 85140]"
110404,"[30456, 67325, 50941, 106439, 68959, 46267, 74652, 75202, 29557, 30675]"
110405,"[88114, 16125, 29619, 81216, 35856, 79203, 45641, 12467, 106311, 66709]"
110406,"[99089, 60847, 104559, 74782, 94218, 80376, 7948, 64594, 6759, 53380]"
110407,"[87448, 74640, 85303, 107637, 77498, 105892, 98943, 57551, 50996, 63780]"
110408,"[41927, 78694, 76684, 48586, 33753, 26913, 39933, 61348, 50787, 51741]"
110409,"[22715, 37138, 68819, 21247, 67141, 85114, 40989, 96931, 107965, 100228]"
110410,"[103246, 58924, 3878, 18867, 66336, 23528, 36104, 52134, 106366, 342]"
110411,"[94580, 95691, 91193, 95098, 74712, 3432, 65624, 80818, 106052, 65484]"
110412,"[46045, 81377, 88964, 70411, 97398, 52996, 36855, 92765, 54982, 74050]"
110413,"[8446, 86642, 68754, 21606, 70150, 28802, 8109, 65681, 89927, 64087]"
110414,"[69159, 2545, 29062, 95050, 41924, 3724, 51345, 53627, 38642, 70163]"
110415,"[79639, 64036, 14101, 84084, 55997, 79167, 62903, 87078, 87520, 82924]"
110416,"[20024, 28270, 20525, 709, 2629, 72759, 42104, 16650, 34054, 5572]"
110417,"[51804, 99390, 2594, 72154, 105579, 31800, 105419, 71882, 2693, 21703]"
110418,"[66532, 68545, 37386, 51154, 33023, 85304, 74805, 10116, 109506, 85771]"
110419,"[12431, 57132, 58296, 102662, 3851, 83681, 85210, 84195, 10552, 96904]"
110420,"[98268, 34341, 108860, 46064, 67680, 72489, 73087, 69805, 34971, 15332]"
110421,"[26183, 95812, 24727, 93241, 19359, 91611, 96430, 30917, 22008, 9484]"
110422,"[93710, 89468, 47162, 4012, 87299, 75894, 46375, 109467, 33025, 66923]"
110423,"[60097, 66501, 107086, 4317, 16917, 642, 108967, 67889, 43155, 108964]"
110424,"[44058, 73026, 87797, 97358, 7630, 52630, 61298, 79007, 29959, 78851]"
110425,"[53560, 65071, 39439, 105350, 42771, 15244, 63765, 70927, 20257, 29660]"
110426,"[88443, 45321, 61193, 39730, 30062, 3150, 6173, 3054, 54709, 10384]"
110427,"[86058, 84955, 34743, 27569, 60146, 16326, 18855, 27513, 70570, 4034]"
110428,"[44106, 79438, 81438, 84693, 29453, 8793, 63437, 65423, 41173, 67465]"
110429,"[90279, 34755, 49646, 44951, 15734, 86829, 45589, 101363, 68019, 97944]"
110430,"[84808, 15980, 8351, 4111, 102053, 104634, 43737, 9437, 23086, 3018]"
110431,"[1128, 32142, 27994, 98506, 59100, 80892, 86902, 44751, 25138, 106783]"
110432,"[40830, 75879, 74023, 47268, 104632, 22577, 6329, 76405, 84123, 16276]"
110433,"[61924, 76539, 59898, 36522, 37389, 28394, 45151, 9880, 32026, 30497]"
110434,"[64917, 13891, 90757, 98048, 51896, 49188, 39461, 75987, 109741, 105314]"
110435,"[96492, 22370, 42896, 77616, 104368, 104971, 50372, 60874, 23126, 32035]"
110436,"[108360, 27054, 98611, 40635, 21109, 16341, 74923, 73295, 59538, 77913]"
110437,"[48116, 48688, 80074, 2415, 14792, 104465, 27850, 90911, 42190, 26426]"
110438,"[60590, 50914, 28689, 39671, 1689, 105954, 17034, 56350, 104692, 76994]"
110439,"[39030, 9494, 84297, 8546, 73827, 85677, 99818, 93966, 8300, 2926]"
110440,"[53833, 22222, 104728, 79995, 96158, 50593, 18326, 88963, 83375, 98565]"
110441,"[35547, 13800, 108498, 71844, 31181, 50471, 44392, 11996, 86044, 99248]"
110442,"[76691, 70322, 62675, 3043, 9433, 48126, 27164, 90202, 108356, 44007]"
110443,"[72035, 72481, 14894, 51118, 35906, 87591, 40869, 40967, 66989, 11782]"
110444,"[43765, 80284, 99987, 21607, 59045, 38690, 41617, 103804, 508, 3570]"
110445,"[37062, 24706, 78004, 34722, 50026, 14686, 3203, 1912, 33778, 54741]"
110446,"[24708, 31179, 77680, 42853, 93760, 31782, 582, 35299, 40549, 102282]"
110447,"[39129, 61031, 105252, 1235, 75843, 73217, 107234, 43524, 46222, 21510]"
110448,"[93901, 44363, 26555, 18320, 11294, 2671, 87209, 84427, 82201, 105670]"
110449,"[50059, 912, 14236, 13449, 7137, 64853, 82044, 75637, 105765, 29332]"
110450,"[60784, 25688, 90010, 64298, 75335, 65109, 80834, 92149, 50522, 89380]"
110451,"[33972, 82417, 35184, 78837, 43056, 89297, 27374, 15305, 73743, 99112]"
110452,"[64735, 71923, 8066, 4296, 44316, 46585, 63179, 102188, 27889, 85815]"
110453,"[84235, 27116, 33245, 95671, 18694, 44989, 105356, 68998, 39618, 84686]"
110454,"[3483, 32280, 12370, 59062, 34979, 21111, 93371, 3594, 94960, 42650]"
110455,"[42216, 90700, 18536, 60971, 7448, 47303, 48726, 19954, 72483, 2677]"
110456,"[41751, 87116, 25804, 84944, 81226, 4140, 44072, 49962, 47849, 98691]"
110457,"[76356, 94773, 106040, 2031, 77489, 87911, 48265, 81323, 37056, 108384]"
110458,"[10882, 18169, 9388, 88846, 72043, 96923, 65439, 22611, 105824, 103986]"
110459,"[7447, 97940, 68609, 21624, 240, 17137, 50234, 16857, 91548, 45445]"
110460,"[48535, 18157, 16057, 67169, 11100, 7761, 57579, 41007, 56583, 99197]"
110461,"[33172, 7188, 35873, 22586, 54845, 4633, 25721, 9680, 56522, 926]"
110462,"[63965, 84118, 4653, 8018, 53408, 14752, 86484, 36034, 80594, 62050]"
110463,"[18078, 61950, 41950, 75616, 12035, 33820, 13559, 82473, 86490, 45834]"
110464,"[78084, 61945, 59331, 16283, 75047, 77884, 28778, 11330, 70645, 53609]"
110465,"[2757, 108590, 55217, 79505, 20531, 55165, 28223, 35097, 81916, 74745]"
110466,"[81935, 81063, 45782, 47334, 29917, 82048, 5246, 3697, 13290, 26541]"
110467,"[97681, 104637, 61413, 41162, 12408, 103075, 19601, 82465, 92830, 47442]"
110468,"[52054, 18026, 89135, 73817, 100473, 21350, 67306, 49166, 73189, 32980]"
110469,"[77990, 22533, 45345, 68527, 80337, 102123, 64007, 86871, 53452, 53140]"
110470,"[50843, 88210, 7181, 27056, 31457, 52469, 93279, 5042, 83523, 86233]"
110471,"[63024, 37109, 36257, 13365, 46618, 22303, 9501, 107279, 105490, 38456]"
110472,"[44946, 47417, 14734, 50194, 77764, 4774, 34920, 61258, 14055, 17901]"
110473,"[77397, 26178, 66195, 88208, 32774, 37009, 76637, 87270, 48908, 56718]"
110474,"[22877, 87677, 65857, 79546, 100790, 69212, 51163, 53841, 96631, 4008]"
110475,"[5686, 85905, 81652, 77025, 22458, 10389, 26651, 2283, 104483, 63591]"
110476,"[47385, 68157, 8207, 52189, 41186, 23329, 8947, 37008, 15216, 53668]"
110477,"[10074, 31296, 69368, 17938, 18543, 88477, 58872, 95754, 10769, 33571]"
110478,"[64792, 90327, 42499, 63227, 73448, 67862, 107881, 31531, 1408, 45199]"
110479,"[84591, 83999, 67576, 70258, 31008, 104229, 28588, 35429, 46880, 40277]"
110480,"[1817, 99070, 85045, 46244, 34960, 23355, 98576, 101707, 8039, 57084]"
110481,"[95397, 36766, 26907, 64798, 82187, 31449, 91557, 31994, 85496, 101241]"
110482,"[26384, 39145, 49523, 54911, 105626, 106629, 73294, 69225, 6005, 100823]"
110483,"[76395, 88443, 59119, 45321, 89170, 30062, 6173, 3150, 4217, 3054]"
110484,"[23221, 10927, 21117, 26073, 13416, 67193, 81499, 17912, 57646, 8488]"
110485,"[7983, 56091, 44166, 101280, 62182, 7203, 48128, 32771, 78385, 17348]"
110486,"[66096, 103750, 31910, 57709, 69500, 41139, 5681, 49924, 71457, 47286]"
110487,"[58595, 35361, 19639, 33746, 13078, 51385, 60382, 79962, 75840, 2620]"
110488,"[55143, 23034, 33888, 26587, 62358, 54684, 4101, 91613, 43883, 105870]"
110489,"[77856, 57076, 49039, 73932, 60031, 104530, 3459, 62300, 99836, 64226]"
110490,"[60865, 16853, 98929, 107466, 105576, 35711, 4721, 35569, 47196, 86820]"
110491,"[74528, 92504, 52070, 87906, 17771, 94777, 44062, 49370, 4297, 20383]"
110492,"[29291, 34595, 97901, 96346, 69026, 78172, 33746, 60484, 66462, 21035]"
110493,"[213, 67463, 31587, 44065, 29661, 38428, 3439, 106818, 61180, 55396]"
110494,"[55058, 42068, 13704, 10478, 78024, 63183, 32838, 23648, 57633, 1210]"
110495,"[81572, 53471, 103506, 31393, 15594, 11501, 102518, 103503, 53046, 65872]"
110496,"[40181, 405, 3822, 83902, 105831, 108340, 67187, 89146, 87192, 67689]"
110497,"[73731, 24044, 21053, 15171, 108597, 24097, 84948, 77423, 67736, 68344]"
110498,"[35820, 32395, 22704, 80496, 174, 81732, 52298, 49130, 79192, 897]"
110499,"[86959, 44589, 39898, 28189, 56146, 87724, 69745, 56471, 35909, 76436]"
110500,"[104022, 46846, 46814, 7559, 63273, 103355, 45331, 34785, 62360, 23440]"
110501,"[77646, 78126, 85698, 49335, 99108, 61930, 5305, 86621, 12382, 97147]"
110502,"[42566, 48131, 71991, 72331, 49033, 26716, 37519, 100674, 69685, 92719]"
110503,"[21449, 1712, 62768, 67959, 65703, 94874, 30707, 74744, 50749, 9693]"
110504,"[2389, 77423, 97412, 49269, 57533, 93955, 619, 70224, 11058, 6429]"
110505,"[9004, 79468, 36214, 4629, 54655, 93000, 3859, 16877, 14606, 81555]"
110506,"[34840, 18709, 1007, 82211, 58969, 80164, 60010, 58356, 104915, 39825]"
110507,"[59197, 53450, 25680, 8794, 103963, 98859, 35240, 87569, 31128, 88703]"
110508,"[16142, 11380, 25834, 3712, 54212, 37761, 98552, 55038, 86183, 81569]"
110509,"[78837, 43056, 82417, 35184, 33972, 43761, 93788, 20524, 99112, 104996]"
110510,"[61003, 44591, 35682, 54629, 31073, 31777, 20965, 37295, 18995, 12442]"
110511,"[49483, 73980, 95033, 26060, 18448, 51401, 45143, 68841, 86329, 20389]"
110512,"[106051, 95625, 57226, 43692, 62154, 88446, 12155, 16622, 7912, 68075]"
110513,"[28219, 19133, 94779, 63507, 36994, 103620, 13440, 27795, 15197, 15916]"
110514,"[67081, 36533, 38720, 45701, 75437, 57387, 96887, 57135, 93474, 103110]"
110515,"[22144, 70340, 43282, 84577, 69528, 106554, 57176, 83006, 27117, 32451]"
110516,"[79433, 65875, 101210, 19444, 31171, 95163, 33960, 14702, 93824, 29681]"
110517,"[42477, 88328, 56756, 1365, 39452, 72744, 53230, 83757, 22783, 101030]"
110518,"[49864, 103873, 20771, 66824, 39837, 58236, 94513, 21076, 45581, 32912]"
110519,"[74762, 29740, 60736, 83294, 95848, 85064, 90022, 86801, 39830, 108647]"
110520,"[55522, 75668, 18139, 11952, 9603, 15580, 32900, 9038, 37029, 30896]"
110521,"[12332, 10708, 19247, 80283, 34871, 35095, 9531, 104944, 48143, 50103]"
110522,"[52943, 71512, 90504, 35044, 105631, 45789, 19442, 2489, 100201, 247]"
110523,"[58679, 8634, 104398, 92315, 64554, 54745, 54322, 77664, 84471, 23665]"
110524,"[76178, 103192, 38513, 62632, 87509, 66442, 52396, 15313, 23797, 4513]"
110525,"[8887, 15467, 90327, 31531, 107881, 61303, 64923, 45199, 4559, 9947]"
110526,"[27687, 97665, 69539, 4216, 81616, 22219, 28079, 106606, 29153, 16994]"
110527,"[97282, 33713, 89360, 10526, 38450, 57528, 30640, 67903, 80562, 87767]"
110528,"[84208, 80411, 17323, 22582, 38081, 32952, 107230, 36757, 10426, 64400]"
110529,"[100236, 105035, 781, 66471, 106508, 91242, 64773, 23354, 29468, 95597]"
110530,"[33402, 70841, 15694, 59459, 47061, 4178, 94529, 52491, 49070, 12074]"
110531,"[27410, 63937, 44738, 7842, 75, 44601, 78325, 89088, 84128, 35527]"
110532,"[67111, 67909, 16047, 22203, 45720, 56102, 25112, 33751, 82011, 1779]"
110533,"[53738, 102498, 81119, 106278, 44060, 42120, 45690, 16365, 50902, 24679]"
110534,"[77138, 62067, 20871, 66151, 103781, 47292, 65299, 20097, 23924, 56337]"
110535,"[54615, 39084, 93577, 25369, 5245, 94669, 31827, 16348, 83777, 36729]"
110536,"[100471, 54815, 106000, 36757, 104569, 73870, 18731, 9879, 59780, 7343]"
110537,"[41751, 84944, 81226, 44072, 49962, 87116, 38453, 47849, 98691, 72326]"
110538,"[36998, 22076, 59297, 72, 38099, 95648, 90181, 46184, 98757, 5294]"
110539,"[37347, 29628, 70378, 108905, 71195, 59618, 75377, 32541, 26343, 43923]"
110540,"[89747, 64332, 107499, 41191, 101268, 16590, 75685, 33619, 20061, 86143]"
110541,"[104808, 72391, 82063, 99715, 105931, 68008, 60287, 11677, 35827, 27936]"
110542,"[52167, 41761, 247, 100017, 86606, 1337, 85395, 64723, 81218, 45789]"
110543,"[66675, 31013, 71869, 48251, 74156, 104069, 65829, 103652, 109611, 102829]"
110544,"[55683, 35048, 8790, 1413, 14005, 61140, 69480, 57392, 14580, 43993]"
110545,"[64982, 16319, 60672, 51937, 27147, 18581, 37726, 11693, 25784, 26379]"
110546,"[29550, 99882, 39133, 61167, 22687, 106305, 83662, 4005, 32458, 5113]"
110547,"[34558, 86087, 96525, 90020, 75178, 78579, 71603, 63253, 105384, 59182]"
110548,"[10616, 64209, 104061, 97479, 6793, 16507, 60191, 17196, 68706, 63652]"
110549,"[20076, 75422, 42909, 107137, 78594, 66174, 76640, 58506, 67755, 9172]"
110550,"[91964, 19780, 50685, 49145, 65147, 15863, 104170, 32820, 82732, 103822]"
110551,"[45385, 84007, 88702, 9542, 90273, 11111, 14320, 9798, 60770, 3191]"
110552,"[65988, 86906, 97444, 77183, 32713, 37746, 67131, 33221, 56906, 23566]"
110553,"[706, 99349, 4798, 30736, 28811, 22630, 57826, 41956, 80625, 54422]"
110554,"[34251, 48672, 94658, 20026, 11461, 81827, 14243, 30735, 4729, 34516]"
110555,"[98964, 8718, 51279, 1580, 47203, 55512, 6125, 53145, 78521, 16345]"
110556,"[59696, 108171, 21374, 102888, 64455, 66544, 4134, 699, 23463, 32960]"
110557,"[4303, 81219, 81738, 27158, 89755, 18030, 69571, 108639, 48748, 37821]"
110558,"[41188, 39483, 1685, 64976, 33341, 36551, 1416, 27112, 66234, 87099]"
110559,"[98929, 107466, 35711, 36204, 104259, 31243, 22983, 15165, 42910, 46775]"
110560,"[8710, 16166, 56374, 34163, 49653, 60843, 68272, 62862, 98219, 26189]"
110561,"[55252, 80715, 55878, 80637, 60756, 89334, 21813, 19450, 107460, 58949]"
110562,"[50529, 18489, 46570, 1012, 73027, 73978, 72212, 68176, 94786, 71357]"
110563,"[67560, 20196, 34461, 23524, 65200, 36613, 94775, 55951, 105909, 47424]"
110564,"[101119, 93697, 92294, 10425, 88742, 13668, 14188, 70531, 85978, 88250]"
110565,"[3475, 17454, 74756, 69778, 80343, 5222, 21337, 36513, 42021, 23675]"
110566,"[96627, 74927, 64783, 40737, 37194, 14700, 19351, 74662, 25471, 55440]"
110567,"[84523, 61673, 8403, 96030, 12761, 37159, 962, 57927, 58923, 73616]"
110568,"[10445, 44028, 54642, 105027, 105809, 85210, 73414, 12823, 75661, 29409]"
110569,"[78926, 56603, 58787, 41823, 43044, 80169, 8971, 106695, 32269, 35594]"
110570,"[8551, 109086, 29661, 78131, 104731, 109121, 26125, 44065, 61180, 89364]"
110571,"[96986, 47710, 105139, 31254, 810, 3057, 11028, 69305, 89662, 42123]"
110572,"[94246, 89110, 45003, 77403, 40448, 52204, 102441, 99701, 32109, 59619]"
110573,"[2009, 53463, 100858, 66913, 3484, 8854, 25299, 35705, 47093, 4610]"
110574,"[31720, 77684, 45772, 79861, 22628, 24650, 71693, 24072, 12393, 64021]"
110575,"[38432, 59873, 20492, 27007, 63326, 13298, 12221, 55730, 74748, 98166]"
110576,"[39181, 49322, 10379, 44903, 48783, 65284, 102655, 103471, 4955, 100269]"
110577,"[15798, 53218, 80645, 2959, 77206, 76586, 43380, 56486, 57982, 34814]"
110578,"[75536, 67932, 49944, 25051, 73267, 81987, 33111, 29852, 65494, 42626]"
110579,"[67222, 43994, 50953, 94082, 79570, 26908, 101189, 89336, 29170, 56355]"
110580,"[76835, 41971, 2238, 68013, 49505, 87862, 34598, 93361, 77119, 82380]"
110581,"[8958, 40913, 38325, 94949, 73518, 7318, 54751, 2934, 49318, 107911]"
110582,"[27076, 70392, 62483, 99481, 79509, 13348, 87886, 9154, 26705, 1963]"
110583,"[71846, 79661, 60318, 86081, 100165, 2547, 76625, 36941, 103674, 74567]"
110584,"[89320, 37729, 96911, 66495, 76043, 10675, 84791, 96944, 31350, 56619]"
110585,"[106928, 65758, 91690, 2968, 24099, 75980, 99451, 24708, 16559, 39198]"
110586,"[34705, 62776, 38882, 86626, 20304, 18897, 67667, 69396, 89445, 77305]"
110587,"[38570, 17158, 20468, 73963, 104551, 22266, 98412, 7599, 70007, 4799]"
110588,"[58830, 41668, 28868, 103317, 19360, 34676, 95200, 88886, 76639, 86082]"
110589,"[50043, 44822, 25064, 35582, 102837, 57299, 106190, 4344, 1251, 4870]"
110590,"[53946, 7982, 52196, 96794, 47352, 52372, 98668, 3776, 84314, 85946]"
110591,"[63033, 109686, 80708, 36201, 76199, 105065, 108072, 89532, 36184, 37405]"
110592,"[49692, 72717, 24576, 42768, 79831, 1543, 105845, 94206, 38391, 13015]"
110593,"[15974, 102372, 1062, 44707, 67572, 86653, 88963, 50593, 1570, 47299]"
110594,"[48822, 48652, 101082, 42437, 56320, 86968, 57697, 23776, 34680, 24847]"
110595,"[103307, 77715, 9876, 106376, 12209, 37656, 108623, 61022, 59830, 26706]"
110596,"[7589, 52330, 99365, 79498, 83495, 39479, 68548, 37851, 23606, 18990]"
110597,"[5343, 66791, 68243, 90025, 43778, 69342, 95593, 109509, 75031, 31936]"
110598,"[106899, 14637, 76468, 72739, 83251, 101803, 84819, 12231, 104782, 32409]"
110599,"[78584, 6224, 69665, 22932, 7218, 11902, 102112, 52738, 95441, 108426]"
110600,"[104072, 43569, 52303, 80575, 8689, 7882, 64646, 69835, 32945, 53999]"
110601,"[7157, 107313, 17692, 31119, 60086, 105794, 64335, 43721, 55752, 37201]"
110602,"[91458, 56494, 53331, 109208, 81678, 70621, 72783, 78645, 34066, 56240]"
110603,"[99966, 31394, 72209, 89596, 13121, 98111, 61430, 2063, 37059, 43658]"
110604,"[90648, 86856, 45499, 101954, 72527, 76493, 32078, 38887, 62724, 41229]"
110605,"[53908, 82118, 13712, 9850, 62362, 94788, 23800, 92930, 89016, 94204]"
110606,"[51410, 14900, 22272, 35666, 14211, 80074, 10901, 12282, 71254, 97943]"
110607,"[91851, 96365, 16065, 77046, 55197, 100571, 106140, 52589, 55882, 98010]"
110608,"[16772, 58428, 76105, 41762, 2796, 99845, 67201, 54692, 2329, 83380]"
110609,"[10967, 72250, 34512, 45868, 70187, 20036, 60943, 26009, 97832, 59140]"
110610,"[59540, 64032, 99108, 64193, 54330, 21756, 25391, 76624, 46005, 105793]"
110611,"[98346, 19238, 63768, 4190, 58266, 44588, 52263, 8073, 9528, 37999]"
110612,"[73904, 39959, 64757, 52493, 5337, 72678, 80066, 71511, 3649, 18171]"
110613,"[47293, 18026, 24863, 102256, 67306, 11206, 107152, 91015, 68033, 80942]"
110614,"[96608, 1503, 20805, 24145, 85157, 2450, 33510, 109483, 38110, 21930]"
110615,"[91670, 24296, 108012, 72714, 101289, 20715, 104473, 79763, 88483, 60386]"
110616,"[30430, 4088, 89406, 1723, 31784, 370, 14165, 62114, 86419, 10920]"
110617,"[70291, 36327, 16003, 5147, 31544, 79364, 5785, 653, 104331, 111]"
110618,"[27076, 70392, 87886, 103874, 9154, 26705, 62483, 70453, 61506, 49681]"
110619,"[13487, 4016, 92151, 3556, 59973, 43695, 33427, 78824, 38029, 71979]"
110620,"[48104, 70939, 58266, 105701, 45026, 68586, 28008, 50486, 77016, 69168]"
110621,"[47211, 7913, 36296, 80798, 38239, 84078, 78443, 10400, 4118, 37705]"
110622,"[54446, 95687, 10611, 18198, 78185, 98648, 11769, 50428, 78104, 5049]"
110623,"[73236, 18054, 76048, 32959, 60944, 81537, 78363, 106655, 59215, 88632]"
110624,"[26234, 1998, 23091, 65871, 978, 36994, 43853, 27795, 104422, 106186]"
110625,"[30133, 30631, 86897, 41566, 46636, 66353, 58315, 71067, 46461, 49835]"
110626,"[41888, 77250, 85730, 10472, 87780, 15487, 44497, 79006, 81717, 44251]"
110627,"[37599, 91650, 56822, 6857, 9170, 104801, 27471, 92810, 33518, 95417]"
110628,"[69533, 19085, 86673, 11788, 23499, 74498, 95264, 43240, 49197, 65930]"
110629,"[18959, 104590, 3806, 15951, 107287, 19954, 7492, 77439, 83424, 4765]"
110630,"[54948, 29250, 57726, 42000, 79056, 54901, 92661, 91089, 87410, 88514]"
110631,"[68307, 49914, 70027, 81327, 56709, 28303, 16842, 48562, 25809, 39076]"
110632,"[10498, 60403, 78103, 817, 6065, 72931, 97606, 60652, 22190, 32658]"
110633,"[96558, 7440, 19246, 80517, 86962, 100441, 25544, 37352, 104150, 1275]"
110634,"[2818, 59973, 49372, 15712, 13006, 35350, 65150, 78732, 106825, 69432]"
110635,"[62417, 67331, 104111, 24307, 50025, 71984, 5263, 32555, 89509, 29195]"
110636,"[30292, 79186, 41876, 59673, 83964, 85331, 71157, 96333, 9164, 7445]"
110637,"[71451, 8726, 59468, 38807, 106397, 39951, 17759, 69443, 108422, 73814]"
110638,"[18182, 43309, 38789, 7448, 59464, 16038, 8253, 18127, 24841, 75062]"
110639,"[48943, 73603, 83941, 35229, 41084, 20102, 22404, 91769, 44393, 57377]"
110640,"[4035, 7554, 88714, 24207, 82825, 26900, 106732, 721, 7846, 36001]"
110641,"[76743, 64963, 79544, 8047, 30247, 88342, 73357, 660, 68817, 70168]"
110642,"[2192, 76302, 105585, 11648, 91620, 109701, 101594, 102970, 46013, 31619]"
110643,"[82276, 23887, 35757, 75608, 98, 79912, 56767, 48115, 50010, 44515]"
110644,"[88040, 45515, 9927, 18778, 1814, 66412, 45049, 54785, 96813, 105045]"
110645,"[25718, 51175, 15213, 70264, 24865, 6642, 80552, 46920, 3686, 24909]"
110646,"[15623, 24268, 18089, 52367, 26869, 101321, 1684, 108957, 11358, 97691]"
110647,"[49866, 92176, 35713, 51050, 16563, 80881, 70493, 14466, 58542, 80210]"
110648,"[104494, 3580, 106814, 59085, 51003, 29400, 20225, 34544, 84983, 104175]"
110649,"[68188, 96559, 27182, 19501, 69810, 7938, 52827, 54267, 24902, 28995]"
110650,"[33267, 47434, 43930, 67495, 40580, 54567, 108727, 24376, 8379, 95359]"
110651,"[8760, 47436, 93559, 92060, 89671, 64296, 50639, 22529, 109745, 93273]"
110652,"[90755, 97678, 45445, 37081, 9728, 41857, 70447, 104686, 73207, 54028]"
110653,"[1512, 54067, 21055, 54584, 7393, 59052, 45145, 17400, 79823, 74511]"
110654,"[25221, 71837, 3746, 105651, 75070, 887, 64378, 20684, 26607, 105012]"
110655,"[20152, 59288, 20406, 17622, 45435, 63053, 6264, 65076, 5425, 20703]"
110656,"[80758, 16434, 28733, 80916, 105959, 75998, 19724, 100998, 46502, 7073]"
110657,"[108003, 92275, 27088, 97507, 91092, 87805, 14602, 26910, 71753, 51791]"
110658,"[32927, 13001, 67887, 60704, 39314, 67174, 58839, 43194, 101405, 75816]"
110659,"[1931, 23725, 21628, 32602, 60671, 23205, 83534, 96541, 101911, 6550]"
110660,"[66513, 15987, 103632, 41911, 107274, 93528, 36802, 89742, 12707, 107087]"
110661,"[6770, 21998, 72495, 81522, 47444, 62570, 100289, 56330, 98751, 80750]"
110662,"[30421, 6578, 4208, 60030, 28444, 67727, 57040, 63247, 86911, 41474]"
110663,"[36262, 93736, 35787, 49301, 63577, 48916, 91099, 7669, 3924, 105772]"
110664,"[31271, 16846, 76103, 59634, 7572, 1764, 94592, 64928, 107558, 99797]"
110665,"[81914, 51312, 68962, 37889, 40238, 68646, 44714, 24222, 26527, 11758]"
110666,"[34008, 56800, 64804, 3234, 38234, 105057, 1022, 49923, 107983, 5548]"
110667,"[89386, 18271, 71443, 89359, 17667, 53277, 41064, 19039, 39510, 76027]"
110668,"[9294, 72977, 50471, 44392, 69213, 80974, 60779, 52275, 88587, 86311]"
110669,"[58929, 53990, 91639, 78150, 1214, 72287, 42184, 53190, 100173, 94359]"
110670,"[14535, 50961, 42175, 84422, 56761, 80019, 78347, 38827, 87771, 19900]"
110671,"[6631, 61098, 67790, 8117, 99228, 30244, 12961, 84488, 64492, 91293]"
110672,"[56769, 53927, 12545, 72757, 59903, 21079, 82668, 40604, 80987, 73709]"
110673,"[59828, 24628, 90774, 25694, 25792, 104138, 38938, 25434, 76375, 103972]"
110674,"[22135, 2146, 42379, 84703, 18893, 35347, 70495, 62125, 65566, 108185]"
110675,"[105937, 41853, 89750, 98366, 102785, 69748, 103612, 91044, 94551, 22016]"
110676,"[97809, 49227, 7204, 105309, 90658, 5383, 91302, 91248, 73881, 9867]"
110677,"[45004, 79313, 60746, 52921, 107955, 51054, 107762, 94691, 55153, 60640]"
110678,"[64579, 16979, 67432, 85511, 63137, 41525, 97979, 82360, 56375, 20977]"
110679,"[33843, 69289, 5211, 43563, 39007, 58770, 74001, 104463, 13952, 18211]"
110680,"[50185, 16901, 27672, 105837, 80815, 89803, 58642, 72828, 19560, 14657]"
110681,"[56157, 87312, 81412, 103912, 94185, 51150, 35239, 108443, 32767, 100832]"
110682,"[59645, 98518, 94502, 93058, 20581, 90769, 61616, 47740, 2467, 15891]"
110683,"[34433, 41027, 47922, 2953, 548, 96560, 70401, 6630, 51545, 61876]"
110684,"[99205, 35582, 17798, 86402, 4870, 87418, 86326, 25064, 6431, 49976]"
110685,"[41046, 87824, 30484, 42366, 64878, 15076, 62004, 59504, 3060, 71001]"
110686,"[42500, 1402, 6751, 28956, 24524, 10954, 100107, 9814, 15547, 23252]"
110687,"[72028, 103067, 54874, 21977, 77551, 46772, 38590, 100671, 32639, 61366]"
110688,"[58355, 63191, 99380, 7039, 35177, 95152, 32015, 95270, 71560, 73577]"
110689,"[61652, 47996, 102075, 59624, 95663, 3085, 34031, 11995, 81786, 72770]"
110690,"[4895, 93860, 793, 86430, 48264, 38099, 74307, 59490, 87936, 106282]"
110691,"[105822, 100197, 83628, 92671, 107215, 87893, 22242, 49544, 23867, 17524]"
110692,"[54963, 80167, 60679, 100687, 46390, 45250, 29957, 26939, 51096, 37845]"
110693,"[4800, 60910, 44008, 100532, 95018, 67651, 90847, 28790, 64620, 20908]"
110694,"[9890, 29918, 97680, 72213, 96758, 74756, 52246, 80343, 39868, 90224]"
110695,"[62020, 98399, 104057, 20819, 40679, 109651, 20403, 84582, 64835, 44793]"
110696,"[104872, 74923, 98613, 50386, 31838, 108360, 41202, 34538, 95610, 6667]"
110697,"[1374, 97953, 43077, 35454, 23516, 75552, 109330, 96114, 52644, 87966]"
110698,"[31180, 86875, 88780, 61038, 94168, 2570, 36515, 78959, 3917, 32621]"
110699,"[71540, 2525, 102133, 42742, 20460, 25261, 89142, 43529, 49146, 73227]"
110700,"[76509, 25604, 103698, 37728, 72343, 65662, 9360, 3760, 60949, 90159]"
110701,"[101903, 20314, 86678, 67111, 55582, 63818, 84571, 82223, 51646, 72964]"
110702,"[83292, 51271, 91861, 88287, 57169, 33523, 61050, 107338, 40460, 47409]"
110703,"[68048, 14520, 89369, 43777, 103915, 2856, 34841, 90076, 50737, 66475]"
110704,"[106765, 73627, 108805, 30257, 31033, 65224, 51507, 98602, 88279, 105036]"
110705,"[25262, 73367, 60623, 44771, 99570, 52851, 37882, 103579, 97104, 106751]"
110706,"[40263, 42490, 29626, 5575, 56444, 94690, 78310, 79356, 33919, 29662]"
110707,"[23442, 108444, 62673, 514, 86109, 28422, 73769, 26121, 48465, 94299]"
110708,"[64225, 818, 4711, 78169, 51394, 109057, 47350, 24896, 91162, 91675]"
110709,"[21661, 86062, 86173, 45155, 35362, 103294, 56045, 78893, 2746, 92966]"
110710,"[3410, 90171, 57134, 98695, 108877, 24555, 95144, 77255, 26883, 100486]"
110711,"[47032, 49439, 29969, 82915, 20969, 55720, 23395, 20035, 40930, 20311]"
110712,"[59805, 71527, 94369, 9978, 49093, 62110, 69962, 100302, 40976, 67787]"
110713,"[79676, 50050, 50500, 88294, 52680, 72133, 67599, 15363, 4662, 9094]"
110714,"[42944, 103015, 71192, 50795, 51846, 80614, 13308, 44285, 54208, 48533]"
110715,"[102588, 91913, 25569, 60217, 78654, 55007, 46674, 36933, 23938, 79684]"
110716,"[24756, 91101, 22730, 103093, 38942, 97197, 4667, 52094, 80067, 97323]"
110717,"[46284, 42881, 101325, 22330, 69213, 100226, 108807, 43020, 24762, 69108]"
110718,"[74846, 71383, 50793, 37394, 74444, 32718, 5268, 35942, 74724, 106019]"
110719,"[30986, 90186, 339, 53210, 78733, 94886, 3146, 79949, 93871, 28106]"
110720,"[99582, 95530, 7185, 8591, 97091, 42695, 17844, 80668, 25544, 29331]"
110721,"[107125, 40870, 7083, 25494, 87674, 83455, 100011, 103755, 24944, 38011]"
110722,"[102886, 63876, 33866, 97728, 103448, 87018, 90820, 8064, 64446, 77756]"
110723,"[86771, 61014, 106612, 101552, 5882, 90478, 55621, 82697, 101201, 69826]"
110724,"[28316, 71139, 75314, 52702, 44165, 73888, 42219, 2908, 59697, 39274]"
110725,"[34967, 36232, 92855, 26134, 20991, 100698, 44389, 80937, 92446, 80715]"
110726,"[105592, 99842, 13187, 85937, 83784, 85819, 23224, 80924, 84966, 63633]"
110727,"[108922, 1171, 64949, 14865, 53388, 53352, 108896, 89291, 106806, 63267]"
110728,"[52234, 45612, 104643, 28077, 4981, 7330, 61492, 24223, 36696, 57765]"
110729,"[18913, 70199, 41254, 96105, 74233, 62854, 42573, 85649, 15636, 70786]"
110730,"[32614, 79925, 93764, 1576, 11516, 11576, 25245, 6320, 10764, 82300]"
110731,"[94400, 84226, 16175, 97558, 103249, 6253, 1124, 96027, 87755, 77720]"
110732,"[106266, 73981, 104000, 52731, 22880, 104834, 68197, 25627, 41395, 4840]"
110733,"[54446, 95687, 95301, 5791, 97069, 50918, 98648, 29649, 19375, 87641]"
110734,"[46887, 53306, 38348, 7038, 432, 23437, 77031, 56673, 106331, 26906]"
110735,"[107016, 29019, 79480, 9125, 13514, 25214, 52031, 32842, 9835, 93429]"
110736,"[97617, 28662, 88305, 8411, 1195, 32064, 70382, 17233, 29679, 80557]"
110737,"[91336, 30928, 64293, 76167, 8645, 5654, 90867, 63858, 46955, 22345]"
110738,"[73975, 45115, 102098, 91439, 8812, 52550, 98713, 4184, 72879, 65736]"
110739,"[58800, 108456, 88309, 35297, 38259, 101409, 53450, 6986, 92755, 88445]"
110740,"[77860, 4527, 77338, 75349, 43978, 29310, 2993, 79859, 61647, 24838]"
110741,"[73499, 13633, 10028, 20911, 23940, 99220, 93856, 50115, 51232, 15296]"
110742,"[24028, 68209, 82754, 77485, 6284, 11490, 35724, 77283, 85479, 104749]"
110743,"[76934, 64086, 11366, 64906, 5278, 86165, 89156, 93942, 11839, 49336]"
110744,"[96297, 83603, 102675, 74892, 27672, 26818, 93056, 107767, 53150, 106244]"
110745,"[58518, 57433, 64951, 98211, 73776, 53884, 2942, 59591, 63005, 37824]"
110746,"[40615, 29725, 78278, 54040, 75964, 85454, 98664, 530, 64446, 102886]"
110747,"[53040, 20342, 94203, 30676, 94699, 82373, 7475, 61703, 36367, 46516]"
110748,"[60021, 4059, 53250, 12234, 25897, 3353, 69269, 91757, 84150, 68871]"
110749,"[74582, 42324, 33055, 64792, 101398, 34858, 105303, 26533, 57688, 17827]"
110750,"[72456, 70540, 80864, 101616, 109076, 76190, 28906, 48627, 28108, 56619]"
110751,"[84941, 26758, 100482, 100947, 105548, 90206, 66587, 88015, 29243, 46032]"
110752,"[41833, 57853, 34377, 55060, 77135, 85910, 14592, 108156, 92746, 103489]"
110753,"[89963, 28625, 38404, 113, 70498, 105216, 73765, 30058, 59823, 58791]"
110754,"[30987, 105650, 36580, 2834, 55053, 16874, 53200, 28650, 65393, 25185]"
110755,"[99540, 5110, 98266, 28865, 10793, 16165, 3693, 16173, 86756, 60601]"
110756,"[107232, 13787, 68522, 18290, 101823, 84774, 105442, 74174, 80100, 58229]"
110757,"[41814, 10612, 17451, 41199, 34861, 71042, 106454, 82814, 105221, 24912]"
110758,"[45003, 99954, 102441, 32109, 43246, 52204, 103373, 45974, 90552, 50812]"
110759,"[79817, 10018, 21540, 25028, 100458, 25935, 14707, 66078, 109720, 94667]"
110760,"[70085, 102487, 108929, 41692, 76895, 14669, 41848, 24446, 108909, 49400]"
110761,"[9791, 90384, 98927, 89835, 83021, 47481, 67417, 56846, 49287, 16908]"
110762,"[72089, 42237, 77342, 61610, 21632, 2965, 9476, 63437, 36638, 98769]"
110763,"[102188, 107808, 70165, 73315, 106386, 89916, 50285, 4419, 36188, 54356]"
110764,"[64007, 22533, 86871, 10316, 39741, 44004, 53452, 48404, 75803, 52558]"
110765,"[31815, 51601, 31661, 13540, 31811, 63273, 93615, 103355, 20515, 49025]"
110766,"[60938, 47974, 53170, 59520, 53246, 109214, 29079, 8544, 61479, 43777]"
110767,"[61701, 37784, 106896, 31986, 89125, 7500, 6538, 57050, 47055, 40534]"
110768,"[3541, 51907, 2501, 21500, 61480, 17094, 17222, 39932, 108182, 93802]"
110769,"[62791, 106106, 88394, 99495, 102963, 7067, 14446, 91995, 78114, 8266]"
110770,"[79998, 85230, 96950, 41029, 64790, 25010, 64672, 12263, 42503, 547]"
110771,"[16657, 42194, 8131, 83598, 57032, 27314, 69248, 56119, 68615, 81195]"
110772,"[36127, 8424, 85924, 57345, 82979, 43187, 93087, 24050, 52831, 109710]"
110773,"[91937, 57943, 92191, 84830, 108614, 65982, 58957, 84231, 52530, 98476]"
110774,"[39571, 48961, 18826, 36186, 92308, 79281, 76580, 46746, 13496, 37054]"
110775,"[36995, 25362, 42392, 58702, 42023, 88132, 101092, 102544, 42663, 106460]"
110776,"[29084, 78324, 3531, 5757, 53606, 72983, 73036, 25845, 63835, 30944]"
110777,"[89597, 50782, 58215, 42074, 63836, 12552, 22567, 42480, 11840, 49283]"
110778,"[6061, 31278, 56855, 6739, 65166, 106573, 106301, 62513, 56642, 69889]"
110779,"[53405, 91582, 96605, 60250, 104904, 26464, 307, 94440, 106507, 7109]"
110780,"[50454, 104823, 101673, 102420, 62235, 58812, 97404, 19602, 894, 14116]"
110781,"[24765, 50457, 37402, 84615, 30221, 15488, 101955, 81803, 13723, 105247]"
110782,"[66518, 93019, 15936, 63522, 38973, 5982, 80762, 108976, 65460, 40030]"
110783,"[22770, 84696, 13678, 102957, 23397, 78577, 16598, 81853, 37633, 20409]"
110784,"[105428, 75054, 104186, 15067, 40571, 13158, 58333, 61041, 94136, 30285]"
110785,"[875, 57745, 29707, 83505, 83723, 22975, 20046, 95217, 51540, 104689]"
110786,"[1868, 22873, 2163, 101063, 36916, 73895, 95378, 84463, 96228, 39556]"
110787,"[28879, 6669, 109218, 40623, 97885, 57874, 52548, 77941, 28546, 107573]"
110788,"[106042, 34012, 52415, 62101, 51162, 68719, 46621, 77520, 11307, 106030]"
110789,"[84086, 7531, 46967, 42061, 5865, 73001, 46599, 6886, 9984, 92139]"
110790,"[16611, 69481, 32834, 7134, 6688, 48187, 35921, 88062, 14297, 105165]"
110791,"[86229, 52995, 101074, 22069, 17088, 22049, 66028, 102119, 92759, 106880]"
110792,"[25841, 79514, 58014, 52716, 8908, 5459, 73262, 68983, 21766, 44193]"
110793,"[38597, 94347, 12463, 36907, 85370, 59681, 16949, 41609, 37332, 73319]"
110794,"[27332, 71151, 83264, 79506, 63226, 18938, 86732, 74687, 36108, 80527]"
110795,"[18918, 45386, 1257, 83427, 46182, 9063, 65411, 9901, 56212, 66879]"
110796,"[2646, 35019, 105598, 758, 92527, 104312, 83579, 52529, 18213, 12013]"
110797,"[61216, 18671, 24923, 303, 69074, 7680, 38209, 44058, 23236, 7757]"
110798,"[30559, 74352, 23386, 90433, 99555, 4937, 33327, 46622, 5653, 86079]"
110799,"[89373, 7833, 66275, 11272, 7827, 95616, 12146, 34368, 88363, 81935]"
110800,"[34025, 92756, 26623, 78060, 58399, 17519, 89537, 39323, 73851, 16750]"
110801,"[63202, 29201, 38689, 58594, 91374, 83536, 95831, 46200, 60054, 48393]"
110802,"[79317, 52798, 22385, 54300, 96422, 36755, 33967, 67188, 60180, 35159]"
110803,"[25608, 26864, 41918, 99544, 78595, 106199, 184, 23074, 8687, 103224]"
110804,"[51366, 98016, 25000, 16747, 89098, 63293, 60060, 20675, 1926, 108228]"
110805,"[6995, 77034, 99909, 78019, 18797, 42821, 72193, 71061, 21260, 8349]"
110806,"[51776, 13297, 5676, 55192, 23403, 10298, 8933, 68630, 59499, 23251]"
110807,"[13640, 28152, 54131, 65148, 25575, 48571, 64671, 98259, 18791, 74246]"
110808,"[92490, 70594, 6235, 105074, 78908, 40799, 94664, 100915, 107358, 26451]"
110809,"[28422, 108444, 7356, 55597, 23442, 54125, 70992, 94299, 62673, 86109]"
110810,"[19517, 13757, 84123, 22577, 11215, 88202, 12222, 6329, 43971, 67467]"
110811,"[23934, 101599, 34762, 101347, 107972, 4772, 22334, 101109, 69998, 93720]"
110812,"[69423, 36350, 44988, 30967, 23117, 22994, 41896, 95899, 38798, 62575]"
110813,"[101528, 102402, 15381, 37067, 70327, 87629, 17774, 63288, 33823, 59888]"
110814,"[52489, 20896, 108105, 1462, 50920, 24638, 86410, 69531, 16791, 93431]"
110815,"[47846, 66728, 106671, 8313, 36617, 60001, 6821, 100642, 25094, 83382]"
110816,"[21462, 73491, 73152, 8378, 25768, 70126, 101760, 106507, 79357, 34243]"
110817,"[1116, 23407, 10157, 90038, 67792, 93980, 32916, 51651, 14149, 57998]"
110818,"[35755, 80853, 81531, 17789, 4079, 101784, 53361, 102584, 39748, 11012]"
110819,"[78278, 75964, 88939, 101257, 53340, 40615, 31727, 29725, 31873, 6176]"
110820,"[55540, 39105, 66763, 66342, 104842, 51691, 91352, 92938, 98083, 69847]"
110821,"[77621, 30253, 94646, 1120, 100943, 59711, 92180, 55021, 2535, 55136]"
110822,"[90979, 88348, 89493, 86125, 95346, 48004, 72367, 47720, 57178, 15603]"
110823,"[69669, 35367, 17301, 28906, 51880, 54021, 99702, 24347, 66055, 77500]"
110824,"[22839, 67103, 107591, 26781, 8691, 23806, 41961, 32938, 99595, 45024]"
110825,"[58476, 87237, 24562, 83883, 12617, 108157, 11524, 22353, 58871, 81112]"
110826,"[88616, 18190, 58062, 1046, 59911, 2277, 103403, 102141, 104838, 108601]"
110827,"[67522, 22339, 29549, 104641, 73156, 77585, 27174, 18462, 87009, 109628]"
110828,"[74826, 94018, 31852, 39224, 58428, 50336, 90204, 96425, 20682, 64292]"
110829,"[88773, 14830, 50303, 73918, 16550, 56099, 41791, 94900, 92022, 12892]"
110830,"[90982, 55389, 69751, 7654, 1386, 4135, 10881, 49316, 8455, 51431]"
110831,"[67539, 35201, 55694, 50834, 52180, 64636, 40958, 35872, 87413, 62218]"
110832,"[1878, 32720, 72832, 40755, 65009, 104297, 11626, 61942, 77749, 82252]"
110833,"[81525, 21017, 66472, 89273, 32686, 53247, 38178, 42079, 53900, 16484]"
110834,"[33808, 43768, 61670, 70445, 57567, 71998, 38104, 28870, 1662, 71421]"
110835,"[81596, 34435, 15234, 65732, 106279, 87733, 60503, 90416, 2555, 16779]"
110836,"[16514, 13562, 16403, 10822, 103918, 96989, 109321, 57735, 16080, 6810]"
110837,"[93065, 109154, 21270, 44624, 70154, 32913, 25480, 45487, 42288, 8140]"
110838,"[62389, 28970, 58133, 102550, 102944, 91976, 109765, 27063, 32567, 37849]"
110839,"[32364, 45241, 64408, 63764, 3297, 2852, 12134, 81949, 29837, 93039]"
110840,"[9083, 69811, 80626, 19715, 82641, 79144, 45899, 92035, 43177, 71960]"
110841,"[1394, 57008, 51706, 3611, 92586, 70374, 23294, 93217, 61775, 70247]"
110842,"[45485, 21087, 37994, 109676, 24773, 64065, 43274, 54084, 108643, 100871]"
110843,"[6720, 79451, 88138, 34912, 49394, 21831, 3837, 99121, 86682, 37052]"
110844,"[92796, 19299, 54045, 104393, 87004, 17189, 63520, 90316, 105585, 93923]"
110845,"[26830, 11770, 55763, 32695, 12673, 68452, 43596, 51486, 101553, 14356]"
110846,"[18487, 12260, 48859, 27347, 28297, 86981, 50161, 104694, 83043, 103009]"
110847,"[6616, 53120, 36448, 73488, 72712, 70710, 52137, 4953, 99847, 69597]"
110848,"[92224, 101129, 95593, 20090, 45333, 17545, 74636, 84313, 108471, 26721]"
110849,"[127, 99583, 82668, 82698, 5332, 59903, 105811, 92238, 25348, 63781]"
110850,"[76099, 83466, 35202, 83790, 60978, 34203, 44349, 59668, 75420, 39302]"
110851,"[54285, 80563, 54362, 26491, 97225, 37121, 58604, 54009, 40099, 87240]"
110852,"[71427, 69757, 49896, 109525, 11631, 169, 91151, 68655, 13958, 34841]"
110853,"[39717, 100428, 55116, 95910, 31174, 63963, 73622, 3064, 45800, 98705]"
110854,"[2444, 95428, 3675, 87903, 19028, 59560, 52523, 65522, 5760, 36385]"
110855,"[99672, 38482, 46072, 10026, 81569, 4897, 92472, 66954, 19418, 70423]"
110856,"[74503, 68886, 57455, 4526, 80533, 92092, 77148, 40214, 42374, 64412]"
110857,"[92003, 79528, 88067, 90861, 101054, 109095, 97928, 47796, 72261, 52095]"
110858,"[49628, 12109, 53307, 41372, 62668, 30394, 28178, 96956, 89182, 36621]"
110859,"[7652, 64459, 302, 32189, 9362, 77573, 76667, 105316, 9820, 52790]"
110860,"[80498, 78152, 104815, 78696, 39552, 73910, 20700, 6915, 105371, 54041]"
110861,"[36597, 71596, 55733, 14573, 82136, 19455, 93188, 36386, 39405, 19501]"
110862,"[83810, 37311, 1807, 69725, 26905, 8289, 101916, 10655, 5664, 37358]"
110863,"[39645, 16118, 23083, 52732, 64245, 58845, 17036, 20189, 96501, 86273]"
110864,"[42682, 23377, 38500, 15661, 97017, 104646, 45156, 93085, 12304, 54966]"
110865,"[21552, 18353, 41498, 59023, 56720, 105204, 53376, 19161, 104672, 79042]"
110866,"[46464, 28575, 13624, 33635, 65636, 17118, 78981, 14787, 20829, 32210]"
110867,"[62363, 31488, 33246, 13116, 19573, 49266, 39817, 105342, 15928, 74885]"
110868,"[94348, 13615, 30710, 106794, 103217, 3269, 43736, 70352, 77800, 66383]"
110869,"[94682, 84264, 86043, 33204, 33805, 20787, 29100, 105323, 16169, 29845]"
110870,"[67589, 2532, 7961, 70377, 89802, 13780, 70196, 37187, 21348, 56926]"
110871,"[25880, 21511, 87837, 26018, 34466, 13427, 3648, 18264, 44675, 67204]"
110872,"[31173, 31362, 91576, 64493, 32300, 46518, 59282, 98284, 82210, 13074]"
110873,"[50080, 23884, 7287, 63479, 75362, 17046, 83067, 93441, 83955, 29883]"
110874,"[103325, 14908, 89106, 53522, 92597, 6329, 26667, 61812, 11418, 42227]"
110875,"[104282, 74007, 96860, 37560, 83697, 30291, 108447, 59457, 100523, 98448]"
110876,"[54954, 80504, 78650, 25895, 100350, 101452, 61586, 78431, 80934, 15038]"
110877,"[64897, 104325, 71037, 98465, 103707, 51, 97516, 100648, 26225, 93149]"
110878,"[68149, 67878, 82060, 40457, 15387, 28549, 67341, 71682, 66695, 81036]"
110879,"[85345, 81783, 82027, 40392, 92984, 63805, 88870, 56005, 75358, 29465]"
110880,"[63035, 93135, 33898, 35113, 25124, 17892, 79595, 26811, 30845, 83218]"
110881,"[98308, 59455, 29954, 9672, 81464, 104881, 26113, 94706, 95465, 89732]"
110882,"[60609, 98409, 107317, 55189, 47890, 19531, 23746, 44204, 45128, 50252]"
110883,"[1094, 104828, 94472, 61597, 47230, 70964, 61744, 66444, 11278, 77948]"
110884,"[93332, 32411, 99801, 80475, 109397, 71079, 68219, 4309, 72447, 40287]"
110885,"[1517, 51465, 35014, 99417, 108165, 86308, 74433, 78686, 75795, 71237]"
110886,"[67941, 41159, 29934, 67063, 50112, 45896, 88098, 56316, 55455, 60521]"
110887,"[96970, 60494, 101, 27348, 1756, 98419, 93728, 97113, 34479, 30963]"
110888,"[65154, 4369, 91743, 46382, 20052, 1581, 73701, 93500, 103220, 87785]"
110889,"[95923, 26856, 74076, 70418, 53815, 729, 74593, 942, 92129, 49232]"
110890,"[67001, 56211, 74920, 33170, 103169, 34409, 495, 102334, 89198, 11530]"
110891,"[48695, 59714, 94847, 19642, 57623, 99888, 22965, 32757, 36393, 23023]"
110892,"[88450, 24834, 18077, 29850, 19099, 108802, 56866, 41876, 69721, 83964]"
110893,"[13898, 104882, 27205, 77736, 10358, 22853, 53805, 17966, 95118, 2240]"
110894,"[7311, 44696, 2007, 23277, 33278, 42331, 3319, 85790, 28409, 24243]"
110895,"[74986, 107959, 21898, 48140, 77474, 85646, 8090, 60144, 43029, 96026]"
110896,"[102527, 101731, 72510, 44942, 10382, 42956, 104785, 86689, 73595, 73720]"
110897,"[21712, 44639, 63874, 61251, 30994, 23693, 81416, 95137, 42492, 19034]"
110898,"[8550, 87632, 94913, 39363, 82658, 77162, 108572, 62441, 89949, 8551]"
110899,"[73557, 10339, 77029, 24174, 17885, 106959, 60829, 2461, 25986, 36770]"
110900,"[8015, 48954, 25793, 45113, 99677, 47596, 106841, 13566, 99328, 23431]"
110901,"[24854, 35399, 68822, 438, 38593, 12926, 11966, 51672, 97223, 30846]"
110902,"[92174, 35492, 100974, 21475, 69375, 20392, 29573, 53609, 12329, 47143]"
110903,"[21595, 65924, 68581, 94927, 48184, 87118, 89642, 87249, 58573, 102711]"
110904,"[53484, 12790, 101337, 13270, 93047, 69253, 46012, 35573, 30432, 39931]"
110905,"[17994, 48061, 34787, 57965, 99194, 40669, 23838, 78767, 102108, 77689]"
110906,"[42594, 4470, 23193, 57671, 14534, 80208, 88639, 93030, 85842, 7169]"
110907,"[53411, 34734, 57051, 71143, 15390, 31556, 34144, 100207, 33957, 91498]"
110908,"[26502, 48190, 72855, 95820, 9671, 62536, 8327, 34722, 104827, 9668]"
110909,"[21299, 13422, 33796, 9393, 32988, 25317, 23703, 92360, 31757, 14965]"
110910,"[19019, 76188, 44853, 101997, 60318, 59448, 36696, 5739, 67702, 61376]"
110911,"[38081, 57246, 10426, 37047, 10483, 27281, 18731, 9879, 54815, 76319]"
110912,"[108168, 107463, 1221, 64387, 68415, 23815, 90743, 87860, 84760, 68257]"
110913,"[108465, 87635, 59707, 21672, 74641, 11182, 17367, 103169, 76325, 32404]"
110914,"[10582, 58894, 86643, 82566, 67232, 21823, 78407, 88507, 56035, 65307]"
110915,"[83462, 43109, 64475, 109428, 3560, 55697, 24438, 39407, 44697, 41394]"
110916,"[1834, 102895, 42959, 95523, 38893, 74401, 55388, 16208, 99210, 44593]"
110917,"[55930, 84353, 97942, 102950, 53932, 72930, 99442, 54089, 64945, 35162]"
110918,"[84152, 44582, 93729, 16396, 4409, 94460, 32789, 18764, 11260, 72774]"
110919,"[103966, 68479, 34604, 56218, 57128, 42748, 21429, 65808, 4230, 56799]"
110920,"[2147, 17830, 21690, 67265, 61253, 57836, 32633, 26711, 16988, 10777]"
110921,"[1704, 21888, 78004, 2346, 58317, 1345, 7872, 33165, 29982, 85328]"
110922,"[60542, 31371, 52628, 68075, 93862, 63499, 8796, 63068, 16622, 78550]"
110923,"[10451, 109171, 29862, 36299, 15178, 108435, 32326, 29063, 7909, 84196]"
110924,"[26051, 71553, 87883, 35816, 25614, 7707, 55568, 88524, 4641, 277]"
110925,"[60163, 91497, 53944, 103486, 25784, 67383, 98187, 104078, 40745, 71641]"
110926,"[81535, 86446, 69191, 59665, 90914, 26634, 87, 38718, 57054, 68146]"
110927,"[95950, 21222, 56363, 84560, 71747, 24616, 26992, 45433, 82279, 39973]"
110928,"[39533, 73957, 73642, 98661, 12075, 73732, 12350, 89061, 100890, 75036]"
110929,"[27616, 58491, 104935, 53383, 29192, 28195, 94267, 92774, 83334, 83081]"
110930,"[25323, 16574, 41505, 2706, 49481, 84090, 71324, 109260, 12685, 31647]"
110931,"[100483, 78766, 14667, 69952, 77238, 59553, 76358, 87587, 39736, 2374]"
110932,"[92834, 99411, 68295, 95124, 53520, 93605, 49014, 86758, 108829, 11897]"
110933,"[30148, 40509, 33393, 27892, 4571, 23947, 6252, 11532, 102738, 36491]"
110934,"[59496, 48939, 28603, 20520, 100469, 19848, 20627, 88074, 107068, 29950]"
110935,"[91307, 45144, 97907, 60116, 84092, 11711, 1897, 1092, 102719, 51447]"
110936,"[104808, 105931, 72391, 68008, 82063, 99715, 60287, 27936, 97527, 46373]"
110937,"[32679, 104668, 109634, 100006, 48003, 5814, 56611, 62468, 65992, 98487]"
110938,"[7556, 56038, 78182, 64558, 10639, 29929, 7962, 46996, 37112, 101221]"
110939,"[72602, 90204, 37449, 106893, 76993, 58556, 16928, 49088, 52702, 88745]"
110940,"[69576, 57153, 109746, 96281, 36762, 31419, 108553, 68193, 66802, 57544]"
110941,"[103930, 19679, 95212, 56940, 102196, 55590, 24816, 73331, 108070, 5099]"
110942,"[6532, 74979, 47786, 48289, 30998, 54179, 5533, 52177, 44340, 85122]"
110943,"[9944, 66489, 81695, 33618, 6982, 102311, 55879, 73020, 9903, 68764]"
110944,"[109600, 50466, 45281, 10246, 11323, 93106, 37928, 10457, 101960, 101539]"
110945,"[64814, 26763, 10649, 25223, 29279, 20781, 108763, 67729, 83884, 70047]"
110946,"[94395, 78087, 9875, 67953, 68621, 99115, 27106, 49167, 6138, 88598]"
110947,"[17835, 105057, 49318, 77205, 56379, 88933, 39386, 72147, 76590, 28642]"
110948,"[72607, 15052, 59795, 55083, 63808, 79266, 31522, 59946, 77906, 99432]"
110949,"[25264, 69471, 58737, 86415, 56921, 27465, 18065, 106574, 20980, 99007]"
110950,"[100758, 92012, 61261, 63277, 108544, 30755, 16613, 37441, 51294, 22291]"
110951,"[40475, 10989, 82922, 76563, 72571, 31557, 20265, 80138, 8056, 91236]"
110952,"[80907, 35354, 90323, 38897, 9937, 68291, 95908, 35773, 103679, 99230]"
110953,"[96551, 17915, 39870, 43990, 60933, 96318, 23480, 6683, 39737, 77862]"
110954,"[97430, 87062, 83526, 95286, 67305, 47993, 16880, 45680, 96246, 75508]"
110955,"[17379, 31052, 84318, 66124, 84661, 109468, 29314, 4249, 96391, 69899]"
110956,"[72581, 30470, 102569, 94241, 28127, 17861, 56624, 91450, 75301, 60094]"
110957,"[103768, 32670, 60892, 2982, 45964, 59815, 45792, 57548, 109177, 56993]"
110958,"[59303, 10036, 103069, 83887, 15820, 89598, 80540, 59546, 65763, 33495]"
110959,"[75608, 35757, 44515, 71973, 94498, 84940, 22430, 26859, 13936, 23887]"
110960,"[13516, 45720, 68638, 668, 75721, 59818, 68900, 70069, 19253, 13407]"
110961,"[10382, 35171, 76806, 88409, 101206, 32583, 57533, 47789, 83027, 64020]"
110962,"[75357, 46081, 74278, 108457, 94644, 58681, 38371, 32457, 40837, 63338]"
110963,"[46670, 94279, 77554, 36682, 85594, 49397, 84830, 66440, 108614, 76009]"
110964,"[49148, 24300, 2443, 97558, 56084, 2793, 84226, 77720, 41356, 19400]"
110965,"[20903, 106620, 63348, 3520, 77011, 23603, 104573, 2504, 43424, 38567]"
110966,"[36878, 60841, 7514, 59950, 69161, 73404, 81131, 12922, 30705, 45719]"
110967,"[99985, 53245, 94414, 72756, 11036, 11051, 36833, 106566, 65993, 51556]"
110968,"[96648, 15211, 96867, 39669, 62256, 259, 67515, 23971, 56163, 15287]"
110969,"[62753, 64614, 76613, 43960, 90784, 35529, 88817, 76284, 19738, 7374]"
110970,"[63307, 58783, 54961, 43323, 54505, 75313, 17405, 105744, 17995, 108119]"
110971,"[57865, 74827, 33793, 86108, 47861, 37836, 67960, 85226, 56938, 36175]"
110972,"[33799, 32904, 80055, 81672, 34587, 5489, 14714, 12436, 91847, 23236]"
110973,"[85873, 81311, 104546, 39365, 97994, 57488, 55065, 94714, 13196, 103291]"
110974,"[81423, 90254, 41011, 92067, 176, 68967, 11820, 106568, 32570, 105437]"
110975,"[88223, 5159, 100930, 96789, 2988, 31741, 9777, 87347, 16508, 47374]"
110976,"[20560, 35329, 98534, 102320, 38062, 11836, 84128, 89088, 96186, 88783]"
110977,"[89486, 59969, 65460, 8533, 16878, 78635, 34331, 88926, 28224, 80769]"
110978,"[59658, 79580, 24873, 89007, 69802, 61562, 7636, 89951, 3400, 88708]"
110979,"[71789, 86825, 66726, 7889, 26744, 105368, 21314, 98146, 5531, 103012]"
110980,"[58466, 19649, 43190, 141, 63185, 97656, 4183, 13645, 54276, 80228]"
110981,"[108403, 35279, 78592, 11088, 17099, 108644, 107505, 45951, 46341, 91492]"
110982,"[92911, 72656, 100498, 65247, 82132, 37374, 64781, 72823, 57700, 57147]"
110983,"[47381, 79541, 72162, 21594, 21843, 33936, 48640, 105282, 45077, 2044]"
110984,"[86253, 46487, 62590, 19393, 63200, 68175, 47107, 80389, 65781, 55526]"
110985,"[31749, 25459, 23058, 38528, 3864, 1255, 96079, 5261, 93380, 92095]"
110986,"[11430, 70693, 84822, 54169, 84673, 16212, 107048, 68986, 89703, 60265]"
110987,"[83147, 31355, 74011, 65773, 28487, 57124, 18506, 103948, 52956, 107739]"
110988,"[69462, 25482, 82520, 34608, 94308, 32292, 94639, 18417, 61470, 31839]"
110989,"[83074, 40432, 66935, 88356, 52990, 59190, 71745, 40016, 28597, 20504]"
110990,"[30533, 69866, 90218, 10886, 104725, 86008, 76275, 59869, 103237, 15709]"
110991,"[14419, 100373, 4230, 60133, 88396, 83031, 42748, 8598, 80357, 103503]"
110992,"[15961, 40210, 28074, 69525, 77400, 34774, 67154, 97544, 103156, 72748]"
110993,"[58853, 67215, 18366, 14311, 89091, 17308, 42360, 16193, 47910, 89310]"
110994,"[86876, 66956, 36834, 26452, 43459, 56074, 63093, 35336, 109182, 27443]"
110995,"[1534, 32377, 51721, 95958, 75299, 21121, 74164, 63212, 12580, 89749]"
110996,"[70753, 68722, 14639, 81043, 102935, 53215, 90193, 63013, 60596, 87245]"
110997,"[36586, 85892, 103235, 77982, 84547, 30660, 91292, 19791, 84051, 103443]"
110998,"[50533, 109570, 13272, 35663, 81718, 40272, 25216, 94231, 35528, 41108]"
110999,"[108572, 58705, 55507, 89949, 51380, 46756, 8550, 39363, 108090, 94913]"
111000,"[97210, 87598, 78742, 49472, 76080, 46541, 67688, 25481, 90031, 82083]"
111001,"[90326, 21668, 57508, 101033, 16587, 72575, 63910, 52010, 32971, 53905]"
111002,"[40772, 11288, 2615, 27936, 8885, 64673, 60497, 46604, 101094, 90084]"
111003,"[23560, 65663, 47960, 107780, 44590, 36764, 75008, 55468, 34921, 19100]"
111004,"[6921, 54613, 20905, 26674, 108539, 78902, 25685, 42831, 73048, 92374]"
111005,"[76923, 103395, 47407, 53420, 109692, 62751, 64054, 83127, 54085, 15504]"
111006,"[45652, 5415, 27185, 88549, 24747, 4460, 13145, 26922, 27089, 82399]"
111007,"[65443, 10985, 99403, 45741, 76198, 82849, 3862, 4036, 101349, 86952]"
111008,"[25127, 52677, 36564, 41834, 91525, 93797, 21065, 54061, 34526, 58870]"
111009,"[29353, 47344, 88380, 102068, 81655, 20675, 67986, 87285, 22692, 42040]"
111010,"[99160, 90245, 11583, 73427, 87201, 82511, 36143, 49461, 78076, 54445]"
111011,"[93819, 2298, 3572, 90291, 42359, 54203, 100261, 67260, 78867, 37769]"
111012,"[78121, 22254, 35944, 43845, 47199, 50154, 100073, 106647, 53509, 97817]"
111013,"[30722, 39827, 76456, 25717, 3141, 96658, 44673, 31794, 56148, 108533]"
111014,"[1746, 102201, 81909, 38573, 10578, 50302, 91825, 6828, 33277, 29280]"
111015,"[14160, 24750, 86730, 93974, 32930, 83237, 8078, 80101, 21153, 86318]"
111016,"[37634, 26468, 47231, 70105, 61393, 72677, 62104, 5096, 50317, 98297]"
111017,"[75061, 66291, 85055, 84756, 7307, 83700, 92234, 61673, 51658, 33855]"
111018,"[92021, 76849, 51068, 102712, 44933, 25594, 6761, 16135, 53565, 9878]"
111019,"[61085, 49760, 79485, 59378, 62059, 58404, 46822, 54171, 102003, 36980]"
111020,"[90289, 95733, 64538, 25111, 3704, 29556, 20109, 57540, 14291, 50924]"
111021,"[106805, 93229, 88475, 103583, 32494, 48098, 7608, 59754, 7985, 35701]"
111022,"[88968, 104806, 107127, 42162, 42845, 54250, 69624, 81413, 29525, 93811]"
111023,"[32943, 69045, 80866, 21253, 21936, 27145, 86385, 78340, 49433, 86679]"
111024,"[88550, 11535, 45662, 89675, 662, 93641, 83803, 20722, 83379, 227]"
111025,"[75717, 97015, 6795, 106189, 102508, 108931, 49720, 27491, 13748, 9394]"
111026,"[109590, 25284, 75833, 108343, 65221, 26673, 106939, 43446, 18414, 25413]"
111027,"[105584, 49196, 68056, 27436, 17470, 24969, 7611, 30352, 2184, 84890]"
111028,"[20495, 70023, 69314, 36468, 66427, 31866, 88115, 51820, 61908, 73093]"
111029,"[66734, 104380, 84077, 27346, 82477, 2309, 2847, 15906, 78759, 79842]"
111030,"[91661, 28616, 10263, 80135, 74218, 63076, 32664, 9641, 52660, 63228]"
111031,"[78022, 54164, 75922, 93975, 38360, 39347, 66634, 35312, 65673, 76030]"
111032,"[32669, 17668, 72076, 12758, 86953, 5486, 41890, 97335, 52673, 7059]"
111033,"[68825, 4524, 70935, 97678, 22554, 29756, 23641, 44875, 39292, 75484]"
111034,"[102248, 44549, 27818, 108027, 21548, 58791, 65793, 52215, 44425, 102146]"
111035,"[8891, 35786, 89054, 50304, 13453, 46326, 1054, 37598, 9663, 1296]"
111036,"[39387, 98222, 48351, 85736, 13764, 93851, 53974, 16553, 10914, 82213]"
111037,"[40822, 107760, 28182, 109335, 26465, 21965, 46986, 35721, 60459, 28972]"
111038,"[104332, 26131, 24156, 76600, 100301, 67125, 101542, 52963, 101603, 45178]"
111039,"[80634, 102800, 49954, 11560, 41781, 85716, 69477, 85213, 62841, 78411]"
111040,"[44022, 47388, 14344, 948, 45545, 19592, 33035, 34660, 56100, 37451]"
111041,"[4222, 105360, 29199, 66314, 54969, 75549, 102885, 442, 107370, 76910]"
111042,"[6097, 91647, 84795, 4596, 79475, 84901, 21095, 32659, 38329, 18888]"
111043,"[21541, 41810, 87014, 78407, 72921, 76768, 19088, 97835, 96583, 5021]"
111044,"[68690, 34379, 70729, 62333, 86844, 103423, 12534, 36002, 44328, 46381]"
111045,"[83127, 71856, 103395, 57663, 109331, 80989, 70480, 41639, 637, 34782]"
111046,"[73518, 8958, 35447, 38003, 94949, 40913, 7318, 54751, 107911, 99581]"
111047,"[94379, 26509, 9110, 108566, 89742, 62384, 92228, 43486, 7974, 3177]"
111048,"[27576, 2867, 23510, 40110, 103013, 73654, 21844, 13620, 53115, 8905]"
111049,"[52288, 68843, 19579, 95791, 27964, 23494, 103331, 85676, 106973, 91451]"
111050,"[109480, 105808, 41765, 77377, 97096, 52885, 78961, 21411, 65639, 61928]"
111051,"[51991, 39523, 20868, 17451, 35093, 81829, 28876, 36960, 13992, 24010]"
111052,"[9670, 75028, 33712, 87988, 72895, 10479, 82051, 50782, 89047, 80558]"
111053,"[71284, 90257, 43276, 100474, 95698, 66949, 44976, 51335, 97112, 108822]"
111054,"[43075, 8656, 96344, 57588, 63736, 59104, 63663, 51799, 101701, 17680]"
111055,"[105138, 2057, 11644, 86879, 25279, 73750, 90469, 48503, 98488, 101257]"
111056,"[93095, 64642, 85292, 72454, 56485, 83329, 106354, 49879, 87887, 101917]"
111057,"[32206, 23735, 23137, 36323, 33191, 55584, 102213, 107399, 77349, 31595]"
111058,"[22529, 23765, 54644, 101343, 53365, 71794, 99944, 102318, 2836, 24010]"
111059,"[71159, 105159, 36106, 36902, 71806, 11056, 20227, 87503, 61999, 29434]"
111060,"[80253, 80605, 2252, 11557, 4624, 37782, 40718, 33516, 16043, 69346]"
111061,"[54930, 106364, 78840, 83857, 97290, 28452, 60131, 22975, 78610, 41515]"
111062,"[82641, 89820, 92312, 68257, 2618, 4823, 78420, 33678, 67782, 38948]"
111063,"[101499, 2041, 108554, 63674, 70749, 99651, 75556, 21848, 79891, 106454]"
111064,"[107184, 53156, 16057, 79290, 22810, 45089, 18157, 4692, 14420, 52941]"
111065,"[43596, 40592, 4386, 35696, 52035, 85989, 21531, 60900, 9585, 46111]"
111066,"[47293, 24863, 67306, 18026, 66522, 33634, 107152, 74596, 11206, 87235]"
111067,"[45983, 109352, 104160, 41142, 41390, 98699, 20970, 27654, 28910, 51604]"
111068,"[63103, 44014, 58669, 99805, 89657, 30953, 18211, 32815, 80453, 57073]"
111069,"[6298, 104237, 20357, 83245, 9445, 94290, 30123, 20799, 25345, 76759]"
111070,"[77267, 76177, 27716, 55400, 22271, 712, 98899, 65454, 106569, 55559]"
111071,"[99857, 80231, 37737, 3565, 66389, 78182, 29929, 5417, 96575, 74225]"
111072,"[85176, 92643, 54050, 94444, 63028, 30663, 31490, 64881, 90777, 108195]"
111073,"[100286, 106979, 88132, 5214, 89583, 36995, 8732, 5495, 40222, 68779]"
111074,"[95778, 40990, 14147, 46343, 62919, 12653, 95264, 91682, 20877, 26347]"
111075,"[27988, 1463, 77572, 102413, 30794, 103250, 25398, 21010, 69284, 43480]"
111076,"[65757, 11637, 79361, 7566, 94328, 103156, 67154, 97544, 84388, 45819]"
111077,"[56247, 56261, 73903, 44765, 94248, 27500, 91339, 45572, 14213, 1313]"
111078,"[18321, 94938, 97238, 18033, 94921, 34504, 5535, 3402, 64612, 72522]"
111079,"[51356, 32686, 9656, 92570, 50521, 75151, 98418, 45676, 26735, 76507]"
111080,"[9211, 18295, 22847, 38769, 47137, 34715, 86797, 2553, 6607, 46097]"
111081,"[87663, 33282, 91104, 57757, 92292, 1815, 1111, 54728, 43069, 89234]"
111082,"[55403, 77287, 97750, 101024, 65366, 21023, 9812, 2870, 103422, 63244]"
111083,"[71293, 56016, 35296, 63970, 53654, 16511, 5280, 17042, 102993, 56461]"
111084,"[76275, 37230, 79795, 73223, 83710, 15709, 6050, 695, 81487, 74585]"
111085,"[61602, 50868, 57152, 95577, 98622, 90987, 93262, 11108, 81207, 18371]"
111086,"[81353, 28922, 66855, 61988, 35738, 49830, 84058, 69069, 44457, 82708]"
111087,"[5871, 60117, 20349, 8076, 54507, 97864, 35860, 11574, 77700, 14164]"
111088,"[29070, 61002, 46666, 45301, 38628, 45014, 42020, 40474, 16828, 91373]"
111089,"[58584, 21996, 47272, 80968, 97941, 32474, 80532, 50972, 8534, 34195]"
111090,"[81724, 52031, 84641, 78796, 13602, 6952, 46974, 75539, 25214, 2667]"
111091,"[76549, 53728, 82189, 24108, 67132, 21101, 68532, 22707, 24270, 39284]"
111092,"[63184, 35556, 74162, 32494, 20108, 61970, 42118, 96967, 42528, 48192]"
111093,"[32923, 52600, 50413, 982, 56832, 48096, 21782, 34801, 77497, 42973]"
111094,"[51324, 75588, 45627, 8000, 25757, 103848, 95811, 17770, 34420, 86493]"
111095,"[61301, 100511, 65409, 82809, 63415, 78263, 63098, 8415, 7399, 81205]"
111096,"[97999, 54612, 24112, 93339, 29797, 109562, 40214, 51573, 64412, 63693]"
111097,"[99718, 107811, 8391, 12652, 96902, 81861, 72218, 74831, 33432, 16707]"
111098,"[100741, 46898, 97800, 34342, 63346, 14059, 68113, 77781, 41831, 91052]"
111099,"[95438, 49528, 69790, 107205, 27455, 95173, 65824, 64134, 88431, 79931]"
111100,"[104490, 59043, 94070, 79389, 108886, 26232, 31047, 53759, 54261, 94986]"
111101,"[42029, 64664, 18816, 2559, 79380, 18954, 103283, 93023, 5884, 55118]"
111102,"[45567, 67094, 10688, 68758, 81206, 13205, 103457, 98839, 96371, 12081]"
111103,"[92484, 109546, 82845, 63556, 99041, 95733, 71822, 107998, 64656, 87584]"
111104,"[28267, 89902, 29073, 90275, 52730, 30045, 38171, 66811, 18097, 80560]"
111105,"[23719, 80377, 61855, 9792, 74109, 76336, 4838, 85828, 20134, 82072]"
111106,"[88036, 92630, 3443, 73821, 43544, 27351, 99621, 17583, 56827, 89646]"
111107,"[60576, 43266, 92309, 80006, 56772, 77134, 4677, 37371, 26116, 24039]"
111108,"[71391, 2035, 1286, 98890, 100786, 74780, 83299, 68968, 30862, 74512]"
111109,"[53750, 103723, 66905, 1117, 32568, 27862, 59038, 89471, 100118, 96431]"
111110,"[22848, 97641, 46195, 107468, 31423, 27643, 78962, 25044, 61137, 96618]"
111111,"[107489, 24455, 2076, 39221, 26102, 108078, 608, 31677, 34983, 27152]"
111112,"[93618, 624, 34688, 30535, 86448, 44077, 83435, 68654, 14151, 104900]"
111113,"[73208, 60167, 103551, 70545, 104030, 79214, 91894, 70210, 87698, 77803]"
111114,"[84611, 85581, 15416, 57559, 8969, 73623, 83873, 33389, 85015, 39130]"
111115,"[35934, 61461, 89921, 101514, 72013, 94022, 67468, 94341, 38553, 57314]"
111116,"[24534, 60991, 36987, 34320, 86839, 96675, 20490, 18323, 55455, 1215]"
111117,"[45675, 57486, 68256, 102524, 63406, 97828, 49275, 36011, 53553, 35889]"
111118,"[70384, 56535, 73176, 75173, 42772, 55473, 666, 7455, 89526, 104535]"
111119,"[4657, 19990, 12150, 76854, 88148, 96595, 88875, 3350, 94698, 51045]"
111120,"[106194, 73427, 89830, 11583, 75779, 87201, 10877, 55502, 34376, 31635]"
111121,"[29930, 67949, 45377, 7692, 55617, 55279, 84156, 5229, 66128, 47533]"
111122,"[15859, 14909, 100207, 33957, 109167, 6623, 53411, 34144, 44493, 15390]"
111123,"[10939, 39165, 56117, 25170, 89954, 4812, 76882, 1877, 63669, 37114]"
111124,"[97675, 35460, 32776, 16384, 86884, 61646, 6554, 34001, 12524, 85538]"
111125,"[39412, 44509, 15237, 3590, 85949, 29784, 94361, 52259, 11515, 96387]"
111126,"[67817, 62187, 16472, 99316, 44087, 29991, 11396, 68510, 79398, 98724]"
111127,"[21102, 16567, 90860, 93589, 69318, 104112, 39718, 66367, 13604, 10899]"
111128,"[91613, 47743, 28250, 3937, 65232, 29021, 92947, 78756, 69884, 73775]"
111129,"[65074, 23153, 36435, 86433, 48774, 93314, 51858, 20237, 55938, 79354]"
111130,"[8019, 19751, 17529, 81408, 9247, 4261, 40669, 12312, 73056, 35028]"
111131,"[16755, 84133, 93962, 55494, 56866, 90241, 98407, 105385, 59661, 20469]"
111132,"[106851, 12959, 15752, 87653, 43457, 4215, 30044, 95281, 93877, 108596]"
111133,"[65416, 13497, 61852, 65078, 17757, 24716, 93038, 47572, 53281, 88732]"
111134,"[52252, 48429, 74268, 96839, 11345, 8583, 89606, 21538, 8569, 3873]"
111135,"[12355, 17206, 47214, 23178, 16555, 16744, 66410, 35662, 52693, 35423]"
111136,"[88470, 26153, 74484, 69565, 87423, 61380, 76883, 2568, 6087, 8232]"
111137,"[92278, 8279, 3467, 17420, 36753, 87361, 6438, 65062, 66955, 76781]"
111138,"[4855, 11108, 99439, 38310, 60718, 99950, 70035, 76840, 66040, 74013]"
111139,"[39416, 64846, 55287, 44100, 106719, 16034, 18790, 98323, 54425, 83041]"
111140,"[3687, 93920, 89822, 41141, 55540, 55989, 19697, 33337, 72493, 60129]"
111141,"[96065, 32315, 74272, 43981, 60598, 33884, 107045, 107853, 105081, 70144]"
111142,"[83447, 82537, 71260, 22241, 68982, 77949, 39067, 42012, 63099, 82251]"
111143,"[83741, 72124, 49932, 8857, 12939, 8973, 98853, 5190, 30924, 102578]"
111144,"[97525, 97539, 61554, 19328, 107874, 51342, 17347, 47871, 60700, 87257]"
111145,"[78466, 28207, 73547, 19172, 38966, 58112, 75701, 21140, 90038, 32650]"
111146,"[102268, 55050, 43751, 79612, 12808, 20562, 32044, 52242, 93225, 74806]"
111147,"[3899, 33377, 67638, 44724, 84178, 36269, 44838, 38953, 67441, 107177]"
111148,"[9537, 29141, 76486, 3300, 97500, 99210, 54126, 50183, 11044, 31443]"
111149,"[18376, 79345, 32429, 64243, 104734, 44297, 93162, 55405, 73696, 4018]"
111150,"[55913, 49928, 69234, 42539, 85746, 17682, 5116, 26371, 6493, 101723]"
111151,"[19294, 98145, 35463, 37233, 36927, 13534, 43552, 75788, 94176, 41580]"
111152,"[1827, 74717, 62464, 31600, 51929, 1940, 79609, 43607, 47213, 95157]"
111153,"[106796, 24698, 50585, 49580, 90692, 76191, 106272, 99209, 49688, 29378]"
111154,"[84275, 100086, 12328, 47549, 18702, 48490, 81676, 62209, 51281, 52059]"
111155,"[53193, 95454, 42545, 36521, 92519, 37913, 32320, 79043, 103540, 62811]"
111156,"[8224, 51569, 5154, 72363, 59894, 98174, 44158, 108383, 15558, 89136]"
111157,"[103762, 30708, 40212, 31616, 92766, 15739, 4284, 51812, 45946, 20462]"
111158,"[102384, 20255, 73725, 84455, 102049, 99970, 12874, 46868, 1888, 22461]"
111159,"[9063, 44693, 78784, 19555, 10812, 26229, 76413, 107552, 76548, 90223]"
111160,"[44258, 83450, 34890, 97432, 57077, 2172, 48878, 36131, 8949, 71781]"
111161,"[29808, 60007, 103864, 48334, 81381, 77185, 71253, 60540, 108653, 68226]"
111162,"[5521, 13122, 76518, 107633, 3116, 95842, 39860, 60976, 50433, 7744]"
111163,"[84908, 27855, 48016, 40708, 97414, 66669, 57833, 98324, 57714, 6014]"
111164,"[60743, 88012, 4892, 103171, 86638, 30696, 28285, 8677, 67723, 99463]"
111165,"[56780, 95775, 57115, 48093, 64948, 38367, 75329, 20297, 68136, 65862]"
111166,"[40181, 23059, 105831, 70250, 67187, 108340, 87192, 67689, 106679, 34096]"
111167,"[24788, 57663, 637, 28927, 15551, 29711, 64054, 34782, 41639, 53420]"
111168,"[13748, 72188, 4621, 64443, 63869, 56985, 30667, 9394, 51908, 102508]"
111169,"[7017, 6652, 13388, 17550, 23605, 68845, 107616, 54834, 82041, 73214]"
111170,"[108831, 66762, 39495, 97753, 41606, 97456, 81264, 676, 75944, 52173]"
111171,"[47417, 64713, 8976, 42541, 738, 23977, 61258, 85151, 106778, 68051]"
111172,"[61354, 42501, 46985, 87841, 57550, 101280, 104420, 1591, 22518, 60554]"
111173,"[22950, 14791, 12701, 84021, 54954, 80504, 19448, 64279, 78431, 27850]"
111174,"[15036, 71556, 82108, 90014, 105177, 63989, 55245, 41512, 43861, 54011]"
111175,"[72931, 60403, 32658, 22612, 6065, 78103, 22190, 70438, 10498, 817]"
111176,"[90607, 4976, 93290, 42001, 102298, 75240, 2700, 73968, 50925, 29755]"
111177,"[44117, 7375, 44463, 105382, 88919, 19793, 55313, 79375, 31298, 12035]"
111178,"[5771, 47504, 75167, 97465, 108548, 1690, 74397, 72232, 37374, 64902]"
111179,"[19585, 30649, 35836, 14442, 80160, 9448, 107733, 91234, 20276, 82015]"
111180,"[14429, 62058, 20481, 54908, 23464, 35112, 49280, 20936, 90139, 73484]"
111181,"[75430, 39130, 3868, 77719, 16336, 3763, 101764, 61375, 61303, 34858]"
111182,"[98380, 80657, 68989, 6917, 89311, 100699, 73620, 75181, 26067, 42812]"
111183,"[29980, 56942, 1495, 60999, 44512, 108675, 51076, 15403, 70293, 74002]"
111184,"[67864, 17280, 59810, 93321, 46856, 54509, 100580, 27880, 70174, 41555]"
111185,"[15106, 72110, 51600, 66408, 10718, 54594, 55238, 65264, 12128, 77196]"
111186,"[53288, 29899, 71814, 106843, 24636, 64810, 59541, 63866, 74285, 43812]"
111187,"[53856, 80530, 60706, 86166, 14332, 3237, 91544, 79942, 16682, 81463]"
111188,"[82737, 4121, 12896, 107185, 61913, 107402, 58639, 58684, 84619, 11362]"
111189,"[29138, 108717, 13961, 106098, 36685, 74820, 1888, 27948, 25106, 11109]"
111190,"[34154, 74647, 59765, 78317, 10533, 53294, 65181, 52388, 65165, 109732]"
111191,"[94944, 94785, 74364, 61981, 38091, 41290, 20075, 13328, 66119, 74675]"
111192,"[78425, 88229, 38483, 77218, 34560, 83496, 7755, 31672, 60211, 75186]"
111193,"[60801, 82912, 59071, 9578, 59523, 104832, 46675, 91273, 40355, 38352]"
111194,"[108053, 109612, 27327, 63338, 60157, 3091, 105255, 63354, 3819, 14501]"
111195,"[67587, 57500, 91351, 16527, 16800, 68771, 101005, 2464, 1597, 53097]"
111196,"[96770, 22078, 22456, 80384, 107490, 60024, 83951, 71360, 62158, 5660]"
111197,"[9237, 12026, 5963, 96261, 48026, 87324, 36920, 69179, 102466, 102565]"
111198,"[32942, 90346, 27899, 67623, 59734, 76104, 15243, 77447, 45032, 85708]"
111199,"[55930, 84353, 102950, 106602, 35162, 84595, 44146, 68861, 20626, 97942]"
111200,"[15201, 88856, 109227, 16040, 48328, 72389, 109245, 55745, 72986, 85025]"
111201,"[86213, 18658, 43801, 98946, 86406, 94120, 27607, 31444, 41415, 103638]"
111202,"[92919, 47758, 92231, 38672, 22115, 62223, 71631, 76665, 41607, 64589]"
111203,"[7485, 65666, 74668, 79387, 74908, 79532, 83331, 92966, 64708, 25374]"
111204,"[17157, 2827, 27371, 16770, 32842, 8669, 99883, 83553, 108017, 108094]"
111205,"[30877, 56981, 3380, 46894, 34233, 92711, 74548, 3560, 78147, 93110]"
111206,"[54902, 45771, 16761, 59674, 14910, 32745, 14958, 30648, 108551, 50457]"
111207,"[27540, 15446, 7009, 48786, 73065, 89279, 68711, 75699, 11882, 45461]"
111208,"[83999, 104229, 67576, 70258, 31008, 84591, 105242, 11095, 4942, 6563]"
111209,"[101941, 60743, 26598, 33997, 95366, 89382, 33554, 26698, 99032, 101392]"
111210,"[90770, 3101, 101076, 58815, 46344, 3668, 71699, 59433, 102362, 89275]"
111211,"[100836, 86041, 74000, 17773, 76164, 17253, 94219, 98573, 11568, 81614]"
111212,"[60735, 18753, 5320, 49512, 99139, 27385, 39266, 84151, 41840, 63556]"
111213,"[22980, 47365, 21682, 107771, 92960, 88599, 39341, 55017, 41862, 25950]"
111214,"[55282, 85560, 27813, 34773, 107600, 77323, 7137, 86436, 4569, 78941]"
111215,"[50689, 10144, 29575, 23255, 100433, 30751, 90151, 29103, 13801, 35543]"
111216,"[105872, 97883, 59125, 68558, 80693, 19286, 40302, 86193, 57235, 21969]"
111217,"[18602, 48066, 35642, 26312, 33970, 30898, 40572, 8950, 10545, 43992]"
111218,"[82135, 39190, 96174, 1735, 7752, 64965, 40602, 96217, 101467, 35501]"
111219,"[14402, 95537, 57238, 19397, 87330, 11632, 88210, 87086, 104231, 49550]"
111220,"[71075, 107416, 86755, 61387, 53622, 38952, 11309, 65894, 30957, 26293]"
111221,"[84247, 43393, 14582, 84761, 70405, 22541, 6032, 70385, 22799, 20048]"
111222,"[91851, 16065, 100571, 55882, 96365, 27411, 61361, 84142, 95838, 65833]"
111223,"[26888, 69460, 21374, 102888, 42538, 80739, 58644, 89217, 80329, 63805]"
111224,"[82388, 28904, 100944, 20114, 28711, 25780, 105339, 85010, 65614, 64661]"
111225,"[97045, 86057, 95764, 102360, 64794, 83101, 10537, 65080, 83025, 6079]"
111226,"[27428, 17346, 68056, 68692, 54979, 30724, 81585, 66415, 11958, 1628]"
111227,"[18431, 82924, 63158, 77638, 23102, 3092, 24604, 36882, 74069, 19206]"
111228,"[76360, 10775, 91305, 24728, 95611, 23534, 16661, 58455, 108375, 82607]"
111229,"[71406, 34423, 47411, 107178, 52968, 83815, 101063, 21485, 72737, 61162]"
111230,"[98648, 16434, 28733, 68242, 12609, 5118, 80916, 46502, 95687, 80758]"
111231,"[107375, 85461, 106613, 2304, 14931, 86344, 58100, 79764, 44469, 13256]"
111232,"[40332, 57557, 55618, 51923, 57030, 31445, 96528, 108815, 82771, 61091]"
111233,"[77704, 98140, 73993, 10160, 48587, 4101, 12634, 54241, 69884, 19366]"
111234,"[65273, 86588, 75135, 85813, 45781, 83349, 28222, 94820, 94356, 85301]"
111235,"[107482, 22033, 8500, 46256, 106415, 39646, 81147, 49903, 83811, 78687]"
111236,"[87124, 92428, 6185, 18135, 59364, 60100, 52704, 33072, 104075, 28145]"
111237,"[82239, 75859, 24903, 34166, 39344, 108080, 77448, 5470, 15267, 69639]"
111238,"[74287, 97580, 87870, 107331, 27514, 11449, 19858, 9403, 89528, 5334]"
111239,"[93269, 62795, 18323, 91781, 88689, 25562, 33608, 61826, 51317, 53878]"
111240,"[33407, 55986, 85478, 13258, 4974, 55549, 24018, 73277, 38291, 45774]"
111241,"[12857, 81344, 10142, 66357, 83886, 84483, 80217, 58435, 67492, 69754]"
111242,"[3022, 91482, 81336, 47590, 69970, 38627, 43372, 106230, 65980, 57297]"
111243,"[64372, 26944, 91008, 63145, 4289, 89555, 93685, 14469, 14184, 51104]"
111244,"[91416, 56929, 79139, 24395, 51876, 71454, 2588, 21890, 534, 899]"
111245,"[28973, 27499, 38297, 69068, 66476, 41365, 103847, 101416, 100134, 5132]"
111246,"[10382, 40153, 64457, 57479, 97913, 104785, 95629, 102527, 101731, 72510]"
111247,"[60444, 109772, 23763, 93325, 98491, 21205, 96796, 52758, 22026, 47881]"
111248,"[96452, 84492, 22663, 18857, 106966, 93062, 63903, 45030, 56116, 88033]"
111249,"[81692, 2793, 62010, 24300, 97558, 3704, 87755, 71379, 3346, 93349]"
111250,"[67500, 92874, 21693, 12535, 47414, 29721, 47272, 59489, 62724, 94573]"
111251,"[63539, 29778, 44711, 105746, 5361, 15090, 29256, 76379, 36838, 32225]"
111252,"[35990, 64430, 23488, 34992, 71858, 57768, 7247, 7376, 48765, 65635]"
111253,"[103073, 26778, 93297, 64951, 43762, 93177, 53702, 88527, 103527, 46266]"
111254,"[14737, 33968, 65882, 79328, 16724, 62384, 92228, 101019, 101295, 108254]"
111255,"[76298, 33877, 12887, 33366, 28838, 40419, 91261, 103029, 5540, 102818]"
111256,"[64993, 48896, 18716, 101765, 109451, 13212, 55933, 81913, 97717, 93963]"
111257,"[105602, 50311, 92645, 51000, 51253, 72111, 22599, 41989, 32319, 87139]"
111258,"[39895, 28492, 34840, 39236, 95501, 39767, 14416, 21995, 29672, 34665]"
111259,"[49020, 38469, 6649, 68488, 82712, 55779, 73700, 10931, 104776, 11517]"
111260,"[52877, 109763, 53167, 40437, 92724, 85881, 78697, 77580, 58866, 1148]"
111261,"[55370, 74823, 95884, 5874, 76867, 28933, 2815, 93182, 38131, 81591]"
111262,"[37061, 93632, 16831, 42674, 86866, 98676, 12677, 45529, 57213, 59093]"
111263,"[107864, 92716, 40997, 42504, 44128, 53643, 101384, 27561, 72910, 77002]"
111264,"[54001, 12929, 4660, 65397, 5753, 72029, 91496, 63589, 54364, 91474]"
111265,"[80259, 57494, 21551, 98719, 64112, 67519, 87308, 54786, 16603, 65790]"
111266,"[63024, 46618, 51339, 38456, 82586, 41770, 62326, 7225, 76444, 48505]"
111267,"[17247, 10316, 62521, 72785, 107035, 64007, 39741, 53486, 13275, 37215]"
111268,"[57301, 13602, 38143, 34398, 6952, 91415, 68466, 35345, 35652, 42193]"
111269,"[81247, 55565, 66472, 72518, 16484, 99688, 99342, 61307, 75968, 53247]"
111270,"[37045, 99266, 2935, 45703, 58575, 93180, 34659, 61139, 60182, 56365]"
111271,"[20004, 82889, 87132, 12997, 91603, 31074, 96152, 49036, 87292, 100901]"
111272,"[26243, 4970, 99217, 85349, 37708, 23796, 3130, 42707, 69672, 4390]"
111273,"[42953, 21814, 90685, 91995, 58022, 18627, 16072, 32668, 31765, 62963]"
111274,"[108738, 51580, 106008, 46714, 83310, 5176, 93827, 30667, 23823, 63869]"
111275,"[32394, 13179, 106256, 59715, 35687, 49982, 52141, 95797, 86312, 7954]"
111276,"[37808, 43168, 30090, 8753, 30462, 17414, 53994, 25268, 8352, 57197]"
111277,"[107578, 21073, 9189, 33326, 29499, 10609, 48207, 58206, 559, 62599]"
111278,"[17957, 17663, 65474, 72131, 19693, 83696, 69171, 96781, 7456, 42978]"
111279,"[83247, 52886, 67354, 11489, 42355, 27617, 88479, 39631, 105227, 5023]"
111280,"[60590, 60864, 39671, 28689, 4548, 50914, 106142, 105248, 1689, 17034]"
111281,"[12096, 39287, 52867, 100111, 91723, 97810, 41973, 60525, 108648, 101483]"
111282,"[65359, 83017, 15701, 37097, 70621, 57415, 81678, 33845, 56240, 78645]"
111283,"[55031, 98613, 96813, 5367, 87275, 25213, 35691, 24879, 28397, 41202]"
111284,"[42317, 108891, 61697, 45273, 105280, 39668, 1207, 89169, 101895, 60975]"
111285,"[58089, 69885, 97078, 68343, 61292, 76924, 104062, 70404, 65178, 34630]"
111286,"[68043, 25246, 4000, 61203, 6694, 31262, 105118, 73274, 97060, 95162]"
111287,"[39883, 26962, 81233, 10232, 65238, 78740, 23707, 71887, 9229, 44257]"
111288,"[22127, 1700, 79798, 15734, 101363, 20664, 109513, 35279, 85888, 16391]"
111289,"[33524, 76117, 102592, 42962, 46085, 2605, 11921, 18933, 96399, 23149]"
111290,"[15521, 82577, 96833, 102477, 106292, 104018, 56905, 75666, 55931, 14962]"
111291,"[42479, 85608, 40531, 45025, 74704, 17131, 52823, 72873, 30918, 4359]"
111292,"[27937, 30759, 48296, 36902, 1097, 92977, 20497, 97489, 61720, 27183]"
111293,"[90277, 84766, 52260, 83204, 3959, 62688, 15047, 37060, 77749, 100327]"
111294,"[50894, 24884, 46160, 82034, 29304, 108498, 88029, 16060, 50781, 24484]"
111295,"[63220, 58971, 65277, 9485, 97722, 61106, 78337, 50326, 109771, 20633]"
111296,"[92210, 75316, 980, 107523, 63476, 54697, 22655, 3496, 53492, 38007]"
111297,"[86981, 56950, 99554, 27347, 83069, 94275, 18487, 91330, 12260, 50161]"
111298,"[48357, 37385, 27741, 98921, 23389, 7983, 89252, 101280, 22389, 32768]"
111299,"[17062, 94131, 16441, 11041, 62676, 96374, 99791, 78448, 8475, 33160]"
111300,"[11672, 78620, 16697, 21985, 98031, 92427, 54317, 2731, 20750, 48876]"
111301,"[15906, 27183, 47037, 70681, 36902, 77184, 65342, 6294, 87503, 35635]"
111302,"[108994, 44366, 87817, 42653, 73449, 67154, 97544, 103156, 6170, 69525]"
111303,"[14681, 45670, 102447, 92964, 39982, 29972, 86282, 46841, 50347, 46940]"
111304,"[51501, 74670, 22532, 57154, 95783, 50294, 69691, 73151, 7500, 31269]"
111305,"[92892, 94949, 64405, 18380, 38003, 35447, 53106, 31380, 1687, 84035]"
111306,"[59273, 75938, 8375, 101975, 89146, 76666, 2562, 108546, 102940, 41577]"
111307,"[84600, 44089, 87718, 65062, 8279, 92278, 102198, 87361, 66955, 3467]"
111308,"[26530, 81246, 25568, 97246, 88153, 7778, 54964, 49868, 74171, 109005]"
111309,"[46194, 31547, 17799, 82332, 100490, 76754, 78509, 28175, 81298, 55843]"
111310,"[92061, 35591, 11571, 52482, 1357, 16842, 28303, 17478, 85539, 98665]"
111311,"[100374, 3123, 49559, 87937, 83790, 93999, 85816, 46558, 60960, 19892]"
111312,"[35517, 53952, 7749, 84085, 91426, 24695, 34387, 31705, 17439, 55283]"
111313,"[45861, 83641, 49229, 24669, 14687, 93953, 5926, 85123, 22189, 85995]"
111314,"[92372, 83769, 38704, 95336, 6814, 4960, 72954, 7166, 343, 65378]"
111315,"[64970, 8112, 84413, 107045, 33718, 2980, 52782, 41073, 57643, 105081]"
111316,"[95104, 32080, 73146, 91068, 62963, 14446, 50190, 71135, 91995, 108464]"
111317,"[3731, 11767, 76734, 95891, 107718, 34050, 50774, 58325, 72010, 61329]"
111318,"[2181, 100660, 44758, 79018, 60888, 1757, 40596, 25285, 44326, 52912]"
111319,"[33528, 89472, 75098, 6128, 40424, 48780, 53151, 16976, 62124, 77428]"
111320,"[34442, 44526, 49606, 87683, 89086, 32606, 57788, 22351, 83654, 76780]"
111321,"[45891, 95229, 59170, 1141, 27868, 40526, 7259, 12224, 12696, 22293]"
111322,"[45516, 70445, 7502, 61670, 57295, 8519, 94837, 49955, 98385, 42431]"
111323,"[86231, 47202, 10297, 58202, 98177, 29755, 71650, 81968, 76235, 39826]"
111324,"[28577, 108427, 88243, 9352, 95417, 26219, 88033, 46735, 27471, 104801]"
111325,"[60408, 92545, 94014, 109025, 15186, 53205, 63590, 34148, 4398, 2220]"
111326,"[11815, 74433, 35014, 15141, 90826, 11200, 51465, 1517, 100685, 99908]"
111327,"[11871, 81904, 9705, 99041, 79539, 30256, 11285, 15472, 64360, 75725]"
111328,"[25677, 24641, 24695, 95626, 96029, 81629, 75292, 58968, 105773, 77676]"
111329,"[74832, 9071, 81171, 47143, 40831, 94006, 53609, 25275, 90457, 75103]"
111330,"[59071, 45507, 15546, 3249, 85663, 93595, 74046, 527, 3718, 7776]"
111331,"[101486, 47487, 66768, 23649, 76342, 85457, 19717, 69372, 62820, 12056]"
111332,"[78983, 99469, 90336, 79085, 80582, 28940, 87359, 10439, 92321, 82078]"
111333,"[67311, 87897, 70941, 40857, 89179, 74663, 96823, 74903, 28500, 34224]"
111334,"[102907, 94631, 81289, 66790, 30618, 93198, 3667, 26096, 16618, 7135]"
111335,"[7213, 15922, 71565, 91454, 81640, 102513, 1114, 61304, 17289, 54738]"
111336,"[52187, 63422, 107742, 23340, 326, 105676, 18632, 19247, 47222, 15029]"
111337,"[61914, 28369, 37214, 10701, 61818, 87414, 44760, 36943, 82811, 2903]"
111338,"[21057, 68801, 52473, 50883, 83514, 36758, 12677, 84436, 47288, 101894]"
111339,"[67522, 89558, 13981, 54847, 77585, 27174, 18462, 87009, 29549, 109628]"
111340,"[77417, 14457, 104314, 92154, 22616, 104261, 62736, 66118, 89972, 10779]"
111341,"[10817, 13541, 68723, 8355, 93507, 54320, 87370, 5617, 17107, 71056]"
111342,"[59776, 956, 107919, 50480, 108405, 64270, 44104, 11431, 13476, 108237]"
111343,"[106346, 45765, 31274, 85747, 10477, 46958, 30939, 86503, 4396, 5729]"
111344,"[34695, 21068, 101602, 70246, 61967, 50267, 24538, 65720, 97506, 86326]"
111345,"[104348, 73414, 16991, 12809, 100250, 34919, 35321, 1073, 106831, 45082]"
111346,"[10674, 24593, 72406, 2209, 103076, 97185, 6648, 106043, 83941, 12876]"
111347,"[779, 102801, 85589, 106935, 70467, 60708, 92538, 24415, 98091, 89807]"
111348,"[88181, 65884, 87642, 45305, 20658, 107308, 7695, 90349, 65867, 105684]"
111349,"[94466, 24251, 64702, 78877, 60638, 96254, 85087, 97847, 55797, 98587]"
111350,"[3297, 29837, 32364, 42175, 63764, 12636, 100898, 64408, 45241, 87162]"
111351,"[52230, 94900, 23064, 35695, 11387, 81018, 106241, 34394, 78837, 48328]"
111352,"[24474, 59210, 54782, 73044, 37031, 14523, 2317, 88722, 92677, 42030]"
111353,"[5898, 7167, 101106, 20139, 23169, 25541, 99570, 53376, 9076, 53139]"
111354,"[62587, 7631, 46960, 99793, 50426, 33769, 34617, 48515, 84438, 41399]"
111355,"[66748, 33423, 41877, 66860, 39003, 64501, 103741, 30280, 72980, 90687]"
111356,"[28629, 33058, 69259, 25899, 13962, 42488, 3824, 10791, 94199, 30167]"
111357,"[90718, 46109, 51932, 15595, 82399, 17926, 99620, 18598, 50708, 76542]"
111358,"[97916, 31542, 28431, 1473, 45314, 44657, 99552, 91756, 41901, 36910]"
111359,"[91006, 108813, 107440, 108368, 14405, 91899, 8132, 21520, 77199, 36795]"
111360,"[101841, 63936, 89053, 107496, 90030, 82179, 81751, 12312, 40940, 44049]"
111361,"[90356, 86300, 30918, 98555, 67998, 85608, 106595, 68255, 37630, 11447]"
111362,"[80048, 57205, 13136, 93798, 96212, 30107, 15732, 28885, 99679, 32460]"
111363,"[42555, 77439, 4765, 59506, 55812, 33092, 93274, 18959, 104590, 84690]"
111364,"[25582, 60294, 20343, 84554, 29122, 33768, 78516, 70298, 90080, 68207]"
111365,"[105926, 44579, 37641, 52101, 11387, 1082, 94900, 60183, 85852, 34394]"
111366,"[23295, 71873, 5272, 86539, 80951, 107918, 354, 70356, 4945, 24670]"
111367,"[67644, 56473, 6862, 13823, 19262, 6510, 104377, 27870, 22092, 72947]"
111368,"[52426, 33831, 24552, 6490, 36047, 12388, 3466, 69078, 42850, 74947]"
111369,"[81926, 90112, 1419, 57168, 1494, 101866, 30093, 17267, 30228, 73240]"
111370,"[90523, 48240, 8735, 82218, 55072, 48940, 33767, 70771, 71566, 100147]"
111371,"[78691, 16773, 97855, 41623, 5680, 71475, 17472, 34346, 94429, 46435]"
111372,"[72037, 59437, 37624, 97780, 76535, 73941, 76439, 46337, 95677, 48075]"
111373,"[95964, 73380, 3583, 101844, 1426, 82569, 85389, 107660, 75625, 71702]"
111374,"[41077, 84255, 103330, 105906, 56274, 61762, 81971, 52244, 50167, 26178]"
111375,"[93093, 102084, 78513, 105462, 1069, 13903, 6695, 48960, 34877, 7355]"
111376,"[10834, 25529, 52707, 80941, 108297, 98503, 107100, 57499, 4510, 65993]"
111377,"[99611, 105144, 80454, 105106, 53605, 37363, 67608, 54044, 33492, 56403]"
111378,"[84655, 12862, 84480, 94101, 88725, 47571, 69031, 73485, 81071, 52910]"
111379,"[104070, 86682, 65306, 31857, 2037, 57615, 89079, 91124, 79451, 49394]"
111380,"[77987, 19701, 98586, 44448, 82503, 7393, 3632, 21055, 73757, 88316]"
111381,"[7547, 29043, 65877, 40867, 3282, 54781, 40019, 5506, 18772, 883]"
111382,"[38673, 103469, 37559, 8691, 86349, 36752, 56233, 87170, 32938, 87868]"
111383,"[78155, 43020, 108807, 69108, 66639, 79068, 61993, 50781, 38243, 42881]"
111384,"[293, 83282, 90012, 77228, 65280, 90130, 77104, 92525, 107627, 47197]"
111385,"[103842, 29273, 12023, 3043, 39098, 45705, 41048, 72060, 50456, 29296]"
111386,"[88429, 4886, 109022, 94953, 67611, 45177, 75441, 36275, 8447, 37691]"
111387,"[67933, 87916, 11517, 29928, 21015, 75464, 76425, 9538, 58050, 22024]"
111388,"[88240, 55594, 94099, 69484, 109299, 42832, 101352, 80287, 5426, 66098]"
111389,"[9068, 72040, 92793, 22505, 81487, 47480, 37230, 76275, 16001, 106930]"
111390,"[68313, 17659, 95743, 15983, 20763, 38346, 27418, 92347, 21702, 91971]"
111391,"[107637, 85303, 77498, 95043, 74640, 105892, 87448, 98943, 57551, 46984]"
111392,"[6859, 6371, 49776, 71112, 15319, 73964, 31911, 34313, 23497, 108163]"
111393,"[11652, 49415, 23641, 40614, 1899, 70935, 102636, 48937, 90055, 71380]"
111394,"[61368, 41647, 83928, 46556, 84009, 93028, 25047, 91411, 74841, 13980]"
111395,"[32178, 9226, 85792, 20471, 9287, 79834, 77255, 40999, 18276, 28539]"
111396,"[665, 67378, 28047, 103143, 18938, 54209, 20899, 1804, 106961, 35645]"
111397,"[56241, 43384, 66441, 43501, 69272, 35465, 20670, 99305, 2192, 40972]"
111398,"[79607, 28570, 31959, 17038, 106519, 63749, 106493, 89740, 17027, 8371]"
111399,"[42586, 77389, 894, 22061, 52300, 21535, 73100, 88862, 43102, 16380]"
111400,"[8477, 21209, 25473, 24265, 78019, 21260, 95299, 15239, 54576, 42152]"
111401,"[80428, 104409, 12511, 55315, 19127, 35196, 48729, 7574, 105203, 25951]"
111402,"[82722, 62546, 52029, 46281, 68103, 27628, 97124, 34161, 36567, 93198]"
111403,"[71400, 28254, 96300, 24948, 56391, 90427, 12384, 19227, 83394, 93600]"
111404,"[105923, 21230, 79446, 78107, 51906, 11365, 61001, 61588, 88701, 48034]"
111405,"[71064, 89447, 97010, 59237, 69126, 87982, 72817, 9901, 36248, 91677]"
111406,"[95562, 71862, 77139, 13933, 18321, 14414, 64612, 57785, 2395, 4791]"
111407,"[33637, 34525, 5550, 16299, 70475, 3772, 57041, 93867, 20160, 85456]"
111408,"[34515, 50991, 49867, 99865, 88055, 89394, 95564, 20272, 4673, 90679]"
111409,"[6865, 17411, 74880, 40943, 13556, 28597, 81748, 20504, 13701, 105604]"
111410,"[68668, 36674, 27322, 44914, 63377, 25706, 23563, 25894, 60699, 15232]"
111411,"[4841, 35957, 4116, 72610, 34851, 83763, 51796, 107238, 6664, 65977]"
111412,"[21194, 87518, 59535, 77028, 78465, 35417, 8374, 75940, 30046, 67769]"
111413,"[33883, 19906, 28282, 50612, 24116, 57956, 54627, 78056, 27086, 76638]"
111414,"[78814, 63290, 1737, 36228, 103787, 65240, 25065, 21486, 58033, 31828]"
111415,"[68664, 74614, 106607, 12790, 37244, 70208, 78189, 30432, 29834, 55399]"
111416,"[26157, 31181, 64088, 31823, 69108, 29932, 25118, 28882, 79068, 81051]"
111417,"[29516, 428, 8721, 9682, 105968, 2051, 51877, 71164, 31664, 11195]"
111418,"[31658, 103207, 10501, 63793, 93257, 25752, 38025, 39766, 67084, 64931]"
111419,"[83811, 46256, 107482, 8500, 39646, 49903, 81147, 100630, 101562, 25877]"
111420,"[84106, 11523, 92820, 77369, 109627, 59269, 14845, 69377, 58142, 53596]"
111421,"[47219, 18739, 68662, 59901, 8009, 4553, 68985, 34060, 60733, 28913]"
111422,"[24957, 65886, 42332, 57033, 68232, 86337, 96750, 54462, 31809, 27760]"
111423,"[63445, 83338, 38950, 49369, 7551, 84638, 659, 72044, 5542, 30989]"
111424,"[109739, 79203, 72466, 12467, 72272, 86722, 27645, 88114, 51024, 107332]"
111425,"[42117, 85767, 32399, 85983, 62241, 29471, 36892, 97000, 84977, 13592]"
111426,"[11071, 78831, 10843, 102822, 21993, 24385, 5296, 4347, 65576, 10673]"
111427,"[22610, 33466, 99973, 19016, 14006, 73437, 102132, 56945, 5077, 48504]"
111428,"[6566, 54050, 31490, 64881, 90777, 56229, 108195, 85176, 24170, 91949]"
111429,"[36810, 80861, 35374, 81056, 69797, 52535, 47135, 58374, 79060, 75052]"
111430,"[96135, 90774, 25792, 63623, 18400, 73536, 25694, 7375, 19793, 82437]"
111431,"[26007, 22952, 11752, 59165, 40764, 35899, 98430, 21149, 107803, 99278]"
111432,"[54124, 38595, 44121, 78763, 107397, 6592, 63162, 83222, 47617, 23532]"
111433,"[107726, 97364, 13962, 90799, 52819, 40165, 96588, 13147, 31108, 55844]"
111434,"[3044, 81829, 83661, 1776, 34100, 17451, 2657, 72738, 81758, 24010]"
111435,"[77765, 68766, 12551, 59834, 48094, 70962, 16202, 15070, 74355, 86375]"
111436,"[93420, 69726, 97467, 16896, 88860, 89936, 101523, 40663, 37743, 13322]"
111437,"[35350, 84534, 6139, 97804, 22750, 36647, 59973, 87154, 65150, 52105]"
111438,"[4713, 42684, 38718, 107658, 43084, 91783, 50355, 95749, 13535, 44965]"
111439,"[67555, 40316, 105589, 58733, 92553, 9693, 26738, 19838, 71716, 40830]"
111440,"[49033, 71991, 4638, 42566, 92719, 72331, 48131, 77962, 26716, 37519]"
111441,"[14396, 38450, 34806, 16376, 42368, 106848, 87767, 77029, 97282, 89360]"
111442,"[50823, 5506, 97642, 56908, 72384, 32822, 6124, 69358, 65877, 22495]"
111443,"[6356, 30832, 97188, 108212, 49393, 25595, 66464, 102405, 47075, 18083]"
111444,"[78188, 69042, 81638, 72781, 11087, 14618, 19136, 28983, 79824, 50647]"
111445,"[81056, 69797, 52535, 83793, 46501, 75052, 31672, 107141, 807, 4948]"
111446,"[45653, 53203, 106826, 3618, 69890, 88179, 68896, 10629, 107119, 86903]"
111447,"[52904, 5626, 43837, 107248, 58401, 19056, 82087, 47924, 72745, 88077]"
111448,"[68332, 54039, 1250, 54447, 41897, 47597, 25742, 98328, 93098, 21056]"
111449,"[71546, 42039, 41963, 1154, 58384, 25659, 99991, 75389, 73832, 23327]"
111450,"[29828, 89707, 59083, 71091, 1523, 66333, 45369, 11286, 27650, 28493]"
111451,"[69464, 86404, 12574, 99120, 39429, 54316, 21058, 75084, 35457, 105168]"
111452,"[73144, 107568, 22353, 55535, 104816, 16539, 65543, 41750, 79919, 83791]"
111453,"[33619, 75685, 107499, 74395, 64332, 106690, 41191, 89747, 35578, 9398]"
111454,"[93824, 33028, 30842, 91284, 22185, 14702, 23835, 62508, 31322, 98803]"
111455,"[4665, 91687, 11864, 39681, 88136, 14021, 3742, 102726, 26300, 56660]"
111456,"[59966, 106166, 43355, 9589, 52611, 52807, 14532, 70330, 102815, 6822]"
111457,"[36253, 50911, 105708, 100353, 26367, 30645, 80737, 60626, 75928, 96385]"
111458,"[95478, 3627, 47456, 78355, 36807, 59577, 73258, 88319, 83179, 86039]"
111459,"[33919, 70177, 12006, 57394, 36751, 15997, 2927, 94013, 33145, 88613]"
111460,"[41982, 40840, 30994, 57797, 71847, 16662, 44639, 35315, 50936, 99110]"
111461,"[34451, 84961, 61529, 98310, 70375, 54215, 98510, 83958, 87620, 12493]"
111462,"[12456, 91501, 70110, 105174, 41673, 40611, 48553, 15113, 41733, 103683]"
111463,"[39253, 54637, 91934, 76066, 100365, 102753, 41801, 57456, 94017, 88296]"
111464,"[98480, 71014, 63743, 4233, 99187, 15666, 82523, 102539, 91626, 2816]"
111465,"[8296, 109101, 100896, 49215, 94124, 15308, 49199, 41758, 95977, 96797]"
111466,"[54499, 63503, 54182, 50380, 79680, 58955, 100438, 45459, 77657, 81084]"
111467,"[71850, 6093, 86318, 64644, 106913, 59330, 43183, 40198, 86736, 18194]"
111468,"[97372, 97500, 63929, 49725, 105099, 85918, 6558, 56257, 18476, 1297]"
111469,"[49091, 46817, 107340, 63456, 77120, 106002, 75227, 61260, 28053, 101112]"
111470,"[87930, 64910, 55941, 31790, 95233, 109123, 90250, 10203, 59337, 10001]"
111471,"[21305, 16536, 62506, 105671, 97535, 44757, 100497, 17960, 76630, 101307]"
111472,"[39757, 23462, 13673, 12220, 72200, 13002, 100058, 75051, 13259, 79223]"
111473,"[34431, 83692, 67268, 62264, 91670, 34807, 34615, 88483, 34134, 99579]"
111474,"[48182, 21698, 87116, 69608, 84954, 30916, 100656, 73245, 95070, 53371]"
111475,"[99483, 19690, 99753, 51838, 17205, 61399, 78361, 17904, 20858, 37495]"
111476,"[56601, 90316, 25709, 92796, 6973, 58625, 87004, 93923, 19299, 12927]"
111477,"[29190, 95165, 62832, 70297, 47228, 61695, 38968, 1881, 93357, 42810]"
111478,"[61233, 59846, 106381, 61962, 103535, 76529, 70559, 103703, 36570, 13627]"
111479,"[30275, 1303, 9449, 7767, 73885, 50733, 104379, 108151, 70951, 45614]"
111480,"[9914, 26254, 63703, 61254, 80867, 80302, 18184, 84759, 104145, 46173]"
111481,"[5038, 61716, 75281, 82804, 36525, 62934, 95694, 97977, 75531, 67422]"
111482,"[22294, 90425, 60091, 77928, 82496, 5332, 82698, 6567, 24867, 22625]"
111483,"[13453, 102387, 99533, 27996, 61940, 12426, 18817, 31592, 11120, 81183]"
111484,"[45322, 56753, 61380, 5224, 101952, 32699, 79751, 51079, 72627, 96460]"
111485,"[30621, 4266, 32551, 65613, 64899, 53085, 64977, 12858, 19931, 12782]"
111486,"[100100, 35898, 25598, 101444, 92748, 76788, 106115, 44578, 68475, 51140]"
111487,"[30736, 62022, 22630, 42135, 106146, 53353, 86951, 12879, 29269, 72140]"
111488,"[38898, 35771, 27172, 34078, 100665, 62853, 19804, 106779, 36815, 89919]"
111489,"[87371, 7846, 8974, 44536, 18839, 41537, 16809, 96957, 80306, 1796]"
111490,"[17094, 63463, 104530, 99836, 57262, 60323, 49039, 98870, 3459, 37548]"
111491,"[88759, 41544, 24770, 38532, 79608, 65672, 56171, 92607, 68675, 39773]"
111492,"[89434, 109545, 15441, 23089, 23272, 103226, 105018, 60744, 57017, 42339]"
111493,"[67890, 36546, 84619, 30156, 52046, 108920, 27912, 106068, 94424, 83453]"
111494,"[82922, 40475, 74671, 10989, 99641, 20265, 31557, 76563, 72571, 80138]"
111495,"[42953, 75842, 65343, 96216, 16343, 84547, 58022, 90685, 30324, 7650]"
111496,"[56540, 51243, 40793, 63928, 88041, 86575, 24952, 13040, 90345, 53820]"
111497,"[2497, 49379, 49891, 52211, 46657, 49459, 53800, 46457, 70868, 98939]"
111498,"[83733, 56604, 98391, 74625, 93674, 12157, 5948, 33327, 15461, 60058]"
111499,"[73856, 76930, 39401, 59584, 9969, 43789, 7969, 75794, 61143, 97739]"
111500,"[108771, 101899, 62053, 35623, 36858, 44615, 84386, 5786, 25504, 97202]"
111501,"[11721, 103751, 62518, 71236, 25174, 43233, 57599, 32833, 13429, 70806]"
111502,"[97738, 42241, 98189, 73206, 51653, 58701, 70412, 79859, 9184, 49979]"
111503,"[72412, 74990, 37507, 32962, 66365, 85518, 81078, 7557, 21790, 67999]"
111504,"[24942, 29896, 1953, 96888, 99197, 100081, 24512, 95455, 107230, 51982]"
111505,"[17221, 83130, 93652, 51550, 23191, 79998, 96625, 25010, 34041, 103117]"
111506,"[103804, 92095, 85821, 5656, 88257, 106477, 77330, 71087, 74274, 20083]"
111507,"[103519, 10902, 73052, 39480, 100829, 97715, 92523, 33943, 24192, 44646]"
111508,"[52781, 17028, 94969, 106174, 59024, 20609, 5958, 16517, 32511, 47062]"
111509,"[18704, 105213, 94955, 10349, 106928, 13531, 66237, 9078, 92794, 97352]"
111510,"[38878, 81186, 89404, 40808, 91222, 45013, 18046, 79243, 40750, 105689]"
111511,"[98790, 93491, 27947, 5611, 37185, 93603, 107056, 73520, 64960, 65227]"
111512,"[46729, 10053, 46187, 21592, 45211, 13332, 14082, 20831, 26628, 12918]"
111513,"[47997, 104188, 87995, 5868, 82517, 72329, 53263, 4255, 61501, 69773]"
111514,"[59075, 21244, 62568, 73661, 59177, 40152, 11718, 6617, 78040, 66922]"
111515,"[98085, 13905, 35070, 18076, 90167, 85013, 45608, 36891, 99067, 66450]"
111516,"[95002, 34396, 81349, 62900, 45288, 66539, 91775, 89594, 93025, 42540]"
111517,"[46109, 99620, 15595, 61707, 51932, 26922, 82399, 90718, 96767, 50708]"
111518,"[68794, 106562, 18458, 17856, 66310, 91037, 74726, 13692, 58639, 96319]"
111519,"[70915, 95688, 74919, 80294, 52397, 11580, 42177, 38178, 98418, 60941]"
111520,"[6754, 66716, 15297, 57084, 10911, 6348, 28536, 29577, 21949, 100345]"
111521,"[36503, 54440, 59455, 52703, 38032, 13324, 17761, 7454, 22342, 95465]"
111522,"[2477, 83337, 19871, 6780, 9452, 46048, 57450, 37686, 59582, 79735]"
111523,"[17246, 77635, 90045, 38960, 8468, 64434, 84201, 82082, 43936, 26507]"
111524,"[103675, 2585, 51181, 76352, 20584, 3618, 3232, 26533, 17593, 73943]"
111525,"[83333, 27278, 60640, 107762, 38558, 64862, 107955, 37583, 60746, 75434]"
111526,"[88432, 35104, 44160, 18681, 93335, 51596, 62320, 15529, 99445, 44085]"
111527,"[49316, 3681, 7654, 99014, 8455, 85126, 90982, 24553, 91186, 60235]"
111528,"[82884, 100329, 86112, 90867, 42811, 106783, 29486, 39271, 28003, 105479]"
111529,"[79850, 41400, 85786, 103670, 79144, 88284, 70505, 38777, 56517, 86248]"
111530,"[13548, 89440, 58586, 18442, 36374, 907, 5573, 90062, 70367, 43024]"
111531,"[50247, 97058, 104007, 83994, 54102, 60903, 76683, 82846, 13681, 37428]"
111532,"[50506, 97735, 8696, 13618, 65079, 41351, 106555, 82910, 14010, 15157]"
111533,"[75949, 29947, 29484, 40777, 22448, 10766, 104437, 96157, 9324, 13848]"
111534,"[77481, 53880, 12831, 97464, 76536, 88041, 22382, 87091, 86575, 102414]"
111535,"[65615, 81074, 61052, 93174, 89345, 14898, 67372, 13129, 55869, 42091]"
111536,"[96139, 54817, 48684, 34704, 37627, 30552, 27345, 27382, 34754, 1093]"
111537,"[89339, 1198, 80817, 45278, 103393, 49523, 32199, 25881, 33135, 8219]"
111538,"[45590, 82964, 12117, 94293, 34996, 32061, 109524, 42015, 23603, 37657]"
111539,"[18553, 103081, 28191, 35987, 77971, 12080, 23794, 67860, 51174, 99566]"
111540,"[57755, 101480, 64050, 25513, 70623, 68073, 50667, 88196, 55150, 45379]"
111541,"[3269, 98612, 30710, 60455, 13615, 71592, 64442, 106794, 34241, 94348]"
111542,"[42440, 81631, 96325, 102514, 81055, 26665, 68958, 1989, 56178, 49930]"
111543,"[36842, 103475, 8693, 50129, 78622, 98296, 56887, 19772, 86784, 69599]"
111544,"[57953, 105601, 57879, 70806, 97974, 84287, 74239, 83720, 20858, 39448]"
111545,"[86968, 23776, 44092, 38226, 48822, 48652, 101082, 9338, 24215, 40248]"
111546,"[79124, 73747, 79250, 4292, 95251, 5511, 21091, 4944, 29953, 59333]"
111547,"[95891, 109203, 25477, 10408, 89063, 72010, 3731, 72537, 78466, 39321]"
111548,"[88365, 25664, 20482, 77261, 11321, 11021, 34144, 63154, 8563, 30781]"
111549,"[93415, 40949, 43009, 4401, 74131, 70843, 80960, 22665, 4354, 54907]"
111550,"[16203, 17327, 109549, 51403, 31884, 62602, 97853, 53953, 28186, 77175]"
111551,"[45682, 84664, 21345, 47063, 7869, 56689, 75835, 57623, 19642, 84204]"
111552,"[95884, 76867, 28933, 5874, 74823, 14993, 100625, 68815, 75981, 71314]"
111553,"[85332, 76039, 82604, 54481, 97892, 50004, 103084, 88186, 19968, 55346]"
111554,"[1561, 11160, 61663, 105105, 64878, 95318, 87824, 41046, 44364, 101393]"
111555,"[80846, 75494, 88944, 30898, 33970, 27219, 51113, 70098, 88167, 31770]"
111556,"[52228, 26824, 3548, 95364, 79781, 90745, 59743, 28292, 31180, 99870]"
111557,"[58183, 99451, 66765, 58350, 42478, 78354, 68405, 74680, 67007, 19472]"
111558,"[68580, 62387, 55724, 84080, 86367, 36086, 44635, 74600, 74786, 20450]"
111559,"[36468, 89105, 61908, 107861, 7317, 66427, 70023, 77907, 87107, 31866]"
111560,"[93147, 57006, 28882, 89344, 16200, 28680, 64178, 37020, 10289, 92222]"
111561,"[60557, 83765, 11105, 92776, 99363, 43894, 102957, 10030, 105507, 18987]"
111562,"[15275, 24464, 3287, 66141, 94948, 108592, 100669, 70996, 93657, 53051]"
111563,"[3170, 48713, 26919, 63834, 12009, 38821, 107867, 99969, 22074, 56975]"
111564,"[95169, 25956, 75057, 26267, 36385, 63542, 51595, 41752, 83188, 24843]"
111565,"[93327, 93203, 63390, 7100, 37820, 93532, 37293, 45402, 97874, 89285]"
111566,"[54183, 36292, 34419, 26903, 76810, 57602, 43295, 100010, 99817, 82615]"
111567,"[8647, 45366, 92393, 14068, 84581, 18290, 85973, 95531, 27042, 42447]"
111568,"[9385, 53691, 20624, 73157, 48833, 39946, 99990, 41205, 78582, 96521]"
111569,"[54211, 14804, 15111, 17950, 78510, 61722, 105155, 52845, 105836, 45759]"
111570,"[79702, 51241, 76419, 42813, 50897, 6456, 101218, 5093, 51393, 80845]"
111571,"[25844, 68314, 68085, 50722, 86706, 62245, 45009, 69873, 102538, 18856]"
111572,"[80251, 15198, 57566, 41572, 94603, 1079, 50567, 62503, 88764, 107666]"
111573,"[24968, 28775, 61270, 91337, 76932, 73722, 98509, 78547, 77983, 36274]"
111574,"[91172, 82227, 39167, 94002, 20049, 69482, 38193, 54662, 16292, 17338]"
111575,"[44356, 78768, 26641, 10557, 27572, 77857, 78030, 23138, 82381, 28824]"
111576,"[61973, 49471, 35756, 8071, 3209, 89802, 54665, 90543, 97255, 107212]"
111577,"[82885, 59486, 89307, 33670, 84906, 4209, 44395, 50820, 30163, 43851]"
111578,"[84224, 105645, 103832, 10802, 80077, 18395, 80105, 93636, 44714, 37929]"
111579,"[39645, 77942, 1867, 101755, 58319, 63489, 58845, 20009, 33036, 34590]"
111580,"[48508, 29330, 80041, 24333, 52507, 92806, 56610, 412, 84269, 17203]"
111581,"[18593, 43787, 102015, 53969, 58530, 70303, 69623, 70716, 39965, 86836]"
111582,"[73024, 97389, 38355, 27619, 98006, 107103, 44226, 31475, 92467, 70953]"
111583,"[53548, 11350, 14854, 65653, 78332, 59451, 77109, 10090, 57218, 59073]"
111584,"[97296, 85436, 92582, 13177, 7800, 84668, 34058, 107801, 19274, 62957]"
111585,"[72879, 83049, 35872, 65546, 15136, 58057, 76675, 90927, 80600, 86521]"
111586,"[102198, 103850, 43037, 104703, 65787, 67234, 11895, 40145, 14922, 61426]"
111587,"[75853, 10119, 47931, 47254, 13758, 98352, 6481, 1784, 93836, 106621]"
111588,"[36874, 79409, 55576, 78148, 47010, 65712, 35382, 93639, 46144, 94483]"
111589,"[52560, 18814, 55142, 4702, 95977, 58664, 66594, 65631, 59737, 64174]"
111590,"[89981, 105438, 98143, 11927, 6088, 14437, 8504, 60594, 77829, 39812]"
111591,"[71865, 89998, 46276, 54489, 36087, 104027, 78560, 36868, 56876, 77706]"
111592,"[43327, 87806, 64678, 35721, 37062, 40173, 22753, 43524, 74792, 1912]"
111593,"[1340, 12292, 72448, 18758, 60470, 61397, 102088, 22910, 5784, 66685]"
111594,"[27465, 36033, 89402, 83788, 19014, 69471, 86415, 25264, 20980, 58289]"
111595,"[28983, 85276, 17857, 48554, 10633, 46650, 87866, 83224, 81080, 102153]"
111596,"[103869, 85093, 27470, 63604, 22970, 85722, 31413, 26318, 26120, 54944]"
111597,"[95694, 67422, 103917, 61716, 101394, 6226, 82804, 75281, 62934, 101194]"
111598,"[85233, 33765, 88495, 8366, 4760, 74432, 97648, 65466, 3598, 10957]"
111599,"[46312, 4053, 39633, 90931, 50534, 78601, 22944, 7663, 47492, 87117]"
111600,"[74551, 94962, 14144, 19933, 71329, 87802, 71888, 77644, 27800, 55087]"
111601,"[34001, 67008, 81254, 2957, 104613, 33464, 27239, 12524, 85538, 28403]"
111602,"[9850, 62362, 13712, 30836, 81337, 78593, 53908, 93842, 16027, 82118]"
111603,"[42202, 107915, 64637, 85999, 88723, 45348, 28543, 50676, 37242, 70971]"
111604,"[61771, 28614, 93848, 54497, 108718, 56073, 95903, 26110, 24836, 28818]"
111605,"[16802, 99170, 85067, 82364, 88939, 36828, 40476, 51989, 105388, 49705]"
111606,"[1071, 63197, 26392, 61847, 97899, 77143, 102254, 67852, 28660, 23970]"
111607,"[327, 79206, 69518, 92477, 48286, 51003, 61066, 10934, 69201, 72551]"
111608,"[40339, 70243, 5649, 59598, 54111, 84590, 55575, 72975, 33880, 66090]"
111609,"[45577, 86120, 101132, 89391, 99315, 94730, 81677, 12969, 15418, 48518]"
111610,"[38403, 14997, 36498, 74623, 600, 28641, 83149, 53942, 7108, 97450]"
111611,"[103812, 25621, 68453, 63700, 56102, 85319, 93628, 51737, 76873, 66185]"
111612,"[17824, 46572, 47713, 88219, 33823, 11466, 102402, 87792, 42562, 22217]"
111613,"[14593, 43310, 93833, 26417, 64112, 87288, 42282, 13773, 80259, 21551]"
111614,"[1178, 45295, 11401, 18073, 80370, 69967, 4140, 20192, 17275, 14464]"
111615,"[17177, 84547, 76981, 55627, 79558, 1144, 36678, 30660, 102512, 91292]"
111616,"[101107, 75085, 13456, 7724, 27631, 83782, 69612, 96183, 94189, 33901]"
111617,"[94219, 9877, 39333, 70116, 29022, 80450, 66657, 84142, 36573, 12408]"
111618,"[59425, 47747, 31590, 42743, 434, 109143, 14976, 100863, 98502, 99307]"
111619,"[103651, 0, 68136, 58207, 62293, 7503, 37307, 35084, 91615, 71913]"
111620,"[101951, 1098, 45224, 8580, 99282, 47717, 48650, 22951, 96637, 33795]"
111621,"[15949, 19743, 38836, 27021, 11011, 42775, 71019, 99979, 20389, 17800]"
111622,"[96669, 41446, 87234, 60009, 13009, 41816, 103455, 30869, 61719, 39499]"
111623,"[65575, 86445, 95039, 14723, 31227, 92424, 94223, 12642, 95073, 85773]"
111624,"[72717, 49692, 79831, 105845, 13015, 16340, 5350, 70156, 57733, 94206]"
111625,"[9293, 39526, 33883, 19906, 42975, 28282, 8436, 104426, 48257, 58324]"
111626,"[11539, 30973, 49685, 5472, 15138, 54803, 68564, 38621, 87000, 6608]"
111627,"[1920, 42823, 98897, 32698, 98184, 2410, 7491, 14578, 50935, 88504]"
111628,"[71307, 3929, 93113, 16433, 61419, 46782, 48382, 66205, 70090, 46770]"
111629,"[19952, 3999, 27473, 69244, 44138, 32261, 16641, 93260, 17596, 25960]"
111630,"[62730, 58243, 95439, 37896, 5703, 73419, 89037, 20064, 5086, 29376]"
111631,"[3154, 55170, 38423, 34990, 11221, 1642, 47616, 75039, 34854, 85635]"
111632,"[8420, 12847, 100167, 79781, 60070, 86110, 12937, 45317, 97881, 55673]"
111633,"[16844, 65839, 80896, 23236, 85187, 80523, 21059, 44448, 85636, 73757]"
111634,"[27661, 96738, 76570, 80387, 99661, 94320, 63666, 1489, 66823, 11744]"
111635,"[103382, 77763, 49234, 60657, 41190, 64836, 33691, 74805, 10116, 14443]"
111636,"[56936, 15509, 108627, 57133, 44980, 57861, 82450, 32555, 60340, 68026]"
111637,"[68350, 76110, 18125, 13137, 21269, 86571, 57826, 78133, 77634, 107883]"
111638,"[63333, 23913, 2095, 93099, 65947, 88587, 41941, 60262, 19577, 35319]"
111639,"[35687, 87174, 71581, 106256, 11441, 57095, 26126, 27760, 74045, 65886]"
111640,"[17211, 53577, 5022, 93633, 67186, 75436, 33849, 66038, 48155, 78812]"
111641,"[47543, 26300, 4665, 65856, 5168, 109597, 66331, 90194, 26321, 29655]"
111642,"[27593, 72146, 52486, 37877, 50560, 65126, 19627, 151, 93847, 12648]"
111643,"[58403, 60886, 85753, 107264, 76560, 26252, 34072, 92906, 30837, 96131]"
111644,"[64974, 92085, 43700, 82370, 12405, 61483, 12243, 62656, 6773, 57438]"
111645,"[87319, 83119, 28464, 3347, 16015, 34665, 5347, 31572, 10512, 87164]"
111646,"[74802, 55582, 63818, 48715, 72919, 101903, 64561, 20314, 84571, 84045]"
111647,"[17892, 11468, 45527, 59981, 65347, 87541, 82512, 32244, 95546, 13339]"
111648,"[24310, 70731, 42884, 52957, 87884, 97683, 81357, 71008, 45800, 21686]"
111649,"[95812, 26183, 93241, 24727, 85627, 94181, 55283, 44647, 102940, 105857]"
111650,"[12633, 13887, 99738, 101013, 30272, 33151, 15786, 55381, 35930, 88906]"
111651,"[14843, 93107, 77656, 8837, 11429, 95797, 78477, 59498, 106958, 60852]"
111652,"[104391, 5094, 74845, 83353, 29044, 10933, 100282, 81829, 8526, 49497]"
111653,"[77411, 81194, 62889, 78669, 46238, 29069, 81174, 17012, 37611, 72953]"
111654,"[79365, 101970, 68835, 55811, 11301, 16810, 11744, 83279, 82181, 93135]"
111655,"[32810, 23863, 26783, 71558, 107049, 49488, 91030, 49270, 31814, 96659]"
111656,"[100675, 58127, 867, 35129, 90162, 41132, 10473, 75962, 40372, 39138]"
111657,"[66394, 56052, 75433, 96532, 18038, 59260, 63396, 31418, 40886, 48985]"
111658,"[90436, 82168, 70591, 95871, 99214, 97596, 11026, 52131, 17936, 30210]"
111659,"[100232, 103875, 107508, 13094, 38574, 94490, 55836, 1962, 5816, 109570]"
111660,"[57751, 93313, 41512, 9213, 64172, 7850, 63989, 99274, 50970, 90014]"
111661,"[91761, 54177, 87337, 5677, 41490, 9035, 6598, 22154, 84467, 38850]"
111662,"[31958, 62767, 14537, 77753, 39334, 74860, 19175, 37840, 91214, 46587]"
111663,"[8093, 16652, 64591, 101829, 38100, 15675, 52573, 58351, 38750, 13883]"
111664,"[23189, 42546, 1740, 10745, 35617, 85441, 64041, 24732, 46038, 82078]"
111665,"[100906, 78733, 50656, 77053, 6229, 75224, 103172, 81513, 2512, 81193]"
111666,"[66778, 78906, 103867, 61423, 47446, 98233, 6378, 108274, 105502, 35076]"
111667,"[9201, 17198, 10200, 42873, 11963, 96870, 40764, 96696, 35899, 68565]"
111668,"[49669, 11685, 10549, 81541, 79435, 46810, 6404, 71869, 22803, 6212]"
111669,"[88902, 83061, 33356, 85589, 106787, 33283, 6322, 81898, 73409, 63477]"
111670,"[73015, 69957, 28859, 55655, 40641, 27239, 50829, 95907, 88934, 2683]"
111671,"[87483, 12165, 81842, 43332, 42418, 19161, 41086, 76527, 72589, 6692]"
111672,"[5973, 34570, 74103, 66701, 45728, 107498, 80747, 24655, 3252, 100532]"
111673,"[74507, 30923, 1823, 93667, 100679, 15298, 14806, 89149, 11866, 36750]"
111674,"[74654, 69146, 46520, 55362, 88694, 49803, 65199, 76225, 12850, 2932]"
111675,"[43254, 77972, 85281, 87871, 71958, 49976, 61967, 95398, 98279, 106402]"
111676,"[81132, 45206, 84589, 51496, 26022, 62649, 6317, 66168, 89999, 82719]"
111677,"[19657, 89399, 72360, 21435, 21719, 90749, 94699, 98626, 45335, 24356]"
111678,"[101430, 15660, 57854, 56650, 40753, 50367, 81720, 104387, 98499, 76870]"
111679,"[68743, 67521, 28485, 38337, 45639, 108860, 20329, 31199, 46064, 77506]"
111680,"[62379, 45349, 81824, 57248, 90216, 54026, 25997, 108087, 30996, 103314]"
111681,"[63753, 49192, 47954, 44742, 53336, 1415, 78236, 13141, 92729, 76961]"
111682,"[29473, 65970, 65411, 50690, 103311, 63758, 42429, 91527, 72493, 13469]"
111683,"[53468, 21842, 101414, 48309, 18145, 102458, 99094, 72816, 53057, 64277]"
111684,"[21790, 45920, 7557, 33881, 23375, 2061, 33052, 35527, 72683, 73730]"
111685,"[74476, 106996, 2797, 81094, 80334, 68077, 32749, 26069, 60172, 45827]"
111686,"[128, 91758, 94155, 13874, 23541, 66829, 7541, 100789, 76159, 79622]"
111687,"[81064, 43737, 48689, 19468, 68170, 3529, 40779, 28472, 59199, 24484]"
111688,"[56502, 25539, 20048, 22799, 70385, 82613, 84761, 22541, 75600, 71571]"
111689,"[8832, 65097, 63454, 91881, 47251, 13581, 16066, 27177, 100945, 96290]"
111690,"[53150, 107767, 57156, 91189, 93828, 74892, 92913, 27672, 26818, 83603]"
111691,"[8322, 38237, 38150, 34676, 36974, 83050, 97747, 18836, 105617, 6790]"
111692,"[16340, 58338, 52237, 62049, 29984, 22657, 24000, 71809, 24275, 67683]"
111693,"[3275, 67586, 1197, 79315, 98059, 18718, 76060, 18754, 24515, 29365]"
111694,"[99477, 33426, 11090, 83679, 25060, 56177, 55429, 80287, 28668, 47242]"
111695,"[3606, 107547, 49129, 18379, 37747, 15683, 22177, 30773, 92237, 51017]"
111696,"[14795, 70170, 8601, 88887, 11854, 39002, 50382, 30571, 46275, 85026]"
111697,"[40093, 70763, 36031, 32509, 21282, 103624, 100792, 70364, 97603, 56139]"
111698,"[81052, 6986, 343, 96164, 21973, 22557, 88309, 42309, 105208, 46303]"
111699,"[102800, 80634, 49954, 11560, 41781, 85716, 69477, 85213, 59987, 30940]"
111700,"[40808, 89404, 38878, 81186, 91222, 4976, 62183, 18046, 42001, 39427]"
111701,"[10606, 21804, 60844, 100266, 22710, 53211, 103128, 106438, 37885, 54439]"
111702,"[104616, 58366, 73003, 1697, 49425, 32657, 62023, 33825, 88301, 24937]"
111703,"[24840, 61336, 27373, 31708, 14753, 23773, 99383, 8058, 99855, 61161]"
111704,"[5044, 99234, 59723, 107509, 88207, 51872, 102375, 78690, 63993, 64934]"
111705,"[99082, 95269, 30576, 79369, 28339, 43444, 55244, 104571, 46431, 3614]"
111706,"[51552, 82739, 1176, 98131, 2247, 72387, 109563, 106689, 97078, 92632]"
111707,"[70035, 63169, 66040, 88481, 103395, 78643, 47185, 60885, 4855, 7828]"
111708,"[98570, 54301, 18960, 79037, 78880, 56185, 25711, 80292, 58129, 45636]"
111709,"[55471, 81455, 58804, 100167, 18024, 1736, 59948, 77404, 61627, 48]"
111710,"[13784, 86278, 74742, 26954, 56621, 40138, 39932, 91865, 34278, 17288]"
111711,"[83855, 30266, 45224, 7937, 107757, 735, 34682, 55589, 91125, 68890]"
111712,"[33128, 83037, 106660, 54000, 12018, 88098, 28781, 108790, 41656, 12370]"
111713,"[10560, 31105, 100210, 107156, 68967, 1906, 22511, 41314, 45654, 84474]"
111714,"[28162, 75487, 9938, 94311, 19199, 48161, 95824, 2262, 98454, 37235]"
111715,"[87382, 3547, 87472, 105844, 88777, 2205, 70285, 69033, 50583, 10318]"
111716,"[36420, 60466, 25180, 22086, 7471, 22835, 51616, 43743, 59078, 3011]"
111717,"[19184, 28615, 26482, 4132, 8613, 92150, 12644, 8440, 73687, 28247]"
111718,"[109184, 58641, 72741, 91828, 77002, 58582, 17190, 44128, 91476, 9303]"
111719,"[66612, 106438, 52198, 77313, 89133, 71165, 24265, 61432, 15239, 42152]"
111720,"[4111, 98581, 3845, 105607, 63333, 65918, 54923, 32285, 53743, 88029]"
111721,"[75574, 55643, 48316, 63061, 30646, 50028, 109376, 80451, 65957, 3273]"
111722,"[103840, 65101, 51025, 96247, 40741, 644, 83038, 17191, 13790, 25803]"
111723,"[91165, 55658, 44311, 100354, 39620, 6174, 16733, 12, 17247, 61493]"
111724,"[3919, 45333, 84313, 108471, 106683, 26721, 102807, 92224, 95593, 20090]"
111725,"[26460, 107215, 87893, 15347, 92671, 82193, 105810, 105822, 101598, 53207]"
111726,"[38922, 2064, 83092, 19876, 81805, 19860, 33870, 59841, 60125, 25137]"
111727,"[3887, 89948, 63910, 83522, 35917, 25341, 109475, 52010, 43256, 23609]"
111728,"[57675, 4884, 105365, 90611, 51152, 77706, 17788, 52597, 16129, 12500]"
111729,"[79979, 106146, 42135, 102052, 8685, 53353, 101810, 38685, 75330, 29269]"
111730,"[50941, 29557, 25443, 74652, 48008, 30456, 67325, 76656, 108309, 22292]"
111731,"[49833, 7223, 87812, 81414, 79237, 43937, 54091, 80175, 92164, 95719]"
111732,"[10381, 28475, 54593, 66851, 806, 82968, 34465, 19209, 28043, 81864]"
111733,"[80187, 75215, 30367, 63902, 83897, 57219, 109168, 104505, 86467, 37207]"
111734,"[96513, 43048, 43069, 34177, 61331, 30946, 9241, 73718, 11590, 25436]"
111735,"[109501, 40239, 32317, 9836, 70093, 51635, 35743, 46183, 104735, 46196]"
111736,"[17386, 36472, 18359, 51576, 86371, 28864, 53577, 10747, 10577, 5386]"
111737,"[35898, 100100, 65259, 83474, 18820, 80462, 68475, 44578, 98121, 74006]"
111738,"[50973, 67497, 12369, 78074, 20616, 51089, 66290, 19761, 46151, 98471]"
111739,"[19981, 47499, 76420, 3178, 74123, 58064, 40282, 18270, 70816, 16660]"
111740,"[25373, 29900, 11852, 91708, 18463, 36009, 71540, 2525, 34347, 101034]"
111741,"[38112, 33131, 86151, 33217, 53876, 39905, 15923, 62515, 69284, 51786]"
111742,"[27840, 69210, 86912, 31327, 47059, 59037, 71963, 10819, 109734, 67624]"
111743,"[91553, 107673, 64215, 4836, 80756, 50508, 82694, 67964, 101255, 65021]"
111744,"[49859, 81964, 83045, 35000, 93396, 89761, 2386, 54074, 79522, 24979]"
111745,"[14300, 7713, 50159, 101341, 27976, 49557, 87439, 21043, 47600, 97321]"
111746,"[51821, 11057, 10016, 94048, 37271, 71199, 95896, 21576, 98627, 11110]"
111747,"[103568, 41837, 29630, 58170, 64321, 36729, 49184, 35715, 95322, 106636]"
111748,"[29873, 85894, 49626, 64000, 54566, 97850, 56642, 95042, 15137, 24469]"
111749,"[47260, 20137, 32618, 52879, 68548, 55719, 58335, 91312, 102104, 68373]"
111750,"[76199, 89448, 104447, 16892, 97157, 85696, 68270, 41842, 17401, 20729]"
111751,"[64966, 15439, 6477, 6949, 18199, 81834, 59628, 57424, 16022, 77000]"
111752,"[25594, 6414, 6761, 51068, 58125, 29744, 98704, 49579, 76849, 100092]"
111753,"[14229, 55391, 108313, 44086, 106954, 7476, 6106, 108144, 38194, 85362]"
111754,"[65230, 82268, 106623, 46605, 26728, 101853, 98845, 8340, 49826, 87091]"
111755,"[81628, 107717, 22584, 3346, 5927, 64538, 87137, 99139, 86738, 27385]"
111756,"[94652, 61605, 26564, 48281, 13756, 103391, 58306, 106852, 48358, 5828]"
111757,"[18924, 6563, 2049, 29517, 22531, 28588, 74793, 3909, 46992, 21223]"
111758,"[7835, 9789, 35450, 103470, 26916, 39182, 39977, 76058, 80791, 35470]"
111759,"[20112, 7513, 98898, 67776, 79370, 3500, 64856, 74053, 24005, 7901]"
111760,"[87648, 12624, 37384, 52790, 65569, 97938, 690, 36814, 78958, 9820]"
111761,"[701, 104326, 29077, 5672, 83755, 73489, 17151, 8171, 90994, 95930]"
111762,"[105328, 25288, 22930, 32395, 63964, 61232, 18810, 82689, 37434, 6940]"
111763,"[51608, 15957, 52803, 102054, 33361, 21930, 80076, 78340, 85743, 27977]"
111764,"[54304, 43674, 57945, 49268, 63930, 57410, 88808, 92801, 59797, 106506]"
111765,"[51137, 79949, 90186, 13968, 8702, 21078, 53210, 68582, 21094, 67554]"
111766,"[70671, 97133, 22377, 38393, 77139, 7335, 41045, 83195, 82130, 53676]"
111767,"[2179, 67971, 72507, 66169, 93384, 40792, 19623, 41403, 2133, 23443]"
111768,"[5194, 37781, 95893, 52595, 100397, 71299, 83071, 101697, 69741, 6025]"
111769,"[6660, 56144, 15249, 61548, 9860, 3946, 28858, 68897, 109314, 96224]"
111770,"[108221, 88541, 38994, 82272, 101944, 68750, 79705, 24938, 75374, 40899]"
111771,"[6817, 82608, 6548, 48781, 57822, 14248, 63397, 74554, 13701, 52043]"
111772,"[74050, 36855, 47403, 43300, 87156, 59109, 5018, 46045, 23713, 92765]"
111773,"[94496, 85774, 60778, 5894, 53404, 73760, 96496, 92453, 97779, 86382]"
111774,"[62242, 94776, 53391, 19226, 24172, 93204, 74897, 5070, 27798, 53338]"
111775,"[88873, 13738, 92113, 47071, 109114, 65336, 80913, 68476, 34643, 15175]"
111776,"[66972, 9140, 60640, 106727, 18393, 71948, 14121, 49545, 63718, 35196]"
111777,"[58868, 68849, 92098, 60059, 102164, 27633, 20637, 37360, 40330, 73379]"
111778,"[61009, 71561, 41399, 11118, 13730, 109057, 6895, 92033, 31133, 83047]"
111779,"[107000, 93894, 36416, 59249, 25538, 89038, 35217, 44759, 25551, 64858]"
111780,"[63675, 13200, 100706, 37204, 49587, 71749, 45085, 7519, 65193, 103790]"
111781,"[61283, 59445, 12090, 101798, 10435, 51416, 436, 72989, 3552, 17006]"
111782,"[33366, 28838, 76298, 12887, 52780, 40419, 62847, 91261, 103029, 5540]"
111783,"[93075, 31306, 3362, 11660, 22007, 4663, 28301, 80691, 76618, 84648]"
111784,"[27406, 36304, 53988, 2602, 30912, 70400, 19147, 84082, 71738, 53034]"
111785,"[80015, 48224, 68852, 56500, 33786, 55856, 45605, 44816, 18970, 56061]"
111786,"[98452, 10052, 54926, 75270, 88381, 108359, 59702, 24261, 10530, 38224]"
111787,"[13898, 27205, 22853, 17966, 53805, 104882, 73014, 77736, 36737, 10358]"
111788,"[65104, 58869, 44877, 88032, 18730, 27732, 5045, 33755, 16836, 105711]"
111789,"[28104, 37127, 104996, 50359, 56385, 95715, 92283, 89297, 92818, 74202]"
111790,"[30799, 102664, 50212, 39611, 107054, 83263, 16489, 39080, 30914, 58356]"
111791,"[90985, 103437, 47535, 35634, 50393, 21227, 61040, 39877, 32727, 97636]"
111792,"[88424, 27466, 39880, 80858, 97079, 109285, 26964, 97850, 31272, 30040]"
111793,"[57269, 37094, 86950, 6155, 66313, 86000, 32539, 52517, 96853, 73174]"
111794,"[36095, 45629, 56932, 56669, 73950, 26070, 78801, 51213, 17351, 51528]"
111795,"[48568, 53734, 14633, 104517, 58129, 64609, 58429, 79862, 3862, 60395]"
111796,"[32321, 108404, 77516, 47637, 16710, 81074, 18328, 90635, 47389, 19660]"
111797,"[91856, 44431, 3659, 57109, 89416, 6609, 44119, 45417, 96535, 53852]"
111798,"[100536, 101654, 64420, 38015, 37240, 86540, 97933, 103657, 7935, 18612]"
111799,"[28130, 12057, 37108, 38070, 86409, 30473, 7415, 109335, 28705, 93903]"
111800,"[26071, 86813, 71589, 101684, 106863, 92289, 78120, 82891, 39448, 3808]"
111801,"[76330, 10056, 11162, 40804, 104399, 1282, 90383, 32464, 57378, 96644]"
111802,"[82196, 11720, 56681, 61343, 51670, 84783, 86938, 80854, 36024, 77921]"
111803,"[106604, 22540, 71836, 29465, 92100, 58708, 99889, 76607, 14604, 654]"
111804,"[6351, 76384, 47763, 51445, 41977, 105921, 28108, 104677, 106905, 61102]"
111805,"[54743, 10600, 77189, 98871, 86843, 83164, 5635, 15904, 21045, 16911]"
111806,"[100665, 94838, 109478, 54449, 89919, 7679, 26892, 108385, 42571, 42009]"
111807,"[10820, 33639, 36505, 61665, 70557, 44306, 49423, 7401, 108446, 100612]"
111808,"[1364, 85691, 60711, 108755, 103975, 74310, 44817, 63356, 99824, 17453]"
111809,"[85197, 38332, 20957, 88272, 25789, 17473, 94585, 62053, 39724, 53382]"
111810,"[78453, 108217, 6904, 27744, 98501, 96219, 5116, 69234, 106830, 49928]"
111811,"[47167, 33436, 58318, 47089, 97226, 90309, 10965, 54657, 38632, 105738]"
111812,"[73424, 40335, 58222, 40819, 29431, 34301, 40416, 3069, 28471, 98141]"
111813,"[102711, 34244, 24547, 34081, 94758, 32303, 77897, 66300, 53965, 64031]"
111814,"[89307, 27132, 61689, 51085, 77648, 33670, 94657, 84906, 80568, 82893]"
111815,"[81437, 37678, 97000, 72227, 42117, 69600, 63746, 65073, 6544, 84977]"
111816,"[71009, 109240, 73290, 55423, 58778, 87949, 18434, 94266, 11446, 74082]"
111817,"[13010, 62834, 95424, 97752, 18775, 21158, 27359, 87650, 14642, 89552]"
111818,"[72195, 43178, 73111, 69562, 64089, 40470, 44508, 4813, 41994, 91298]"
111819,"[53483, 8662, 33197, 91374, 42080, 92670, 100477, 92500, 45075, 74850]"
111820,"[14702, 62508, 109521, 45095, 36538, 51411, 30842, 39829, 9069, 66768]"
111821,"[58957, 57943, 84830, 108614, 739, 91937, 8869, 36682, 84231, 104458]"
111822,"[20548, 40920, 77005, 38191, 70685, 106824, 50321, 3238, 76879, 47646]"
111823,"[36804, 18637, 14000, 41346, 44353, 35408, 37689, 7246, 73534, 43065]"
111824,"[63173, 104359, 98221, 46110, 95821, 37862, 36790, 77481, 82451, 100206]"
111825,"[22606, 91830, 102274, 72258, 4481, 92360, 38464, 13422, 21299, 35603]"
111826,"[108866, 86482, 71628, 13108, 61459, 44103, 10913, 93832, 13132, 87605]"
111827,"[47574, 51257, 43723, 59788, 64364, 23066, 107615, 27389, 52463, 31123]"
111828,"[101475, 84862, 77930, 37616, 23176, 52213, 45319, 23313, 84891, 81355]"
111829,"[24600, 104077, 67473, 40703, 57009, 61831, 32778, 16861, 36352, 20702]"
111830,"[27013, 35353, 58408, 20351, 101585, 27138, 79688, 68159, 108206, 18834]"
111831,"[7632, 28661, 6723, 48078, 97989, 49992, 35435, 88621, 19547, 57239]"
111832,"[24111, 66918, 89485, 17264, 60974, 73659, 105764, 54492, 70020, 100568]"
111833,"[60979, 99921, 32884, 84236, 10806, 60819, 66048, 89227, 89564, 80179]"
111834,"[22086, 7471, 7647, 60466, 73464, 82611, 6427, 24763, 43743, 66445]"
111835,"[68866, 62616, 37292, 83909, 31255, 86221, 70174, 1780, 56360, 27880]"
111836,"[65034, 80629, 74184, 82908, 97165, 56977, 97996, 67130, 64507, 87975]"
111837,"[72392, 55776, 17105, 21602, 59114, 3760, 35397, 93015, 60778, 5894]"
111838,"[74183, 74269, 15448, 95386, 55487, 19742, 92520, 53421, 2738, 6749]"
111839,"[59970, 4851, 54483, 57467, 108756, 107696, 56336, 54493, 91994, 65249]"
111840,"[3820, 5610, 44702, 79024, 76011, 1608, 23153, 65074, 55238, 53526]"
111841,"[49620, 44070, 22542, 58048, 22546, 104565, 45286, 89764, 99058, 11865]"
111842,"[74609, 76250, 94742, 51622, 33429, 60104, 68447, 37493, 82836, 102153]"
111843,"[88184, 96800, 27541, 26039, 42108, 22987, 93492, 66687, 46140, 84428]"
111844,"[89968, 107672, 71905, 94724, 85475, 201, 104412, 87597, 89310, 89091]"
111845,"[63394, 58102, 94970, 84644, 57685, 50548, 10704, 53687, 36822, 40805]"
111846,"[15082, 18629, 6891, 84107, 13218, 59031, 58710, 74283, 106029, 57618]"
111847,"[83651, 12883, 83907, 94989, 14094, 32986, 10444, 13999, 109176, 87511]"
111848,"[86609, 7516, 21031, 88674, 83335, 57202, 35637, 69686, 99035, 76826]"
111849,"[69460, 58644, 13737, 67450, 91734, 66544, 63805, 42538, 26888, 80739]"
111850,"[72632, 73770, 36429, 90222, 96561, 91253, 39308, 14310, 39890, 41902]"
111851,"[86542, 52456, 7408, 89287, 105340, 19005, 84376, 10215, 18805, 48452]"
111852,"[8254, 37408, 61998, 41251, 36421, 77491, 46156, 57525, 50464, 76443]"
111853,"[61923, 63698, 76919, 93737, 108099, 88894, 13779, 9799, 103155, 67459]"
111854,"[82892, 36871, 68701, 77501, 47660, 78812, 35849, 21291, 62850, 54718]"
111855,"[1079, 75470, 8603, 58402, 66887, 24312, 68165, 20089, 37226, 19910]"
111856,"[33317, 76687, 26995, 19367, 20869, 68133, 81300, 100491, 106681, 32042]"
111857,"[45209, 20997, 14407, 64835, 65406, 69884, 107431, 60548, 15027, 39406]"
111858,"[21132, 20769, 71276, 88953, 17766, 20615, 67894, 63683, 76081, 91904]"
111859,"[39042, 1538, 28389, 42270, 79144, 43177, 59426, 48883, 83082, 106060]"
111860,"[56996, 59975, 44727, 79415, 79214, 68733, 26283, 21300, 102195, 47452]"
111861,"[4202, 40503, 66977, 24306, 88930, 41775, 79008, 107328, 88074, 21530]"
111862,"[10232, 65731, 92141, 35971, 107033, 103364, 96794, 3776, 47352, 61533]"
111863,"[45311, 99517, 64518, 67652, 27934, 40992, 43402, 36954, 48252, 89168]"
111864,"[58767, 99200, 105642, 50120, 15137, 58828, 99342, 68662, 25531, 106301]"
111865,"[68280, 70647, 36732, 53024, 12233, 85088, 14767, 107954, 96886, 95379]"
111866,"[96979, 28156, 88211, 4830, 23142, 76746, 13697, 87665, 65568, 16952]"
111867,"[72104, 93205, 10511, 8554, 71056, 97751, 46346, 98252, 87380, 29822]"
111868,"[27550, 39118, 59236, 16684, 70323, 5921, 19972, 99365, 76581, 23722]"
111869,"[18896, 74366, 39052, 51823, 18633, 14718, 95976, 25950, 105604, 73272]"
111870,"[47480, 16001, 12429, 43041, 89299, 57619, 16503, 103237, 30549, 94401]"
111871,"[19643, 85977, 43610, 43774, 79932, 74665, 102365, 17863, 25132, 70826]"
111872,"[43896, 39684, 55005, 2448, 35123, 87489, 50485, 4856, 46682, 12060]"
111873,"[102472, 106943, 60879, 42834, 57859, 19214, 99921, 52643, 92082, 46995]"
111874,"[63044, 506, 23486, 24985, 48734, 64190, 51448, 51160, 107832, 39928]"
111875,"[1032, 36669, 81656, 71523, 27495, 99839, 81912, 46690, 37217, 28512]"
111876,"[85768, 76276, 91210, 83341, 104012, 17458, 11779, 79102, 52544, 88580]"
111877,"[55867, 101281, 61863, 101863, 79470, 44677, 4755, 22923, 42532, 83889]"
111878,"[22985, 68935, 10459, 15001, 53904, 51024, 109739, 49656, 8814, 25126]"
111879,"[38819, 63734, 85835, 83441, 12367, 107978, 28158, 13233, 17341, 27268]"
111880,"[66564, 1523, 90563, 53886, 3387, 101879, 14887, 42790, 37646, 22968]"
111881,"[70762, 29816, 4223, 53742, 79418, 54365, 94561, 31655, 16270, 77482]"
111882,"[1427, 50871, 99165, 90724, 98121, 55371, 88590, 13323, 74006, 19739]"
111883,"[9882, 26195, 37797, 81351, 72857, 3624, 67156, 30930, 99231, 27987]"
111884,"[38673, 37559, 86090, 3738, 8691, 13479, 103469, 86349, 36752, 106457]"
111885,"[63771, 72081, 5804, 94860, 94208, 80446, 9597, 18472, 91580, 42200]"
111886,"[31069, 39060, 56190, 89398, 55147, 104908, 91243, 57349, 40235, 19378]"
111887,"[69882, 92865, 100420, 105372, 5328, 107586, 18574, 106211, 12800, 15261]"
111888,"[10010, 29519, 2915, 109318, 7346, 79061, 32673, 12364, 12505, 91310]"
111889,"[46297, 34594, 99359, 86429, 24567, 37738, 60339, 45015, 36273, 33932]"
111890,"[74218, 32664, 91661, 14780, 46753, 8888, 77296, 28616, 27690, 1325]"
111891,"[81161, 86263, 7155, 29537, 82646, 40587, 19507, 25859, 82344, 15123]"
111892,"[12381, 65831, 23041, 43731, 88941, 70794, 10178, 30616, 81122, 109575]"
111893,"[82197, 50418, 42766, 92845, 56063, 8235, 34231, 4815, 74736, 19283]"
111894,"[25989, 25794, 26669, 99155, 69204, 97015, 26042, 92487, 15612, 100530]"
111895,"[32519, 85008, 71861, 30886, 108133, 34115, 32248, 70931, 26119, 20573]"
111896,"[88999, 91134, 73850, 75572, 65004, 940, 48488, 47106, 93576, 60148]"
111897,"[96812, 97159, 35546, 52890, 23914, 38461, 51914, 8176, 98984, 40054]"
111898,"[107073, 88187, 78788, 92353, 97158, 104100, 26159, 44095, 50832, 23413]"
111899,"[76332, 23330, 105324, 69446, 94125, 89884, 89508, 72086, 62810, 8134]"
111900,"[5091, 89522, 15609, 36801, 56790, 6950, 52839, 6407, 96188, 69417]"
111901,"[18104, 44406, 76169, 70550, 73625, 9029, 78648, 9523, 42734, 35627]"
111902,"[8363, 12361, 101220, 16950, 57038, 8042, 101273, 27554, 82004, 90482]"
111903,"[68280, 70647, 36732, 53024, 12233, 85088, 14767, 107954, 96886, 95379]"
111904,"[91944, 59393, 78610, 101804, 40852, 85638, 94797, 18666, 66353, 81435]"
111905,"[94954, 2971, 50728, 13130, 85988, 50106, 71348, 59557, 74275, 86752]"
111906,"[6464, 100096, 95882, 22867, 48953, 58181, 31994, 92304, 63562, 83793]"
111907,"[2360, 89825, 18870, 49940, 65561, 37339, 21916, 40530, 21829, 53228]"
111908,"[108198, 53920, 88809, 45480, 48216, 51069, 10053, 43193, 92578, 46388]"
111909,"[6247, 10901, 12282, 10039, 14591, 66003, 99923, 33101, 51410, 76879]"
111910,"[33807, 83401, 89964, 25735, 61509, 24535, 39230, 30269, 45389, 16986]"
111911,"[71213, 92782, 31545, 78517, 93420, 3932, 25413, 42578, 105254, 24700]"
111912,"[102069, 80678, 34222, 61791, 63924, 100980, 58387, 39615, 72004, 106222]"
111913,"[83127, 80989, 41639, 109692, 76923, 103395, 71856, 62751, 78525, 93262]"
111914,"[101206, 83027, 61972, 55068, 101630, 50644, 89180, 29017, 32583, 6500]"
111915,"[96039, 79834, 26270, 71096, 42475, 18276, 11230, 42191, 108233, 13991]"
111916,"[92067, 81423, 41011, 72132, 58685, 105160, 176, 90254, 23968, 81776]"
111917,"[66750, 69906, 88014, 66251, 655, 99930, 93872, 84307, 107946, 4021]"
111918,"[107279, 94542, 25644, 69674, 46078, 74710, 27534, 74434, 15277, 85740]"
111919,"[50103, 62687, 72530, 35095, 72661, 48143, 80568, 83366, 12332, 71836]"
111920,"[9557, 92817, 39238, 86617, 71469, 51392, 63273, 27099, 48362, 106659]"
111921,"[81986, 10484, 66073, 101684, 20828, 12679, 12315, 106863, 97370, 26071]"
111922,"[49043, 101050, 21948, 4852, 56106, 97682, 107602, 41581, 26780, 95940]"
111923,"[66546, 16294, 62829, 60602, 103676, 97775, 49663, 70631, 94607, 47216]"
111924,"[53324, 105180, 15188, 59769, 32631, 3051, 76401, 25039, 21171, 22670]"
111925,"[34922, 9889, 42037, 2722, 90330, 37866, 27403, 63827, 76034, 88607]"
111926,"[81651, 79364, 72682, 28119, 67738, 91345, 96161, 109443, 27790, 5147]"
111927,"[21588, 76710, 35559, 31276, 92856, 631, 95996, 92876, 8775, 92684]"
111928,"[78348, 41667, 20469, 78127, 43450, 21711, 78296, 95314, 46903, 105048]"
111929,"[70538, 4712, 67369, 92921, 102692, 46732, 52814, 102607, 96074, 77102]"
111930,"[105567, 61743, 104217, 52060, 18007, 41618, 41809, 95030, 24574, 25628]"
111931,"[40779, 84510, 48689, 106757, 74752, 68170, 63675, 21082, 94567, 81954]"
111932,"[50383, 55653, 59823, 78447, 25455, 74597, 96941, 19150, 102641, 12697]"
111933,"[23410, 32234, 47060, 36175, 85226, 38373, 32653, 35823, 50629, 97474]"
111934,"[24249, 71444, 29352, 90957, 39581, 22523, 68600, 85272, 90319, 63904]"
111935,"[53100, 8087, 13542, 106575, 45212, 16883, 81555, 85769, 78704, 79468]"
111936,"[94700, 68904, 32729, 71548, 99136, 97356, 16938, 107095, 33999, 46835]"
111937,"[95301, 50918, 54446, 5791, 97069, 19375, 76463, 50428, 71957, 87641]"
111938,"[94035, 60519, 77196, 22307, 59682, 41636, 15106, 87816, 48893, 71068]"
111939,"[30736, 22630, 87815, 99349, 88423, 108862, 2975, 28811, 56918, 18502]"
111940,"[42192, 87944, 87779, 74837, 21352, 57405, 72265, 92250, 68052, 68634]"
111941,"[4986, 52869, 77470, 9267, 40974, 67030, 97024, 58888, 23921, 20049]"
111942,"[92251, 71590, 26675, 42141, 18528, 86604, 101490, 109, 30019, 55151]"
111943,"[10697, 95182, 40955, 64417, 42698, 11314, 33040, 83930, 18693, 16814]"
111944,"[24679, 27844, 106278, 102498, 59679, 44060, 53518, 102231, 16365, 53738]"
111945,"[21297, 65107, 14881, 66813, 89410, 88113, 47495, 88891, 98516, 72738]"
111946,"[52868, 7563, 93037, 55145, 77659, 8959, 7931, 54362, 76240, 34628]"
111947,"[71537, 107391, 51662, 39240, 68371, 3346, 78501, 99880, 87137, 58615]"
111948,"[26879, 27224, 23429, 49889, 58933, 23860, 59677, 52398, 49251, 30518]"
111949,"[54114, 15988, 62994, 73609, 89806, 101355, 647, 27294, 26923, 34878]"
111950,"[1323, 23615, 10608, 70908, 93364, 77315, 40661, 78700, 51466, 82805]"
111951,"[89259, 68244, 48651, 5244, 99950, 66040, 88481, 100677, 81411, 14426]"
111952,"[50541, 88675, 56182, 98432, 43173, 62458, 74595, 5901, 36965, 108817]"
111953,"[5477, 104162, 93196, 36899, 57756, 15999, 24939, 56574, 105971, 12150]"
111954,"[77120, 106567, 25864, 31202, 84833, 13527, 18167, 88322, 34879, 2668]"
111955,"[30698, 37441, 81424, 34085, 27139, 63277, 64214, 96410, 93413, 47020]"
111956,"[83938, 19570, 1265, 90002, 46141, 76747, 105988, 84220, 105264, 40143]"
111957,"[94834, 14920, 99929, 52399, 38989, 9871, 54366, 100030, 60068, 53123]"
111958,"[72414, 19226, 70735, 94776, 95656, 53391, 9996, 102226, 21398, 58481]"
111959,"[82657, 48418, 44291, 13974, 25632, 68347, 45462, 41296, 47879, 103293]"
111960,"[73128, 39441, 14267, 14536, 98057, 61335, 44906, 86662, 34948, 27065]"
111961,"[99356, 51010, 22658, 34713, 94211, 74247, 3892, 10032, 30207, 39181]"
111962,"[58518, 57433, 62547, 25024, 64951, 98211, 1823, 53884, 46979, 51259]"
111963,"[5868, 47701, 57716, 70519, 104188, 37740, 20622, 87995, 35807, 51187]"
111964,"[106714, 28295, 26444, 4128, 77108, 82588, 108030, 27537, 55532, 42598]"
111965,"[12482, 59711, 92180, 105942, 63436, 50030, 16252, 89146, 2535, 91347]"
111966,"[2423, 71214, 98276, 65471, 47045, 9872, 17592, 31155, 46333, 125]"
111967,"[40424, 6128, 75098, 33528, 89472, 48780, 53151, 23404, 16976, 108153]"
111968,"[13234, 35373, 49325, 58593, 23280, 38687, 80735, 87579, 60315, 67240]"
111969,"[78497, 83898, 12662, 80975, 80151, 5206, 28131, 67018, 2542, 42082]"
111970,"[84993, 65984, 109294, 85734, 27953, 59154, 76593, 97085, 10647, 102477]"
111971,"[93327, 21670, 97724, 108742, 18859, 70478, 55961, 97874, 90212, 60962]"
111972,"[107469, 91469, 12044, 94204, 75071, 20341, 29036, 71122, 20320, 51009]"
111973,"[50135, 60587, 16249, 36695, 25402, 4861, 19379, 103787, 55198, 58033]"
111974,"[54666, 72405, 102716, 5806, 57344, 93529, 77881, 103063, 28262, 34937]"
111975,"[40170, 5379, 73940, 41499, 30022, 58581, 67315, 35460, 78558, 87910]"
111976,"[39573, 60127, 37659, 70523, 43525, 5318, 8030, 102050, 29592, 12952]"
111977,"[70494, 94841, 84687, 99202, 106879, 102215, 34550, 47487, 12770, 69629]"
111978,"[27498, 81003, 105336, 66960, 69479, 53315, 73345, 64569, 105836, 87931]"
111979,"[26621, 67534, 99946, 104098, 25349, 73103, 21231, 1129, 27381, 14329]"
111980,"[67001, 102334, 89198, 56211, 438, 72164, 11530, 84972, 80673, 1930]"
111981,"[109301, 9922, 102369, 89661, 96172, 73983, 38275, 12461, 98584, 91754]"
111982,"[79746, 57661, 86196, 67427, 71866, 21159, 71676, 35975, 50680, 82434]"
111983,"[9945, 78241, 108887, 24802, 12376, 23954, 70790, 4349, 41446, 6839]"
111984,"[43688, 21960, 53970, 24983, 86529, 42376, 82130, 83992, 70634, 82637]"
111985,"[16162, 32127, 29246, 29277, 63355, 5625, 55134, 100967, 40071, 92950]"
111986,"[59178, 18183, 71309, 16168, 9241, 91232, 75764, 96513, 1111, 44304]"
111987,"[27078, 81290, 19860, 19876, 25137, 51313, 68407, 2064, 39572, 68611]"
111988,"[93682, 75463, 64913, 29494, 42737, 95785, 103152, 8387, 86629, 38296]"
111989,"[7231, 12753, 30823, 9561, 5959, 65799, 24525, 28769, 84702, 93630]"
111990,"[1806, 101068, 45006, 85510, 72542, 101157, 75105, 60887, 48188, 65626]"
111991,"[9876, 37656, 43447, 65480, 29602, 63256, 106376, 12209, 59830, 103307]"
111992,"[69409, 6928, 93356, 80452, 77547, 104609, 72368, 42610, 6930, 31091]"
111993,"[65035, 74580, 57680, 91956, 98770, 873, 69313, 52949, 7446, 55552]"
111994,"[82768, 21036, 99047, 14453, 74073, 45986, 72268, 36853, 80889, 74922]"
111995,"[72824, 103938, 70300, 93959, 35996, 71003, 61607, 75873, 69316, 62976]"
111996,"[54898, 57002, 77653, 32008, 10509, 67398, 25082, 21839, 8144, 70876]"
111997,"[13903, 6871, 41524, 40237, 16379, 92788, 86669, 84602, 76193, 61288]"
111998,"[28346, 106922, 46135, 42629, 86434, 12569, 17872, 23875, 24266, 64856]"
111999,"[11702, 7063, 25874, 26235, 105676, 18632, 35520, 58091, 107742, 46062]"
112000,"[74704, 85608, 97819, 4359, 17131, 42479, 98555, 107561, 61376, 38215]"
112001,"[107280, 12952, 5318, 102050, 85081, 55430, 37659, 15650, 64859, 21116]"
112002,"[67472, 37024, 39102, 46432, 86129, 14380, 25760, 79453, 75917, 105154]"
112003,"[69146, 88694, 106446, 13983, 49803, 74654, 76225, 62423, 21402, 2932]"
112004,"[97338, 108902, 26348, 52866, 75209, 24156, 20155, 54840, 45305, 27665]"
112005,"[25696, 2469, 40591, 106875, 95469, 36685, 98036, 79474, 85167, 83806]"
112006,"[56976, 49903, 15630, 60863, 91386, 23527, 16669, 35969, 22852, 22033]"
112007,"[35573, 4821, 69984, 8482, 75617, 68060, 30605, 89035, 7613, 30852]"
112008,"[64814, 25223, 26763, 10649, 20781, 51894, 14470, 83884, 29279, 12749]"
112009,"[48686, 37522, 56051, 30306, 57631, 100997, 104060, 41406, 46054, 64824]"
112010,"[58324, 82323, 33883, 76638, 106371, 13382, 27086, 64148, 35425, 38184]"
112011,"[68662, 76724, 69435, 78999, 83064, 62931, 106301, 22656, 64574, 88642]"
112012,"[73775, 57635, 92650, 92947, 65232, 28250, 3937, 91613, 83656, 7232]"
112013,"[53806, 461, 80424, 58935, 68472, 54574, 47992, 40379, 88175, 71914]"
112014,"[108859, 82032, 47634, 66438, 13706, 96272, 88170, 2310, 61837, 24117]"
112015,"[35, 24426, 55901, 32739, 3428, 83721, 76599, 55245, 76010, 35975]"
112016,"[16434, 28733, 63435, 94282, 5118, 80916, 98648, 41333, 7403, 105959]"
112017,"[14406, 100216, 25601, 42890, 48215, 37323, 76016, 73385, 74731, 46103]"
112018,"[51896, 42289, 60782, 23975, 75987, 13891, 76620, 49188, 39461, 105314]"
112019,"[83661, 2657, 108571, 72738, 40149, 81758, 3044, 1776, 81829, 65107]"
112020,"[63373, 21077, 29848, 35832, 81878, 91643, 95987, 70653, 10311, 37765]"
112021,"[86324, 48207, 58206, 21073, 559, 62599, 105353, 44042, 83408, 101290]"
112022,"[70556, 27596, 45685, 92693, 106595, 44576, 83333, 10350, 68399, 62665]"
112023,"[24358, 34523, 70637, 1655, 97801, 94046, 6629, 14048, 91155, 69844]"
112024,"[8923, 70773, 56965, 49431, 59834, 37786, 16498, 48094, 70962, 41797]"
112025,"[57942, 82778, 33502, 63814, 9021, 54003, 4431, 32149, 101404, 8772]"
112026,"[28260, 50970, 67480, 36680, 59990, 64172, 83068, 105667, 98834, 41512]"
112027,"[71224, 52906, 62738, 76341, 78984, 27272, 55711, 23691, 15817, 16376]"
112028,"[51173, 101617, 22154, 85832, 57912, 8281, 17177, 20731, 57867, 11405]"
112029,"[57588, 59444, 29721, 17680, 52791, 12506, 41978, 39073, 47414, 12535]"
112030,"[19311, 75095, 27565, 30057, 95777, 71292, 31083, 62896, 57050, 22287]"
112031,"[101415, 27407, 9335, 12103, 27490, 22851, 47413, 73590, 142, 102670]"
112032,"[33142, 81123, 107428, 88982, 51272, 82937, 32251, 8288, 834, 82783]"
112033,"[93451, 20080, 6413, 36932, 50854, 13620, 8905, 101467, 9763, 75448]"
112034,"[106573, 108749, 89935, 27466, 83370, 61834, 46494, 104733, 101729, 42981]"
112035,"[56487, 95327, 57921, 33782, 55715, 107741, 57096, 10564, 2778, 24984]"
112036,"[76130, 109340, 101040, 48734, 62239, 23486, 90681, 44599, 2789, 95525]"
112037,"[99891, 73670, 37132, 96013, 16107, 28803, 106525, 1759, 1881, 98991]"
112038,"[72381, 103125, 3089, 4998, 89442, 94546, 100920, 31600, 13919, 89953]"
112039,"[35398, 36372, 65473, 58569, 92130, 62799, 2850, 19607, 13172, 34596]"
112040,"[96404, 2008, 103560, 100876, 27498, 64448, 12829, 99890, 94158, 46601]"
112041,"[18791, 30626, 22589, 49015, 82431, 4261, 50545, 102779, 12671, 97947]"
112042,"[48618, 32990, 10201, 61304, 104983, 50959, 47500, 21692, 39233, 16061]"
112043,"[35768, 40031, 108652, 12196, 14733, 55564, 66764, 47198, 104839, 7208]"
112044,"[87303, 100361, 28497, 90925, 10089, 19089, 99502, 70194, 16656, 102547]"
112045,"[74912, 10736, 88194, 26609, 11515, 44509, 28963, 3590, 94361, 104926]"
112046,"[21530, 107120, 1839, 46606, 41661, 108698, 24869, 95704, 2960, 107355]"
112047,"[46729, 56860, 9106, 45211, 57145, 81127, 24276, 86533, 52815, 21592]"
112048,"[23044, 83805, 41910, 2627, 96184, 97019, 70517, 14710, 76269, 67342]"
112049,"[83521, 40858, 90111, 91748, 60574, 31325, 89140, 105901, 42105, 108209]"
112050,"[65617, 63573, 81240, 55059, 54220, 59318, 87577, 76721, 27033, 42163]"
112051,"[72698, 29951, 55827, 454, 18326, 35138, 31338, 15281, 83833, 29657]"
112052,"[50917, 20948, 37319, 88521, 57164, 31229, 87053, 97022, 102438, 56960]"
112053,"[34929, 2333, 89641, 69516, 4346, 61941, 15127, 9033, 5250, 53478]"
112054,"[41599, 48972, 3256, 56135, 22847, 28766, 83065, 75194, 78800, 9090]"
112055,"[49363, 82119, 18144, 37099, 75515, 39695, 7285, 45878, 27977, 85743]"
112056,"[105231, 43073, 3254, 67711, 78542, 4786, 91984, 63325, 83243, 64850]"
112057,"[12795, 85689, 79964, 10403, 2596, 103271, 55838, 67040, 58430, 67490]"
112058,"[12815, 29596, 61462, 4237, 57031, 35415, 35569, 29487, 19279, 83633]"
112059,"[96220, 34296, 101325, 88078, 15980, 84808, 50339, 3018, 4111, 66270]"
112060,"[48596, 105093, 102720, 4725, 88962, 27929, 102018, 87105, 50263, 49818]"
112061,"[49606, 47598, 34225, 40236, 90361, 105323, 29100, 35574, 21351, 49418]"
112062,"[60873, 95929, 59245, 71222, 39543, 55435, 83629, 30958, 18869, 83113]"
112063,"[94104, 63848, 10347, 4593, 35228, 43171, 92538, 24415, 55605, 70467]"
112064,"[25774, 88409, 104785, 58817, 29769, 48789, 47789, 108501, 35972, 47008]"
112065,"[9734, 92992, 92255, 10781, 105468, 23195, 49525, 108335, 40509, 33393]"
112066,"[43935, 85402, 54973, 7906, 96534, 71607, 106565, 82817, 35881, 35964]"
112067,"[26375, 80713, 64046, 104756, 97025, 17631, 83223, 46017, 78778, 54750]"
112068,"[54585, 22573, 288, 65537, 83342, 37136, 65472, 63893, 97865, 14577]"
112069,"[101988, 86166, 91544, 79942, 39179, 81463, 105553, 80774, 3908, 73328]"
112070,"[41536, 36754, 105838, 28932, 100543, 54853, 107019, 78549, 22608, 17032]"
112071,"[44470, 83636, 88118, 53492, 93417, 9799, 82269, 79816, 104756, 67459]"
112072,"[79774, 95815, 87799, 83439, 5088, 92935, 14978, 23750, 47343, 54201]"
112073,"[92435, 76702, 29606, 74400, 106631, 85156, 2207, 67075, 86159, 79634]"
112074,"[17855, 37812, 37547, 59820, 109328, 36511, 43647, 22758, 40224, 75256]"
112075,"[9297, 91313, 64731, 9737, 102689, 30020, 100760, 17825, 43896, 65148]"
112076,"[96924, 54396, 81230, 52561, 100410, 11931, 53593, 12917, 82468, 42869]"
112077,"[71039, 5410, 31641, 14507, 3443, 5153, 109571, 71324, 83371, 84232]"
112078,"[22136, 45509, 108616, 61827, 21425, 1971, 78646, 37433, 24009, 7383]"
112079,"[25979, 73780, 84708, 15886, 107688, 91369, 50661, 53598, 17944, 41424]"
112080,"[78621, 59446, 76777, 57218, 84451, 97343, 81494, 64847, 70802, 79517]"
112081,"[49476, 58234, 83653, 25441, 34277, 23978, 97611, 109441, 96260, 90304]"
112082,"[94773, 81323, 66606, 48348, 38763, 77764, 6767, 71572, 37056, 3635]"
112083,"[27375, 61298, 79007, 7300, 107422, 25003, 39180, 55813, 27618, 55516]"
112084,"[42799, 84624, 81956, 49693, 68091, 45471, 78316, 78273, 100983, 46241]"
112085,"[63637, 20001, 72418, 301, 94798, 90506, 19970, 103695, 1585, 90057]"
112086,"[2714, 66947, 29651, 68627, 50611, 65029, 94507, 33924, 21324, 21615]"
112087,"[8616, 56224, 79649, 98994, 86592, 66649, 33772, 20437, 15631, 41547]"
112088,"[96190, 32886, 12910, 5543, 27489, 22089, 106058, 90972, 109389, 103067]"
112089,"[11385, 3578, 102309, 15175, 44040, 2560, 32168, 19126, 100663, 37093]"
112090,"[64721, 104460, 42976, 106706, 102849, 105702, 45984, 14746, 40979, 32818]"
112091,"[34849, 90963, 104540, 108665, 6086, 94119, 79660, 100347, 56386, 36800]"
112092,"[16755, 95314, 16412, 6510, 32391, 42852, 79894, 56821, 15691, 59340]"
112093,"[5548, 97630, 106894, 57791, 60198, 14307, 6044, 90187, 54960, 100496]"
112094,"[7381, 34615, 83924, 66332, 42937, 45279, 67268, 18680, 34134, 34807]"
112095,"[106067, 42212, 51642, 26303, 6934, 92773, 24289, 82731, 94971, 32515]"
112096,"[85664, 90055, 14731, 12905, 89991, 23382, 50997, 103464, 7558, 82955]"
112097,"[62872, 11302, 46251, 59984, 32256, 10752, 98013, 70512, 71175, 3805]"
112098,"[51388, 103095, 95996, 103174, 2246, 75909, 75582, 87810, 43982, 95870]"
112099,"[60148, 52128, 39945, 102826, 61883, 26732, 1802, 85568, 23085, 80545]"
112100,"[67590, 45762, 105245, 49691, 46571, 8657, 66829, 75250, 58902, 97545]"
112101,"[59663, 52457, 100797, 53903, 93278, 8199, 90333, 97662, 65258, 41479]"
112102,"[105661, 106703, 61165, 37618, 40529, 30659, 1470, 101858, 62288, 70440]"
112103,"[35572, 105691, 81117, 77049, 11258, 63639, 73101, 75970, 15725, 38785]"
112104,"[25085, 58800, 59030, 92755, 8617, 95857, 92628, 67426, 81315, 65433]"
112105,"[91114, 8476, 106152, 29130, 80254, 41336, 9943, 61551, 73152, 56695]"
112106,"[60200, 34578, 68067, 23108, 32740, 66903, 96842, 71618, 57023, 60023]"
112107,"[1042, 59393, 84144, 48843, 34565, 48273, 51656, 49997, 76062, 62982]"
112108,"[98778, 18831, 96932, 55126, 92071, 99450, 921, 32351, 21018, 32392]"
112109,"[91962, 51958, 48634, 21452, 71588, 96938, 77300, 40320, 43674, 104580]"
112110,"[27038, 78354, 71388, 12774, 46801, 44827, 64024, 68709, 58183, 99451]"
112111,"[33607, 53160, 58267, 89389, 70856, 8561, 20773, 70011, 25256, 48785]"
112112,"[34100, 47495, 98516, 89410, 36960, 13992, 24010, 51991, 65107, 20868]"
112113,"[71901, 49189, 83669, 74889, 86616, 64368, 107157, 37068, 77834, 30162]"
112114,"[38630, 49957, 60905, 95003, 65904, 59466, 26929, 4756, 7177, 85525]"
112115,"[102130, 64064, 94504, 48312, 33188, 89988, 18059, 99173, 12187, 44140]"
112116,"[749, 93277, 87796, 93649, 48377, 46396, 56104, 24664, 31809, 66387]"
112117,"[48946, 108500, 87923, 95702, 56616, 58994, 3592, 90135, 69787, 76409]"
112118,"[90775, 36932, 50854, 23158, 41038, 54381, 93451, 40110, 20080, 88213]"
112119,"[74171, 63414, 3650, 70826, 80479, 97246, 97249, 98832, 16666, 48185]"
112120,"[51534, 104583, 72760, 94671, 11045, 65896, 68428, 12538, 36978, 49645]"
112121,"[26915, 43292, 54783, 74360, 2260, 15236, 97656, 75435, 50009, 85216]"
112122,"[27441, 64360, 46718, 46361, 36693, 91051, 98327, 80344, 30540, 13508]"
112123,"[47067, 38267, 19803, 5266, 97072, 101833, 54631, 67569, 16167, 54659]"
112124,"[51608, 15957, 33361, 52803, 80076, 102054, 28759, 63794, 13808, 100225]"
112125,"[67599, 54260, 5684, 88294, 4662, 79676, 61861, 5289, 16633, 94911]"
112126,"[49826, 80945, 57944, 14286, 69293, 87028, 31532, 24327, 102816, 12264]"
112127,"[79170, 44761, 91549, 26477, 89932, 15059, 60415, 97550, 62615, 53337]"
112128,"[20846, 6872, 22184, 38118, 55483, 77735, 32420, 54877, 56340, 52689]"
112129,"[75200, 28318, 11930, 53993, 82612, 66768, 47487, 48039, 28791, 87022]"
112130,"[97251, 107549, 68176, 109180, 69932, 38405, 100170, 57887, 18489, 73978]"
112131,"[88981, 62650, 57087, 6128, 6256, 18350, 67686, 56645, 38018, 78804]"
112132,"[20077, 58049, 29793, 79148, 42669, 105242, 63474, 72815, 85188, 55258]"
112133,"[45690, 26150, 81119, 53738, 102498, 67927, 106278, 39767, 44060, 82542]"
112134,"[63250, 36784, 88472, 77544, 9799, 22633, 52461, 24971, 78211, 98608]"
112135,"[92200, 16569, 74458, 48543, 46465, 22181, 47750, 66343, 71968, 42560]"
112136,"[67359, 76492, 49448, 38692, 5882, 6197, 106612, 55621, 82697, 84498]"
112137,"[78956, 59272, 85911, 104665, 32841, 95433, 32146, 102373, 11683, 12672]"
112138,"[66455, 68005, 40258, 90311, 20576, 75365, 2376, 42442, 20374, 59658]"
112139,"[104524, 18414, 49927, 89614, 41061, 69270, 403, 86548, 108343, 805]"
112140,"[62200, 87221, 53089, 92498, 64102, 11006, 56084, 32863, 40041, 84344]"
112141,"[48553, 65629, 91501, 41733, 105174, 12456, 41673, 40611, 49055, 18806]"
112142,"[93456, 99132, 29178, 61273, 73018, 96396, 45451, 94965, 8206, 74447]"
112143,"[3060, 36406, 55886, 51523, 59504, 95415, 54595, 12763, 88171, 91599]"
112144,"[81018, 14199, 89759, 7081, 92381, 41791, 12308, 27407, 9949, 3639]"
112145,"[18730, 29901, 88032, 30821, 65104, 58869, 44877, 105711, 59768, 97534]"
112146,"[95333, 102494, 49317, 40465, 24453, 88276, 108517, 102378, 48630, 98351]"
112147,"[95323, 23696, 31676, 50176, 69655, 85781, 23979, 84269, 21766, 64894]"
112148,"[107506, 75420, 62231, 50992, 85160, 44493, 83790, 39302, 38838, 17912]"
112149,"[35575, 107003, 17794, 45169, 97930, 63457, 43123, 26942, 40441, 101199]"
112150,"[74339, 30342, 10742, 25059, 56582, 59351, 92694, 37593, 62444, 101962]"
112151,"[29425, 5987, 45998, 28719, 4980, 105403, 88973, 12657, 38835, 45594]"
112152,"[62730, 10961, 29376, 1242, 18036, 45900, 95439, 37203, 25549, 58243]"
112153,"[7356, 28422, 67214, 54125, 70992, 65883, 26121, 48465, 55597, 514]"
112154,"[82649, 51521, 99851, 97235, 30079, 45859, 85551, 46529, 25094, 91569]"
112155,"[93430, 43075, 101701, 50950, 60862, 40880, 41757, 36432, 63248, 67500]"
112156,"[42181, 95694, 102543, 103917, 67422, 98256, 21284, 66708, 54240, 32623]"
112157,"[64945, 104642, 11201, 29049, 27151, 91694, 50720, 85125, 59012, 26248]"
112158,"[92761, 62121, 109615, 6333, 30751, 85116, 27453, 54717, 105124, 45072]"
112159,"[105366, 87985, 75326, 109055, 93453, 51508, 16723, 76678, 63614, 104280]"
112160,"[81522, 74317, 14888, 21998, 6770, 72495, 15144, 58030, 78913, 52702]"
112161,"[37346, 87001, 69350, 18076, 21632, 88111, 51402, 41344, 80328, 34310]"
112162,"[41810, 108437, 6731, 28726, 96583, 30530, 102217, 45732, 21541, 65973]"
112163,"[35500, 15115, 85798, 82224, 94666, 26245, 52648, 98286, 63482, 87147]"
112164,"[36727, 87655, 89244, 95821, 55142, 31532, 39379, 65127, 94771, 60243]"
112165,"[91165, 13038, 99083, 55658, 6174, 16733, 12, 11001, 100354, 87546]"
112166,"[100861, 104400, 54473, 97310, 10657, 27255, 85549, 19833, 40388, 45298]"
112167,"[14860, 35348, 19775, 98727, 22569, 61990, 35863, 15716, 24654, 12958]"
112168,"[108979, 81826, 29834, 30389, 29316, 40485, 82153, 537, 81183, 95140]"
112169,"[50372, 89212, 109584, 96300, 11910, 50182, 85534, 3728, 64830, 76158]"
112170,"[62829, 94607, 60675, 16294, 3970, 60602, 70631, 66546, 63825, 18398]"
112171,"[18895, 63043, 26000, 52922, 90602, 130, 103048, 86241, 92979, 83550]"
112172,"[102999, 70047, 2205, 57265, 64814, 36124, 10649, 26763, 25223, 77115]"
112173,"[75786, 73988, 23518, 37141, 39331, 76180, 4862, 23183, 35182, 37628]"
112174,"[44359, 98489, 37914, 74514, 92971, 90941, 72042, 42330, 71044, 79702]"
112175,"[34437, 104869, 43669, 73926, 69301, 56557, 5879, 41266, 62744, 29673]"
112176,"[38139, 42388, 98877, 104622, 109748, 84031, 8894, 71178, 27946, 23126]"
112177,"[6332, 59026, 1979, 97755, 108604, 89375, 4444, 105546, 10017, 19373]"
112178,"[65933, 21657, 103642, 27569, 91946, 32136, 4034, 64852, 37673, 102688]"
112179,"[90866, 86093, 88130, 79852, 90501, 50746, 33168, 50773, 84561, 22854]"
112180,"[18384, 24657, 42530, 62398, 14644, 105697, 1497, 28830, 74250, 83585]"
112181,"[104155, 6819, 13341, 108185, 14538, 92214, 37943, 60899, 109083, 69915]"
112182,"[71892, 1683, 1524, 76948, 54283, 26861, 26749, 76980, 12903, 66156]"
112183,"[24114, 100522, 29565, 120, 24689, 59576, 52472, 93596, 69513, 8208]"
112184,"[22102, 83880, 25255, 43527, 95645, 85001, 96379, 39466, 94242, 39348]"
112185,"[38229, 103945, 99009, 67340, 51555, 100927, 86549, 62446, 60939, 15963]"
112186,"[84875, 77119, 2238, 14273, 55520, 70774, 53278, 41971, 71867, 53074]"
112187,"[42931, 24202, 80909, 23409, 100621, 67989, 55340, 7689, 103657, 97933]"
112188,"[38761, 83091, 93404, 39978, 45848, 91153, 50745, 80795, 92973, 43562]"
112189,"[64327, 97417, 28144, 7768, 69028, 19847, 89456, 32614, 40004, 73023]"
112190,"[84058, 56302, 67223, 29040, 12371, 62694, 100234, 61988, 81353, 49830]"
112191,"[48536, 81398, 47342, 22774, 52764, 1627, 84908, 64551, 83863, 2938]"
112192,"[20803, 71148, 54989, 61236, 44683, 12269, 58553, 22797, 89337, 57845]"
112193,"[22790, 6759, 35482, 103080, 106133, 70112, 104083, 7948, 70284, 34554]"
112194,"[60909, 41846, 65571, 9625, 50827, 1711, 16189, 58568, 13080, 3198]"
112195,"[64557, 82586, 94920, 74581, 48505, 68375, 90881, 51339, 41721, 34962]"
112196,"[11226, 45849, 83115, 28855, 101847, 90215, 49711, 75969, 34217, 69315]"
112197,"[19194, 106197, 34098, 104307, 147, 74231, 98265, 65402, 90927, 66711]"
112198,"[45878, 85743, 27977, 67547, 58780, 57243, 30422, 55939, 36972, 39695]"
112199,"[46565, 78024, 65574, 73455, 11987, 86505, 31342, 100140, 85047, 52443]"
112200,"[10602, 55944, 26659, 46675, 74127, 8937, 952, 19171, 44617, 21020]"
112201,"[54522, 41532, 51846, 53284, 77953, 46035, 56255, 83252, 31989, 48798]"
112202,"[28447, 82709, 85687, 32487, 85634, 87422, 107890, 72217, 89674, 37472]"
112203,"[70759, 108699, 63810, 93096, 104866, 76495, 102192, 45135, 16035, 60127]"
112204,"[46951, 45718, 8988, 55352, 109667, 22793, 56490, 8430, 72206, 46463]"
112205,"[805, 103830, 89614, 60817, 13007, 69270, 88456, 67712, 25786, 86556]"
112206,"[55345, 5532, 30317, 39628, 24856, 72789, 3175, 21614, 54123, 65729]"
112207,"[34382, 50044, 105560, 4468, 88031, 33871, 15428, 73231, 71865, 30791]"
112208,"[54034, 95550, 63717, 74454, 66594, 66803, 80095, 7676, 51808, 47402]"
112209,"[53030, 105320, 6277, 95570, 97856, 45887, 69023, 21992, 74564, 45726]"
112210,"[30493, 18947, 80655, 23817, 77844, 8636, 42150, 25329, 91622, 42689]"
112211,"[22540, 84463, 26132, 27029, 90449, 85629, 28370, 52475, 7276, 101022]"
112212,"[23443, 63094, 85680, 104028, 18153, 4730, 94547, 36912, 28058, 59568]"
112213,"[16692, 100241, 65081, 69018, 89579, 10651, 4881, 21306, 10994, 3080]"
112214,"[5297, 40429, 12373, 32677, 51853, 73650, 72669, 40295, 60341, 48631]"
112215,"[54915, 72407, 74970, 90673, 108114, 16991, 70842, 34865, 26899, 74539]"
112216,"[44524, 59213, 17868, 85400, 30020, 75440, 108226, 61887, 66340, 10889]"
112217,"[97452, 80360, 8292, 7106, 39702, 107099, 32294, 57497, 85301, 86297]"
112218,"[53298, 23998, 37642, 39996, 59660, 66034, 66256, 93025, 40082, 63363]"
112219,"[28529, 84074, 63201, 66754, 61353, 60727, 21503, 38284, 70231, 106276]"
112220,"[57254, 73077, 39897, 10063, 36705, 20062, 99586, 60113, 24959, 6535]"
112221,"[4075, 71647, 57786, 101344, 57537, 13863, 42035, 80220, 52791, 6011]"
112222,"[106020, 109227, 16040, 17687, 88856, 49344, 48328, 55015, 70142, 7433]"
112223,"[33192, 76127, 12582, 19626, 16420, 45646, 41020, 15291, 49303, 53913]"
112224,"[5580, 80501, 9822, 94403, 40318, 63177, 51042, 52257, 98773, 87938]"
112225,"[59150, 60500, 53720, 80607, 83571, 55226, 47404, 15189, 96367, 105983]"
112226,"[2324, 59798, 8428, 222, 8878, 58679, 7670, 35977, 52182, 64754]"
112227,"[90620, 68272, 81899, 28565, 96375, 85960, 78995, 91414, 58788, 54331]"
112228,"[31821, 34377, 105998, 92746, 41833, 108156, 55060, 13754, 98642, 108441]"
112229,"[33848, 99412, 84292, 98240, 34559, 24441, 68536, 33660, 36471, 46104]"
112230,"[43097, 52844, 86776, 77321, 99022, 104909, 82808, 32643, 26570, 70354]"
112231,"[91720, 65513, 61940, 12453, 46580, 102915, 50036, 28029, 28245, 55586]"
112232,"[64940, 39614, 58539, 63531, 67706, 43283, 81280, 64979, 45750, 80474]"
112233,"[50210, 38756, 55081, 10009, 109775, 104896, 31510, 32157, 40018, 15279]"
112234,"[37011, 90399, 71696, 97888, 55810, 97108, 72191, 106686, 20244, 75179]"
112235,"[55617, 82124, 34043, 28792, 101280, 76785, 22489, 10681, 87700, 29930]"
112236,"[20781, 108763, 83884, 26566, 9007, 64377, 37779, 64814, 10649, 26763]"
112237,"[28258, 91304, 68354, 11889, 43001, 56348, 46547, 72233, 11147, 52581]"
112238,"[66674, 2251, 103589, 30641, 75515, 55939, 49285, 7285, 67547, 58780]"
112239,"[10405, 56464, 54975, 77602, 33519, 27724, 96314, 20082, 106923, 38262]"
112240,"[68865, 41229, 104714, 47272, 81154, 45499, 84924, 99488, 45401, 41074]"
112241,"[60165, 95135, 57143, 3420, 109120, 106272, 72089, 12660, 24748, 108872]"
112242,"[80872, 98832, 850, 13239, 79306, 80479, 41122, 30768, 54964, 7778]"
112243,"[67445, 2997, 68557, 59460, 100770, 22709, 39232, 35776, 105318, 74198]"
112244,"[75243, 69440, 63650, 47938, 11746, 56124, 15771, 55917, 62080, 65462]"
112245,"[5954, 97510, 86659, 104930, 9492, 92924, 82925, 85078, 65624, 77178]"
112246,"[35487, 11500, 88305, 103574, 29679, 80557, 25030, 91154, 73138, 21966]"
112247,"[25571, 55773, 107743, 101620, 100324, 51354, 90693, 86364, 28002, 59917]"
112248,"[34375, 84477, 4652, 48924, 31928, 77701, 99790, 79200, 43221, 19812]"
112249,"[15938, 51412, 54804, 73154, 57090, 43095, 58961, 100057, 29566, 42421]"
112250,"[58346, 52801, 88845, 11463, 59941, 39464, 83691, 33251, 15372, 50068]"
112251,"[9846, 58720, 99663, 3930, 82962, 15525, 47524, 29416, 64731, 46682]"
112252,"[28985, 40969, 70352, 64442, 66383, 43736, 36711, 60455, 107180, 103217]"
112253,"[63885, 271, 35673, 55570, 102556, 2166, 4242, 74725, 108113, 93218]"
112254,"[59388, 104531, 78151, 98535, 61202, 35427, 35002, 85762, 8077, 4316]"
112255,"[108258, 85801, 98645, 9298, 69660, 108593, 87957, 81406, 4119, 50022]"
112256,"[67318, 71652, 8796, 98949, 96691, 99127, 9419, 20913, 28581, 78550]"
112257,"[11227, 43458, 96311, 76179, 68712, 11549, 99780, 6514, 106513, 44909]"
112258,"[19764, 65437, 7795, 25761, 44661, 28854, 82724, 73444, 20248, 95555]"
112259,"[81612, 21656, 107668, 64781, 67415, 10402, 3771, 66638, 13157, 72273]"
112260,"[98842, 91866, 32651, 101259, 64395, 16450, 18837, 59811, 99837, 13661]"
112261,"[52195, 5589, 64930, 71256, 24337, 65850, 56682, 43766, 5261, 29218]"
112262,"[65013, 99142, 48401, 55171, 74895, 105036, 86806, 76629, 41415, 57516]"
112263,"[53283, 6992, 59636, 19854, 56747, 26731, 87237, 12617, 83883, 32479]"
112264,"[61990, 35863, 24654, 102709, 15716, 93239, 62339, 65708, 104281, 22569]"
112265,"[12343, 72927, 54140, 51126, 51349, 28450, 78616, 98290, 83131, 69794]"
112266,"[3553, 7264, 79952, 79626, 80921, 13178, 32630, 33252, 37522, 93083]"
112267,"[34911, 16277, 24005, 73640, 27795, 54612, 6638, 94779, 63507, 15197]"
112268,"[85446, 54363, 67159, 13152, 88721, 24177, 22079, 52958, 15026, 70846]"
112269,"[56182, 50541, 5901, 108817, 91400, 38439, 43173, 98432, 46321, 72051]"
112270,"[64700, 6270, 92118, 84259, 88648, 5788, 31374, 19853, 87226, 74307]"
112271,"[72803, 102873, 61410, 27823, 37206, 82325, 62653, 53987, 57456, 7920]"
112272,"[14606, 4629, 54655, 79468, 76183, 16877, 45212, 3859, 93000, 60119]"
112273,"[44864, 72123, 100777, 7823, 59980, 76914, 9131, 41878, 13580, 76462]"
112274,"[44195, 21161, 107162, 2054, 73197, 28791, 105359, 38568, 57622, 67684]"
112275,"[49788, 40462, 1362, 29763, 36988, 104024, 76451, 18527, 78175, 34127]"
112276,"[77485, 70287, 24028, 35724, 77283, 68209, 10906, 24529, 97951, 86243]"
112277,"[49134, 32059, 18228, 50489, 11835, 70223, 15536, 42122, 68335, 24846]"
112278,"[99634, 71010, 91445, 24248, 51348, 103332, 59185, 5525, 29962, 34813]"
112279,"[68500, 53906, 14495, 109752, 82743, 29478, 28841, 106165, 27399, 57461]"
112280,"[2401, 50848, 50120, 94813, 14401, 76724, 99342, 54279, 53024, 42393]"
112281,"[38690, 21607, 99987, 80284, 88257, 106477, 62498, 68673, 43765, 77429]"
112282,"[61963, 90074, 14719, 24839, 89317, 29046, 58760, 46381, 69098, 109381]"
112283,"[44493, 25738, 62231, 38838, 85160, 75420, 39302, 107506, 18386, 76099]"
112284,"[74122, 37751, 13598, 85263, 30394, 99788, 36621, 76868, 22822, 28178]"
112285,"[72487, 39195, 85372, 25408, 96824, 12104, 73123, 70287, 13859, 8806]"
112286,"[15814, 46906, 28312, 725, 21017, 54279, 40608, 7564, 29098, 47903]"
112287,"[38858, 89185, 8741, 56535, 104513, 62851, 56589, 20082, 27724, 55473]"
112288,"[11391, 391, 5192, 17615, 21508, 47335, 18808, 61608, 13612, 69752]"
112289,"[108959, 58794, 50890, 14305, 54618, 81866, 64801, 102580, 14956, 19452]"
112290,"[75940, 89757, 21194, 59535, 12834, 89109, 87518, 35417, 20091, 54926]"
112291,"[69550, 62300, 2301, 57262, 97818, 60323, 57076, 49039, 50376, 99836]"
112292,"[26671, 30149, 108841, 68827, 1040, 34123, 78497, 45041, 64132, 106048]"
112293,"[56700, 9752, 75630, 48926, 109063, 93167, 25570, 102159, 35667, 14349]"
112294,"[67067, 1285, 47070, 56627, 30085, 74228, 92343, 74745, 81916, 19982]"
112295,"[95273, 3949, 35536, 49003, 44160, 35104, 41242, 8453, 23253, 46316]"
112296,"[9345, 64120, 103792, 20045, 101121, 4603, 67160, 78139, 72981, 97351]"
112297,"[61299, 105494, 47791, 82214, 8335, 88147, 90508, 107434, 86927, 11824]"
112298,"[2265, 76513, 50202, 74944, 84352, 103949, 18382, 80943, 60338, 50131]"
112299,"[107627, 90130, 12723, 92525, 33463, 293, 83282, 65280, 77104, 90012]"
112300,"[47658, 55405, 12283, 73696, 28948, 29963, 36681, 28207, 93162, 44297]"
112301,"[105216, 70498, 38404, 59823, 89963, 113, 34986, 30058, 19150, 425]"
112302,"[101319, 55995, 18512, 48898, 108702, 39486, 72697, 32406, 81873, 59675]"
112303,"[62934, 98256, 75531, 70348, 7696, 75281, 82804, 67422, 61716, 62217]"
112304,"[73611, 15936, 78682, 77352, 86593, 9580, 109459, 55681, 20732, 70625]"
112305,"[1561, 11160, 61663, 105105, 1858, 109345, 101393, 85986, 57789, 43188]"
112306,"[87319, 48904, 3347, 83119, 29602, 86998, 31572, 99095, 87164, 55585]"
112307,"[5939, 48372, 97832, 9234, 60522, 86334, 97385, 106816, 60185, 42281]"
112308,"[89301, 4996, 82481, 41767, 44836, 64081, 61302, 15833, 79672, 15628]"
112309,"[43042, 57902, 53117, 15435, 54158, 69439, 44836, 36074, 34732, 82481]"
112310,"[83379, 27731, 24231, 88550, 67052, 48649, 662, 20722, 54837, 34985]"
112311,"[13690, 86170, 3105, 33395, 63409, 50588, 43991, 102376, 6970, 82952]"
112312,"[92468, 21396, 3462, 1055, 40252, 90778, 1147, 28257, 91856, 94600]"
112313,"[95090, 58171, 64964, 32592, 82872, 73667, 36496, 89174, 49075, 88974]"
112314,"[43472, 5111, 3809, 20130, 48112, 97667, 53084, 107447, 31082, 61808]"
112315,"[20915, 44389, 95961, 32182, 73742, 64481, 99126, 5513, 83486, 35770]"
112316,"[33246, 10841, 87492, 74885, 15928, 105342, 44156, 19175, 51214, 54075]"
112317,"[88517, 88216, 25658, 6571, 63037, 76790, 91365, 79821, 74826, 62225]"
112318,"[81836, 107316, 104792, 43158, 9054, 56432, 55160, 38190, 46997, 104089]"
112319,"[100801, 10167, 12516, 59211, 37078, 66119, 36029, 74364, 81841, 51849]"
112320,"[98793, 101637, 92034, 67713, 34155, 2213, 80940, 94431, 65473, 318]"
112321,"[53101, 106535, 73051, 36379, 23341, 53786, 53335, 51489, 100893, 101100]"
112322,"[37293, 37820, 45402, 13553, 7100, 63390, 46933, 53173, 81906, 27457]"
112323,"[15923, 39905, 38112, 33217, 50375, 88463, 33131, 86151, 43480, 23575]"
112324,"[68794, 13692, 106562, 106325, 63941, 15349, 33189, 33340, 47770, 107213]"
112325,"[96501, 52254, 23083, 64990, 51800, 3141, 25717, 96658, 19398, 82954]"
112326,"[96358, 46132, 80595, 8188, 93437, 50486, 101275, 61032, 56525, 47744]"
112327,"[12222, 62742, 13757, 10641, 88202, 26280, 53909, 39042, 98161, 37865]"
112328,"[22493, 101230, 4664, 54520, 25484, 25016, 81960, 73763, 70871, 51046]"
112329,"[50850, 45250, 2700, 14786, 47069, 76153, 48339, 46919, 67408, 41289]"
112330,"[91257, 83873, 73623, 47229, 68896, 56661, 3823, 7643, 15416, 50595]"
112331,"[87576, 94346, 64182, 23658, 47986, 94655, 76043, 56619, 41802, 101197]"
112332,"[46468, 82557, 85219, 78867, 77885, 72614, 30876, 93807, 93546, 20251]"
112333,"[55809, 46290, 35545, 13523, 106635, 76345, 636, 100726, 19141, 49376]"
112334,"[15507, 81730, 83532, 54811, 78692, 46849, 71551, 48542, 60732, 70358]"
112335,"[31780, 101361, 99169, 6948, 55591, 27706, 89040, 19172, 78044, 109243]"
112336,"[18289, 60868, 98041, 44507, 56371, 66063, 66804, 7052, 1873, 20807]"
112337,"[18677, 9404, 95741, 79170, 50800, 46979, 9810, 75600, 36571, 49625]"
112338,"[19544, 25109, 106040, 88753, 4125, 108384, 59775, 25159, 76356, 72858]"
112339,"[45089, 80297, 54815, 85113, 37960, 76319, 31904, 56583, 2750, 79370]"
112340,"[54118, 3224, 36517, 92372, 46303, 99686, 21005, 343, 17490, 62583]"
112341,"[25195, 80773, 104408, 51277, 49089, 75973, 109545, 81971, 60348, 223]"
112342,"[70400, 71738, 7173, 87146, 27406, 2602, 30912, 105016, 49815, 84082]"
112343,"[59629, 59475, 54959, 39525, 95888, 84341, 70041, 91371, 66492, 42461]"
112344,"[94704, 3460, 46120, 16016, 82837, 57264, 50177, 76772, 66658, 22936]"
112345,"[43702, 72734, 35268, 86458, 56811, 48919, 46398, 20856, 1925, 78003]"
112346,"[50014, 50872, 11869, 97043, 54950, 65991, 104454, 67351, 38992, 52757]"
112347,"[54178, 74693, 77324, 98387, 3939, 99369, 85643, 65861, 89940, 105380]"
112348,"[72064, 70589, 46768, 37852, 30452, 176, 8045, 45873, 20523, 14967]"
112349,"[43367, 104339, 77000, 81834, 6949, 18199, 74189, 64966, 98533, 15439]"
112350,"[55527, 98408, 15153, 51644, 60325, 55906, 44686, 86086, 107078, 65726]"
112351,"[90455, 20435, 47126, 85849, 52853, 64522, 41054, 99589, 20399, 14883]"
112352,"[73087, 98268, 67680, 51434, 34341, 104575, 72489, 69805, 34971, 15332]"
112353,"[7589, 76581, 27550, 29915, 52108, 57504, 23722, 99059, 43142, 11577]"
112354,"[45166, 109094, 44315, 39657, 32436, 2114, 25078, 19795, 66376, 106971]"
112355,"[59537, 14929, 47614, 89862, 100147, 25888, 71566, 12705, 82806, 47132]"
112356,"[16619, 64505, 44786, 23098, 25512, 56103, 6569, 3828, 62543, 62840]"
112357,"[41553, 69702, 60929, 9583, 71424, 10845, 4082, 105251, 76404, 88157]"
112358,"[60575, 66964, 99760, 60781, 107287, 90062, 72903, 100800, 55561, 27341]"
112359,"[10135, 77611, 82414, 5090, 80488, 38488, 35418, 37306, 108125, 76759]"
112360,"[68900, 59818, 668, 70069, 13407, 45720, 13516, 43032, 76690, 68638]"
112361,"[91406, 14853, 77786, 34862, 50718, 19783, 46796, 2019, 87037, 60366]"
112362,"[88522, 37392, 56093, 27865, 55263, 75849, 33587, 104338, 29401, 97282]"
112363,"[51091, 39983, 69992, 103862, 28237, 59094, 100688, 11261, 76279, 91145]"
112364,"[2510, 44966, 42719, 79541, 106628, 95756, 55164, 47094, 69971, 16515]"
112365,"[8853, 95605, 3673, 109437, 6847, 5755, 17139, 57237, 9974, 47696]"
112366,"[77556, 90282, 74681, 49565, 24631, 10762, 4168, 79479, 37755, 27080]"
112367,"[73654, 94474, 21136, 98917, 45098, 23394, 35978, 188, 93669, 41486]"
112368,"[62375, 82015, 2312, 108286, 97473, 88505, 87360, 30318, 100410, 106529]"
112369,"[790, 102879, 28482, 77539, 106784, 31306, 94338, 92476, 48904, 103221]"
112370,"[17328, 108539, 49865, 22624, 87554, 39545, 3074, 78902, 35279, 75870]"
112371,"[87058, 92899, 95322, 20755, 32177, 57669, 44097, 92804, 103581, 91529]"
112372,"[91013, 26204, 76038, 52027, 54990, 57043, 71249, 41275, 57789, 78003]"
112373,"[14626, 144, 96237, 59032, 10683, 1053, 74937, 98995, 25608, 83869]"
112374,"[2711, 11453, 77256, 52918, 106259, 24278, 52922, 98506, 90602, 96322]"
112375,"[44453, 32331, 88525, 7066, 95487, 91190, 97346, 24400, 13971, 50439]"
112376,"[82169, 43082, 1547, 97895, 46529, 93251, 106308, 60380, 56538, 80900]"
112377,"[42580, 50555, 29723, 89041, 2686, 21203, 47919, 45450, 84904, 81647]"
112378,"[29300, 13949, 54724, 30553, 17121, 71918, 31251, 16342, 79966, 88123]"
112379,"[20358, 40706, 82812, 50570, 105956, 1439, 93275, 75239, 15052, 72607]"
112380,"[61398, 83418, 36756, 78322, 14963, 30858, 94512, 24138, 85443, 5276]"
112381,"[12654, 107702, 64099, 33857, 105210, 65316, 44625, 89575, 106222, 65448]"
112382,"[68744, 16017, 88111, 108859, 78529, 13706, 28723, 24117, 29520, 19345]"
112383,"[97130, 64874, 67458, 10627, 81549, 108298, 52942, 104330, 85201, 23492]"
112384,"[49263, 80076, 86385, 33361, 100225, 59204, 51608, 65935, 104279, 75515]"
112385,"[7137, 3574, 63841, 92444, 12252, 46162, 82844, 77608, 74151, 88551]"
112386,"[49553, 18523, 30804, 3908, 65308, 87688, 73328, 33483, 22002, 22376]"
112387,"[10575, 66535, 63762, 104153, 6257, 60289, 58035, 993, 16504, 80082]"
112388,"[70515, 6067, 98248, 92134, 64572, 74971, 34077, 13283, 39666, 31071]"
112389,"[10243, 98376, 57536, 108451, 99504, 97632, 86100, 106686, 70487, 20244]"
112390,"[21291, 86244, 54718, 77049, 15725, 16933, 43278, 89010, 40986, 46595]"
112391,"[83099, 35474, 40662, 101522, 105198, 96638, 28489, 107150, 29125, 87851]"
112392,"[92097, 66574, 59486, 82885, 78168, 68387, 21964, 77843, 10708, 30591]"
112393,"[54763, 84108, 83800, 105064, 1691, 30250, 88129, 94128, 86180, 2102]"
112394,"[17572, 38273, 31989, 81081, 37492, 25829, 80822, 44754, 86426, 48798]"
112395,"[57073, 32815, 89657, 30953, 66431, 63103, 7003, 14914, 43722, 44014]"
112396,"[43299, 59920, 92490, 72616, 21135, 31498, 6235, 86014, 17442, 105074]"
112397,"[95459, 77777, 26973, 798, 24080, 53800, 54156, 103267, 12072, 57934]"
112398,"[59090, 19389, 51818, 49765, 47087, 74675, 29427, 43760, 90390, 88576]"
112399,"[45992, 38946, 26007, 29076, 58011, 95849, 28179, 85599, 18465, 4318]"
112400,"[78230, 79545, 71522, 42756, 5841, 53695, 27936, 77845, 11010, 70056]"
112401,"[37988, 12733, 86074, 59006, 27368, 39529, 107813, 89886, 49605, 103034]"
112402,"[94664, 44159, 80507, 69857, 97984, 49392, 89290, 55209, 86028, 61290]"
112403,"[58293, 18496, 49856, 45922, 85966, 75082, 88471, 12661, 4387, 71813]"
112404,"[8933, 13297, 51776, 5676, 10298, 23112, 23251, 9177, 15700, 68630]"
112405,"[540, 83118, 51908, 15437, 29761, 23823, 78232, 25283, 51252, 37892]"
112406,"[40332, 57557, 51923, 55618, 31445, 44991, 55078, 799, 65347, 105043]"
112407,"[30517, 62884, 54569, 59633, 2773, 24620, 27624, 52497, 86399, 87504]"
112408,"[58981, 109322, 95276, 56732, 81019, 71436, 47409, 108604, 24344, 102995]"
112409,"[98706, 42897, 41370, 62473, 47760, 809, 69506, 96020, 42073, 44388]"
112410,"[3369, 84521, 29960, 23332, 60027, 35173, 82026, 16089, 85956, 6049]"
112411,"[42983, 60483, 32394, 42849, 103888, 20013, 52140, 93107, 32780, 66831]"
112412,"[92993, 16281, 60295, 80214, 50013, 189, 43910, 46803, 101269, 11421]"
112413,"[70657, 31512, 104528, 105322, 24886, 25188, 51995, 73091, 64580, 27043]"
112414,"[51496, 26022, 45206, 66168, 89999, 84589, 82719, 81132, 103330, 77643]"
112415,"[71309, 91686, 8445, 85959, 43595, 9241, 75764, 87485, 15801, 94372]"
112416,"[62105, 106871, 101265, 39081, 34084, 10552, 32120, 71345, 104348, 34238]"
112417,"[77796, 57047, 32844, 68240, 26843, 10128, 55713, 59669, 87175, 31011]"
112418,"[91390, 64058, 43640, 97897, 56443, 106719, 67203, 52342, 9479, 33228]"
112419,"[14804, 54211, 18514, 17950, 2201, 57838, 99832, 58511, 105155, 46811]"
112420,"[50135, 20451, 25402, 103787, 58033, 55198, 72357, 84748, 29995, 4861]"
112421,"[83459, 53969, 1407, 109349, 84436, 49193, 78357, 33874, 69623, 95650]"
112422,"[23947, 102738, 108295, 27892, 30148, 33393, 40509, 1558, 108000, 65831]"
112423,"[105383, 19648, 47628, 20258, 80201, 37054, 52743, 46099, 36186, 15111]"
112424,"[327, 69518, 92477, 61066, 96479, 79206, 51003, 10934, 69201, 53446]"
112425,"[46119, 100289, 48775, 2199, 109412, 66309, 21998, 39651, 108513, 81522]"
112426,"[106021, 56614, 18022, 106011, 45889, 36312, 64352, 85843, 82739, 39016]"
112427,"[74220, 1000, 93061, 24867, 11313, 22625, 29800, 97713, 104712, 89269]"
112428,"[72569, 6943, 90705, 94254, 47215, 24285, 25508, 7699, 8471, 60787]"
112429,"[46469, 7991, 39168, 23850, 100855, 22329, 17764, 2270, 36318, 37438]"
112430,"[7828, 4855, 63169, 88481, 11108, 70035, 93458, 14298, 66040, 38979]"
112431,"[86015, 32666, 107240, 52329, 14699, 74844, 51557, 27478, 46831, 95239]"
112432,"[104957, 55866, 95117, 59014, 27161, 19532, 895, 9496, 41378, 46083]"
112433,"[23453, 68433, 31754, 39943, 101544, 68388, 83336, 88862, 61451, 25375]"
112434,"[29124, 21815, 103538, 67412, 75540, 93672, 72720, 66423, 67473, 40521]"
112435,"[18278, 29535, 47737, 53524, 42507, 33507, 65917, 8311, 70014, 29066]"
112436,"[597, 72820, 31, 89319, 25560, 34253, 80566, 66652, 67980, 37542]"
112437,"[59331, 16283, 28778, 11330, 39361, 4361, 93639, 44788, 61945, 6873]"
112438,"[43917, 64746, 94416, 90485, 41332, 93490, 38668, 91445, 24699, 48299]"
112439,"[15696, 37137, 102273, 6994, 94914, 103899, 98067, 100999, 33893, 11463]"
112440,"[59837, 101299, 38865, 18811, 15010, 82389, 46802, 39961, 67181, 98660]"
112441,"[54365, 79418, 53742, 90340, 55884, 83516, 11256, 81378, 14898, 50751]"
112442,"[34960, 46244, 15069, 41440, 48692, 60631, 1817, 13341, 101707, 55132]"
112443,"[107495, 85748, 96385, 34329, 60626, 38328, 90603, 36253, 21875, 55026]"
112444,"[10633, 85276, 17857, 51622, 88651, 102153, 43790, 98535, 26436, 1266]"
112445,"[89734, 40754, 78536, 1747, 42011, 18554, 1856, 108621, 47474, 23740]"
112446,"[47940, 4171, 32675, 79486, 17705, 26247, 58755, 17432, 70596, 83774]"
112447,"[83086, 83489, 86988, 29907, 7924, 69563, 104212, 6766, 106167, 5870]"
112448,"[67439, 100585, 4545, 50345, 94977, 85315, 71681, 20393, 49874, 89263]"
112449,"[7623, 5436, 11687, 57065, 39253, 3969, 106675, 67536, 104448, 41801]"
112450,"[26288, 11981, 40082, 95656, 83576, 1829, 4570, 86820, 95638, 79183]"
112451,"[58244, 7837, 14623, 93684, 84727, 41509, 94307, 9775, 46887, 92304]"
112452,"[47149, 19539, 34752, 83870, 34263, 97420, 18911, 94505, 30933, 4718]"
112453,"[34060, 60733, 68985, 46041, 61986, 86764, 47219, 18739, 59901, 95688]"
112454,"[98890, 91731, 89317, 40321, 30862, 108479, 58964, 74512, 30750, 5519]"
112455,"[12925, 109025, 20284, 94382, 102923, 104948, 89827, 32734, 93414, 42654]"
112456,"[92856, 21588, 631, 4531, 74499, 76710, 14432, 92876, 95996, 8775]"
112457,"[98388, 84725, 40311, 21613, 88792, 43907, 49102, 35657, 7434, 9659]"
112458,"[86391, 36629, 12202, 13108, 108866, 56923, 98792, 24810, 73538, 79499]"
112459,"[56844, 77138, 3056, 12640, 90508, 69347, 8335, 107434, 36733, 82275]"
112460,"[100512, 87760, 97708, 87068, 85009, 40471, 86118, 1988, 47526, 107252]"
112461,"[15814, 2974, 7564, 54279, 46561, 46906, 32510, 24688, 34836, 40608]"
112462,"[51679, 88288, 60632, 53473, 22502, 51002, 48682, 36356, 74650, 37272]"
112463,"[87457, 24314, 108716, 92262, 108354, 91996, 94701, 94088, 47370, 94642]"
112464,"[69371, 82246, 47634, 108677, 55119, 33924, 94507, 103828, 77688, 30831]"
112465,"[64287, 86303, 95556, 93062, 56116, 63903, 22663, 9352, 95417, 45030]"
112466,"[34066, 91458, 56494, 53331, 109208, 70621, 37097, 38344, 62285, 48618]"
112467,"[70947, 92455, 69975, 94873, 28340, 22239, 78343, 12003, 68394, 96717]"
112468,"[47862, 106713, 73135, 83977, 88103, 50784, 61657, 63418, 2018, 24542]"
112469,"[64947, 90539, 52773, 54614, 19920, 54601, 66436, 16183, 36063, 2015]"
112470,"[6169, 93360, 29970, 100844, 70216, 32329, 42696, 43675, 10348, 91559]"
112471,"[101473, 96477, 72463, 105012, 74149, 45688, 33847, 32446, 105849, 75623]"
112472,"[7678, 62764, 52061, 90973, 38055, 38022, 25544, 33838, 5275, 20300]"
112473,"[55031, 35476, 78090, 104872, 34538, 8001, 50386, 89515, 35691, 3035]"
112474,"[15974, 102372, 88963, 86653, 83375, 67572, 1062, 47299, 44707, 45699]"
112475,"[23212, 26783, 49398, 12118, 7154, 59325, 12290, 13165, 71526, 78538]"
112476,"[96015, 95047, 75381, 58435, 98378, 3638, 90115, 58990, 93031, 30046]"
112477,"[11497, 44123, 4603, 91916, 93111, 14272, 14975, 17736, 28663, 13537]"
112478,"[99217, 4970, 85349, 47324, 5013, 26243, 4390, 47222, 44857, 69672]"
112479,"[14573, 66072, 64632, 13295, 57306, 57035, 53626, 809, 69506, 83812]"
112480,"[106131, 27686, 90884, 87151, 104959, 69713, 104867, 82662, 3926, 70667]"
112481,"[432, 46887, 53306, 12168, 87724, 25187, 38348, 4948, 81056, 69797]"
112482,"[108598, 58047, 85964, 22499, 2326, 21726, 66883, 32586, 77997, 70725]"
112483,"[89641, 34929, 23060, 30102, 99530, 19558, 2333, 69516, 12270, 91693]"
112484,"[75640, 55730, 45708, 10121, 11751, 47698, 39374, 13298, 98166, 74748]"
112485,"[81169, 78444, 44031, 11918, 78770, 50028, 53273, 51753, 48268, 56912]"
112486,"[71964, 18635, 100853, 70427, 77070, 87527, 85796, 79425, 91076, 60837]"
112487,"[26462, 56768, 108799, 80219, 55066, 23617, 105238, 24857, 25686, 9601]"
112488,"[82736, 31641, 42402, 105341, 53342, 57767, 13100, 14655, 12685, 73299]"
112489,"[109137, 96271, 44809, 38114, 54308, 108166, 52118, 46915, 98624, 83670]"
112490,"[5026, 22037, 2995, 42382, 76509, 108278, 28532, 84991, 94444, 72441]"
112491,"[6751, 28956, 42500, 100107, 10954, 77735, 55483, 1402, 22050, 73068]"
112492,"[60583, 50527, 21852, 10412, 80223, 42661, 81685, 68082, 58300, 90723]"
112493,"[57686, 31247, 43643, 53276, 58365, 87112, 102452, 81442, 90124, 12784]"
112494,"[54323, 70351, 82049, 36831, 50399, 77942, 99854, 106838, 68539, 8865]"
112495,"[94421, 95430, 4767, 74529, 94992, 62414, 42113, 109007, 108267, 26929]"
112496,"[799, 36839, 31445, 4601, 44991, 102760, 44350, 48212, 64254, 4724]"
112497,"[12979, 3478, 73109, 108055, 67901, 47426, 104876, 45753, 700, 79193]"
112498,"[64835, 57932, 107431, 60548, 41915, 3265, 92947, 18455, 94516, 44793]"
112499,"[35371, 80409, 28653, 5249, 77755, 77344, 93329, 69868, 15109, 99662]"
112500,"[86292, 72540, 1732, 106781, 74669, 45170, 14046, 70277, 49976, 58371]"
112501,"[103125, 89953, 4998, 1827, 93409, 103766, 47358, 94546, 28744, 103949]"
112502,"[105398, 66331, 2392, 55542, 26321, 97777, 14021, 86845, 100714, 91687]"
112503,"[74908, 99015, 35362, 22332, 77128, 45155, 41471, 16243, 103071, 21661]"
112504,"[107405, 46609, 63889, 30388, 96253, 38359, 90372, 104041, 29779, 71963]"
112505,"[65376, 87246, 25860, 40498, 14971, 678, 13142, 92284, 8934, 44622]"
112506,"[93607, 77231, 103891, 14661, 26538, 79465, 24335, 44435, 5526, 53428]"
112507,"[33935, 107873, 89629, 73224, 68323, 45520, 28995, 76718, 60851, 15351]"
112508,"[106433, 47911, 79692, 47848, 98437, 70359, 101785, 51631, 44893, 45508]"
112509,"[100955, 69438, 23261, 99913, 56134, 69501, 27079, 60496, 6424, 79920]"
112510,"[97892, 85332, 88186, 78494, 67278, 98996, 30692, 106206, 109399, 76039]"
112511,"[81897, 97970, 40421, 36469, 51564, 53442, 63772, 104073, 17325, 16997]"
112512,"[42302, 89305, 92303, 95753, 99203, 22366, 76659, 33969, 381, 19296]"
112513,"[95441, 6224, 93723, 84360, 48492, 91204, 69665, 108426, 44731, 57000]"
112514,"[13493, 19166, 49836, 105379, 7790, 53730, 98230, 98873, 27573, 84637]"
112515,"[18371, 81249, 7387, 58473, 45139, 96807, 62314, 67798, 27014, 14771]"
112516,"[60797, 62698, 197, 94016, 3460, 88160, 76975, 952, 19333, 46120]"
112517,"[93710, 89468, 47162, 4012, 87299, 75894, 46375, 109467, 33025, 66923]"
112518,"[78193, 30654, 46482, 66317, 76059, 36590, 65176, 99119, 10856, 81146]"
112519,"[33610, 738, 105792, 72161, 72858, 3290, 1798, 4201, 88138, 16083]"
112520,"[7158, 98753, 108066, 83599, 19516, 45759, 86580, 84064, 86530, 42155]"
112521,"[55670, 90184, 6073, 22142, 94008, 52732, 38864, 109190, 31733, 46179]"
112522,"[11251, 102815, 105364, 78444, 49769, 81169, 72680, 4787, 34143, 75177]"
112523,"[107846, 31038, 89690, 56325, 45937, 72852, 60431, 9447, 37645, 6181]"
112524,"[56233, 87170, 67, 36752, 86349, 13479, 77026, 3738, 32938, 87868]"
112525,"[99523, 64055, 13564, 83640, 73925, 98851, 65512, 61873, 106232, 34476]"
112526,"[88397, 66329, 97769, 96984, 2484, 61415, 17064, 15795, 26450, 94634]"
112527,"[78586, 25405, 41058, 74774, 5520, 63891, 81903, 108871, 101537, 39239]"
112528,"[17028, 20609, 94969, 79596, 52781, 95225, 106174, 5958, 59024, 1150]"
112529,"[35170, 48338, 97560, 108047, 71350, 82425, 73259, 16330, 64767, 44194]"
112530,"[108186, 44004, 52417, 24648, 15329, 45345, 99150, 92904, 33611, 48813]"
112531,"[57554, 93392, 15962, 81977, 30850, 51119, 90259, 31783, 19220, 86172]"
112532,"[108008, 3475, 72955, 16936, 8910, 69778, 97548, 62015, 22654, 13911]"
112533,"[40628, 30098, 16849, 10714, 109233, 24766, 18686, 98814, 28248, 102073]"
112534,"[28106, 84744, 15645, 41481, 40346, 53210, 18388, 73944, 19155, 21667]"
112535,"[81728, 96659, 26517, 109538, 79843, 44079, 9568, 102315, 39396, 68704]"
112536,"[11040, 91814, 68630, 109716, 4941, 10298, 8933, 23112, 246, 41278]"
112537,"[28082, 17701, 102647, 35008, 103236, 41016, 68659, 42335, 46479, 40492]"
112538,"[46597, 98123, 22843, 27779, 109577, 59223, 90998, 48890, 45738, 105239]"
112539,"[92787, 8016, 20011, 5055, 39500, 36223, 93890, 60110, 64754, 89134]"
112540,"[75240, 102298, 37720, 4976, 93290, 90607, 73968, 50925, 39427, 42001]"
112541,"[74560, 81461, 96732, 12923, 42637, 43568, 76197, 90435, 98467, 63199]"
112542,"[32075, 652, 30633, 88252, 22612, 68583, 26614, 67981, 14567, 19325]"
112543,"[63887, 57482, 82762, 12992, 51016, 90894, 5485, 89238, 3427, 80597]"
112544,"[20893, 108778, 48418, 31279, 6246, 8927, 69916, 95667, 4567, 80636]"
112545,"[45740, 37038, 2410, 98897, 24626, 17058, 104109, 99716, 2402, 107951]"
112546,"[26668, 73098, 65170, 71043, 18979, 89256, 84041, 20997, 26008, 84278]"
112547,"[62478, 99238, 81585, 27428, 46372, 30680, 3597, 65805, 4494, 65835]"
112548,"[915, 47186, 89773, 73887, 1667, 27296, 74599, 54020, 69446, 84354]"
112549,"[23202, 95552, 6590, 66697, 76869, 14721, 90082, 71645, 13912, 13268]"
112550,"[38853, 87939, 52056, 11507, 108722, 25413, 34000, 93275, 21610, 106939]"
112551,"[65452, 60914, 38669, 47632, 49171, 107460, 107181, 93844, 103569, 80580]"
112552,"[11441, 35687, 46851, 87174, 18844, 94527, 26126, 10540, 32394, 57033]"
112553,"[61827, 45678, 47255, 55936, 63039, 45509, 108483, 62486, 89582, 108616]"
112554,"[79228, 53065, 30293, 25388, 57842, 74751, 100310, 89743, 3134, 99308]"
112555,"[69983, 62077, 78267, 30907, 33666, 75581, 50506, 92169, 45242, 23156]"
112556,"[6135, 3509, 63470, 30947, 47100, 82286, 56062, 19478, 81727, 76663]"
112557,"[95225, 48976, 79596, 94969, 44414, 106174, 59024, 23051, 5958, 85418]"
112558,"[94242, 99754, 43527, 95645, 83880, 22102, 39466, 85001, 43444, 25255]"
112559,"[71889, 76995, 71401, 106580, 68534, 85245, 105217, 76086, 88552, 8503]"
112560,"[84393, 64094, 75303, 21670, 47721, 8622, 39984, 95426, 62265, 51899]"
112561,"[98674, 68247, 76534, 59655, 9460, 101580, 48428, 1003, 17735, 9976]"
112562,"[38924, 93408, 4784, 84745, 83113, 18869, 93236, 16556, 55435, 52362]"
112563,"[8908, 104527, 21766, 5459, 21025, 93192, 68983, 53268, 6282, 90126]"
112564,"[92120, 73233, 30144, 98215, 42690, 83337, 91254, 32609, 71392, 32906]"
112565,"[33929, 99841, 89292, 55383, 94394, 99144, 2906, 31859, 96359, 76351]"
112566,"[60144, 19605, 32741, 48140, 44173, 77474, 74124, 11180, 74986, 97336]"
112567,"[104345, 25584, 104873, 47620, 62964, 87946, 21338, 79297, 52646, 54790]"
112568,"[75892, 107855, 49395, 108111, 94589, 72020, 104947, 55864, 86116, 5979]"
112569,"[23486, 3842, 109340, 101040, 4004, 99877, 17848, 76130, 44599, 68144]"
112570,"[30662, 46389, 83898, 95502, 48625, 8486, 82111, 43590, 46773, 70032]"
112571,"[40332, 57557, 63699, 26692, 73756, 10115, 3135, 84160, 101989, 65744]"
112572,"[45352, 16961, 103965, 71596, 58640, 70721, 69810, 93922, 13295, 46229]"
112573,"[106021, 7245, 82739, 97152, 76924, 52954, 60179, 58848, 51552, 8414]"
112574,"[58449, 58419, 82492, 34176, 71421, 696, 101379, 34884, 42969, 44307]"
112575,"[85282, 32761, 1609, 91502, 91455, 44979, 17988, 23075, 38770, 57910]"
112576,"[19532, 19981, 47499, 58064, 70816, 40282, 70430, 76420, 895, 67536]"
112577,"[48536, 1627, 47342, 22774, 52764, 71872, 13873, 19545, 81398, 40400]"
112578,"[45037, 92679, 98146, 5531, 108382, 6166, 96980, 32415, 66726, 102576]"
112579,"[55089, 72159, 2964, 61838, 33461, 81710, 70204, 3758, 5896, 49931]"
112580,"[41013, 5409, 13239, 27869, 108481, 16323, 33269, 92977, 93519, 15344]"
112581,"[2778, 61548, 40445, 57921, 56487, 7005, 34480, 34953, 107741, 68897]"
112582,"[92067, 346, 10835, 81423, 90254, 81776, 41011, 23968, 14074, 67362]"
112583,"[18427, 81293, 93224, 10878, 79621, 1380, 22012, 96747, 100890, 107885]"
112584,"[10961, 50775, 81026, 76799, 30406, 42515, 5460, 3223, 78220, 22788]"
112585,"[79822, 34151, 83502, 72797, 39104, 34636, 3502, 7688, 59609, 13203]"
112586,"[11229, 105950, 28651, 50744, 10283, 56176, 70350, 8293, 4047, 32552]"
112587,"[80442, 45310, 23500, 74286, 103369, 106461, 65380, 70221, 48471, 10628]"
112588,"[89927, 29875, 95647, 8446, 8109, 68754, 62315, 62471, 57696, 28802]"
112589,"[40263, 784, 109676, 42516, 57394, 45634, 56444, 107978, 91811, 33145]"
112590,"[30218, 87979, 25136, 8951, 48806, 41882, 15097, 109744, 63898, 23695]"
112591,"[16060, 68633, 105603, 67149, 83400, 82987, 22330, 32968, 24762, 35261]"
112592,"[57182, 78455, 74098, 70613, 44865, 66045, 65689, 7996, 21318, 58079]"
112593,"[50281, 63725, 109630, 100837, 30806, 43650, 28115, 71661, 25915, 30699]"
112594,"[35525, 50220, 2349, 108895, 67538, 125, 69931, 98931, 95027, 31267]"
112595,"[38570, 17158, 20468, 51716, 2307, 56375, 97979, 73963, 109411, 50381]"
112596,"[42768, 1690, 74397, 20458, 2183, 67987, 100898, 56761, 47916, 78347]"
112597,"[80573, 59254, 20702, 24600, 44458, 23146, 108334, 26173, 75540, 32778]"
112598,"[66038, 46783, 88813, 56584, 107610, 47530, 31216, 90599, 68870, 86812]"
112599,"[28846, 11950, 98229, 82454, 26314, 93692, 57059, 31038, 59594, 36933]"
112600,"[109353, 85238, 20428, 13056, 103499, 2285, 26366, 6792, 52624, 58452]"
112601,"[106184, 44604, 23723, 104884, 8301, 6260, 77260, 93891, 52335, 35287]"
112602,"[88079, 60867, 40443, 93133, 25868, 93352, 102586, 2355, 99343, 80040]"
112603,"[104721, 18071, 45978, 10291, 104102, 50057, 85938, 64039, 78881, 30561]"
112604,"[94882, 73987, 62812, 84887, 38043, 19067, 67482, 20930, 66666, 40545]"
112605,"[44913, 13094, 107508, 24980, 109570, 26885, 55836, 94490, 95809, 47687]"
112606,"[21779, 81708, 28895, 44648, 39582, 85909, 49045, 1928, 52383, 72711]"
112607,"[50131, 103949, 56315, 75675, 43614, 60338, 2265, 18382, 37683, 90944]"
112608,"[63098, 100511, 7399, 36251, 65409, 9319, 22331, 61301, 82809, 95184]"
112609,"[37410, 43461, 88895, 37005, 3316, 96171, 73468, 65868, 32759, 80116]"
112610,"[57635, 55143, 62358, 54684, 44266, 75631, 50223, 6847, 26587, 102415]"
112611,"[47507, 72662, 63879, 54728, 65139, 62987, 18937, 87663, 91453, 38044]"
112612,"[37514, 105529, 92500, 22759, 34038, 54851, 30843, 31900, 53483, 593]"
112613,"[16754, 100171, 100659, 107037, 31530, 21442, 38168, 33974, 239, 57212]"
112614,"[27953, 107968, 42589, 74119, 84993, 109294, 85734, 65984, 77113, 76593]"
112615,"[88448, 78246, 67993, 40467, 66559, 71678, 102795, 88639, 73431, 3168]"
112616,"[11211, 57123, 13766, 37091, 38218, 79793, 46728, 12291, 32312, 14525]"
112617,"[31012, 43361, 77479, 94274, 100083, 22507, 47841, 24599, 24487, 14667]"
112618,"[80091, 79649, 7084, 64046, 71609, 68212, 48747, 46017, 41294, 88890]"
112619,"[55879, 102311, 81695, 66489, 9944, 33618, 66830, 73020, 69003, 68764]"
112620,"[103534, 21395, 93951, 34609, 10346, 51153, 67568, 422, 75920, 85737]"
112621,"[31187, 26518, 63728, 103264, 42464, 5201, 60815, 92811, 40284, 36636]"
112622,"[91378, 54265, 22231, 41579, 28645, 102442, 49185, 2798, 104898, 34612]"
112623,"[46710, 14762, 79046, 19593, 57893, 11555, 17072, 40, 103433, 47392]"
112624,"[4836, 80756, 107673, 35727, 4736, 54321, 65021, 64215, 91553, 101255]"
112625,"[89159, 36839, 61091, 74113, 83609, 107809, 59013, 66998, 84079, 47311]"
112626,"[84278, 11879, 85189, 64173, 62020, 11412, 71043, 5980, 75631, 30776]"
112627,"[34902, 6046, 93196, 36899, 21933, 75155, 49858, 46750, 69910, 64369]"
112628,"[87033, 82702, 53911, 101185, 36362, 63267, 54543, 67058, 27067, 50909]"
112629,"[31167, 85150, 86547, 44147, 54292, 58577, 92429, 69749, 92471, 18650]"
112630,"[17760, 32284, 96772, 104009, 67639, 62100, 20206, 91385, 27945, 64665]"
112631,"[1205, 28183, 99825, 62614, 27761, 41008, 39359, 35938, 68981, 20444]"
112632,"[89243, 37499, 55885, 68331, 29390, 63297, 88176, 42150, 15532, 95445]"
112633,"[52228, 69182, 26824, 3548, 46441, 28292, 79090, 30423, 20785, 14776]"
112634,"[50605, 8556, 6469, 96721, 25326, 20885, 49527, 107427, 47669, 10315]"
112635,"[7923, 90264, 3139, 86478, 19994, 34788, 55641, 101738, 16717, 9916]"
112636,"[85574, 51458, 63107, 80632, 53624, 50087, 84788, 92465, 6182, 54232]"
112637,"[60232, 88209, 48514, 80455, 11237, 9628, 71790, 5291, 90070, 90489]"
112638,"[81626, 105677, 22130, 5330, 81654, 20995, 108401, 3223, 6462, 36949]"
112639,"[275, 56305, 72021, 25337, 16380, 13742, 226, 100332, 2557, 47855]"
112640,"[88569, 67309, 33925, 5130, 74587, 77438, 49687, 40773, 88473, 13100]"
112641,"[105225, 107696, 57514, 41107, 72311, 51895, 54483, 86272, 30585, 42271]"
112642,"[39117, 11577, 60579, 16684, 87134, 27550, 23722, 60205, 37007, 82705]"
112643,"[87531, 55919, 61485, 8813, 34696, 75405, 92581, 6303, 62079, 78072]"
112644,"[107459, 96238, 61832, 98364, 61271, 240, 25684, 10634, 88630, 78282]"
112645,"[98578, 94392, 44836, 57268, 56543, 30240, 53301, 95720, 1375, 13540]"
112646,"[97351, 46211, 91107, 12347, 35320, 91658, 2489, 14975, 106332, 237]"
112647,"[54221, 90696, 82654, 58469, 85947, 72049, 67263, 93778, 37001, 100743]"
112648,"[5396, 77987, 52711, 58779, 19701, 98586, 82503, 54505, 3632, 44448]"
112649,"[46868, 22461, 92491, 102384, 20255, 73725, 99970, 78866, 66264, 84455]"
112650,"[42284, 12232, 44033, 17425, 92256, 63978, 16617, 43310, 54580, 37044]"
112651,"[16945, 36773, 69261, 104751, 52441, 13050, 17718, 107523, 25595, 75096]"
112652,"[46935, 48825, 83167, 55011, 24326, 29201, 36095, 66177, 58594, 73950]"
112653,"[95003, 65904, 26929, 60905, 38630, 49957, 85525, 35059, 59466, 4756]"
112654,"[62050, 56192, 80594, 30958, 51843, 31103, 95929, 75017, 74222, 62116]"
112655,"[20137, 2455, 55719, 58335, 68548, 32618, 68373, 39118, 72046, 38643]"
112656,"[90084, 12053, 66447, 33706, 46096, 96780, 85720, 103195, 26405, 93510]"
112657,"[77643, 103330, 62649, 82719, 45206, 26022, 84589, 51496, 44073, 66168]"
112658,"[7153, 51813, 61234, 13087, 6221, 105039, 78775, 22857, 13194, 97688]"
112659,"[48270, 106283, 8259, 2363, 38606, 40729, 39137, 108825, 61310, 104273]"
112660,"[91024, 25080, 108062, 59701, 9401, 78680, 73263, 35513, 98044, 97334]"
112661,"[94814, 11954, 10002, 27136, 90105, 30010, 55800, 65983, 107990, 601]"
112662,"[43227, 96897, 5005, 4931, 4423, 102484, 26248, 99443, 8817, 100288]"
112663,"[34342, 100741, 605, 46898, 68113, 97800, 78202, 91052, 32407, 45361]"
112664,"[104250, 66585, 12132, 37057, 99868, 100321, 50958, 70483, 74060, 41584]"
112665,"[104031, 44313, 72774, 67074, 105234, 47323, 55834, 44582, 42666, 106812]"
112666,"[108443, 32767, 94185, 51150, 84516, 86454, 79707, 71285, 56157, 45893]"
112667,"[77269, 20562, 54060, 102268, 81551, 98551, 25791, 32044, 52242, 34338]"
112668,"[35038, 42997, 98755, 78330, 67777, 54899, 23687, 98849, 52664, 95755]"
112669,"[10966, 41420, 77781, 41831, 30936, 15847, 64984, 97800, 34221, 91038]"
112670,"[17257, 416, 72122, 59559, 55072, 101013, 7080, 105525, 97016, 37649]"
112671,"[26509, 95189, 48146, 94379, 25668, 7974, 78875, 97304, 25748, 1898]"
112672,"[28060, 20125, 63598, 93981, 28159, 129, 92843, 93858, 3638, 90115]"
112673,"[31456, 75146, 20738, 93504, 27274, 33648, 77312, 27897, 25293, 2465]"
112674,"[52401, 102354, 49840, 42286, 86537, 49538, 100941, 66709, 8933, 45641]"
112675,"[84442, 99086, 22674, 74250, 73075, 16977, 955, 60410, 51041, 101566]"
112676,"[64640, 17509, 73044, 72758, 65816, 74836, 49178, 58726, 65512, 105965]"
112677,"[102970, 17189, 109701, 19299, 36540, 31619, 2192, 54045, 6973, 92796]"
112678,"[16780, 58660, 18266, 36196, 15076, 84254, 55711, 1500, 72734, 38951]"
112679,"[30424, 16062, 75821, 103481, 93237, 34407, 71662, 41441, 78981, 18402]"
112680,"[50773, 90866, 88130, 50746, 33168, 106237, 84561, 39459, 42528, 48192]"
112681,"[86075, 23179, 36477, 52568, 50214, 104864, 28790, 17075, 69662, 1553]"
112682,"[56917, 99105, 15459, 14973, 469, 52445, 15183, 53252, 71854, 44988]"
112683,"[8458, 4379, 57130, 36379, 48637, 88947, 31640, 83189, 56420, 53077]"
112684,"[61736, 78979, 45542, 74925, 50886, 71483, 103196, 93131, 56183, 72276]"
112685,"[106204, 6832, 9665, 103253, 27776, 26146, 69939, 22044, 21066, 105811]"
112686,"[33180, 69914, 2582, 63543, 104444, 9611, 48216, 94014, 70547, 66857]"
112687,"[89727, 87326, 49228, 28844, 47444, 25406, 30619, 6671, 57804, 8942]"
112688,"[75315, 11357, 86008, 78623, 38572, 18251, 99201, 98289, 33517, 12445]"
112689,"[44131, 106471, 98867, 41627, 37489, 104987, 99198, 107488, 42704, 79112]"
112690,"[29425, 5987, 54532, 4980, 93477, 105403, 13377, 47757, 108450, 108127]"
112691,"[56444, 80728, 42516, 45634, 56440, 109676, 104865, 94690, 43274, 32859]"
112692,"[9520, 50946, 37734, 72173, 109522, 101693, 17002, 40922, 53184, 39932]"
112693,"[41018, 89764, 102705, 105219, 86608, 92816, 28692, 56028, 15192, 32732]"
112694,"[22921, 109166, 29637, 94340, 29859, 59213, 43867, 89053, 16355, 99540]"
112695,"[16259, 100317, 14168, 40823, 108062, 78859, 20683, 91737, 44990, 20800]"
112696,"[78001, 38925, 83902, 87917, 84002, 91706, 2332, 10104, 5431, 103278]"
112697,"[22913, 20154, 64912, 63438, 101495, 30453, 103858, 25724, 4614, 33079]"
112698,"[99504, 108451, 97632, 60116, 84092, 70487, 66027, 116, 25020, 61083]"
112699,"[17738, 66633, 73909, 83721, 71903, 32520, 102542, 55307, 91116, 60832]"
112700,"[87745, 32378, 7705, 54148, 35994, 31813, 34802, 30783, 81822, 28375]"
112701,"[72752, 2247, 19243, 62083, 13677, 35089, 2749, 26642, 7852, 98131]"
112702,"[6693, 33268, 107433, 86654, 64739, 31686, 68697, 93831, 73897, 34245]"
112703,"[42132, 25206, 93082, 108914, 100554, 72475, 74216, 3406, 36278, 15843]"
112704,"[84550, 108272, 36456, 49607, 8620, 90163, 90578, 16632, 78321, 19891]"
112705,"[38838, 25738, 1725, 56122, 50992, 107506, 85280, 44493, 66366, 44349]"
112706,"[12667, 20527, 49960, 96178, 54016, 17875, 3408, 98715, 67211, 108167]"
112707,"[33504, 88720, 29946, 76877, 9258, 79657, 28516, 100750, 60046, 40300]"
112708,"[57071, 17845, 35640, 49564, 65091, 10674, 87451, 100468, 99922, 100819]"
112709,"[67544, 81079, 13158, 94136, 15067, 7643, 40571, 99462, 61041, 78914]"
112710,"[58294, 56888, 33973, 93558, 71861, 27485, 75949, 37359, 36149, 13848]"
112711,"[1272, 35510, 53249, 68268, 6534, 34749, 81963, 49474, 15896, 18352]"
112712,"[103670, 76402, 38777, 70505, 106060, 105681, 13757, 33680, 56349, 92867]"
112713,"[67572, 15974, 47299, 86653, 83375, 70044, 50593, 102372, 75079, 88963]"
112714,"[43132, 100798, 13669, 53127, 17635, 1153, 10221, 82434, 24426, 82956]"
112715,"[104174, 25393, 4765, 58145, 55781, 27337, 31950, 62486, 91759, 102948]"
112716,"[73423, 50949, 87023, 104395, 86257, 65989, 98551, 47066, 47523, 27906]"
112717,"[6802, 57103, 62957, 36110, 25771, 65427, 26220, 22113, 25857, 16172]"
112718,"[20677, 108626, 7708, 89997, 89089, 41872, 88735, 104925, 85810, 6077]"
112719,"[4256, 43144, 74963, 56386, 55524, 55291, 93601, 39609, 43475, 92646]"
112720,"[35051, 48500, 16875, 70875, 32248, 38067, 26797, 37359, 627, 35346]"
112721,"[70121, 6225, 100371, 33014, 38867, 6038, 108064, 30129, 18272, 36007]"
112722,"[23816, 97686, 31974, 106449, 8640, 48275, 69820, 8851, 22961, 62299]"
112723,"[93142, 36537, 66190, 74086, 17502, 64707, 49500, 4532, 13680, 84789]"
112724,"[4537, 27794, 96903, 20871, 76152, 93727, 62198, 104235, 90508, 80361]"
112725,"[38966, 94116, 75226, 53748, 28646, 100118, 11887, 59170, 61433, 33574]"
112726,"[88587, 5426, 41941, 5380, 63839, 8633, 23728, 99300, 99248, 92638]"
112727,"[48900, 19749, 52030, 97149, 96971, 451, 64939, 39690, 3430, 32389]"
112728,"[29852, 33111, 65494, 69269, 25051, 51912, 104053, 81987, 2130, 53250]"
112729,"[84390, 50387, 96528, 69667, 65347, 68835, 55811, 11301, 75813, 98532]"
112730,"[64540, 4345, 93845, 22325, 46984, 67997, 8008, 108088, 43678, 62127]"
112731,"[36832, 62125, 64170, 37165, 11014, 92214, 65297, 82418, 13578, 78037]"
112732,"[5166, 97391, 72129, 54261, 92018, 3585, 24485, 58736, 75525, 35564]"
112733,"[95775, 22922, 9419, 103902, 65862, 58207, 56780, 74989, 68676, 104791]"
112734,"[38336, 108889, 84240, 98108, 5184, 13503, 59021, 31138, 27258, 109337]"
112735,"[63346, 82931, 38672, 35679, 59785, 7673, 89560, 605, 12996, 45361]"
112736,"[41065, 55921, 38610, 37932, 105250, 31894, 58216, 70679, 1843, 103312]"
112737,"[25905, 66462, 77830, 63908, 102416, 43844, 73043, 46093, 63527, 82776]"
112738,"[80967, 15369, 76621, 18645, 36578, 17613, 90349, 78130, 78023, 95649]"
112739,"[12160, 60586, 90675, 60202, 50786, 56433, 35323, 102853, 46320, 91859]"
112740,"[37392, 43074, 37596, 105733, 67210, 108478, 98249, 42220, 572, 107654]"
112741,"[62174, 12003, 92455, 69975, 28340, 94873, 70947, 72834, 68394, 78343]"
112742,"[24661, 13909, 15909, 90784, 98459, 35529, 97153, 88742, 64614, 82992]"
112743,"[49993, 14901, 104417, 52088, 86773, 66930, 56560, 54608, 66269, 9282]"
112744,"[91767, 33311, 76015, 53092, 27804, 4693, 33916, 53768, 19022, 88659]"
112745,"[39056, 54606, 96547, 53615, 61131, 85851, 66428, 101021, 101248, 36465]"
112746,"[37660, 75897, 98833, 108186, 72904, 35796, 52558, 44004, 48758, 82076]"
112747,"[95441, 62637, 58630, 53012, 19363, 24582, 108426, 99090, 57000, 44731]"
112748,"[37003, 3377, 14741, 95052, 45667, 44655, 9639, 1265, 7498, 35923]"
112749,"[31045, 92400, 9892, 58729, 11378, 6527, 89779, 88897, 19870, 35310]"
112750,"[53841, 51163, 107042, 100790, 24458, 82307, 66773, 87677, 22877, 65857]"
112751,"[77772, 99851, 8763, 44718, 100642, 44737, 96288, 69356, 24712, 32170]"
112752,"[33977, 88834, 6781, 30892, 79752, 39304, 48477, 44782, 107182, 16865]"
112753,"[27892, 23947, 10178, 70794, 102738, 30148, 33393, 40509, 108295, 57336]"
112754,"[92900, 14834, 83475, 85351, 59895, 73372, 74708, 61631, 51375, 79299]"
112755,"[12164, 28825, 81100, 75871, 17466, 79902, 68721, 107001, 84131, 84685]"
112756,"[85795, 7241, 41090, 98760, 23071, 14177, 76525, 5112, 34153, 86326]"
112757,"[99677, 27362, 36404, 52217, 25793, 45113, 48954, 8015, 30506, 77685]"
112758,"[109320, 13250, 13610, 83657, 105714, 50522, 18665, 93533, 65109, 80834]"
112759,"[26638, 38501, 65250, 64479, 57892, 101632, 20910, 79340, 10098, 33695]"
112760,"[18912, 24878, 69789, 49287, 47481, 16908, 80479, 98927, 93736, 77184]"
112761,"[44910, 20988, 82284, 86437, 79455, 107365, 104816, 61585, 32496, 16539]"
112762,"[36476, 13480, 72811, 8512, 76220, 70626, 92458, 55453, 74876, 65228]"
112763,"[3045, 75774, 66229, 34901, 44107, 2084, 9044, 7474, 73526, 36666]"
112764,"[78152, 20700, 6915, 73910, 66072, 61721, 37891, 80498, 105371, 54041]"
112765,"[49008, 31748, 90387, 31160, 39871, 48001, 70084, 12316, 10638, 75400]"
112766,"[35130, 67669, 433, 70695, 1468, 72771, 39917, 24540, 1014, 20884]"
112767,"[74714, 64500, 56953, 59785, 7673, 9649, 19688, 100805, 82367, 11372]"
112768,"[100098, 95829, 13996, 33561, 94402, 61207, 18021, 93668, 17604, 7238]"
112769,"[78410, 99863, 19153, 9409, 106057, 39499, 103812, 91673, 83196, 768]"
112770,"[44346, 105263, 13020, 103344, 59461, 50470, 87125, 35811, 57198, 101823]"
112771,"[103995, 51503, 38682, 102077, 91144, 19528, 45882, 109454, 4526, 57455]"
112772,"[34335, 5398, 12083, 33029, 104812, 84597, 15450, 93485, 63317, 40862]"
112773,"[67329, 41379, 101482, 69637, 50509, 35577, 69919, 99698, 1149, 4155]"
112774,"[40054, 40986, 70160, 47459, 109072, 98984, 87803, 37958, 62849, 62876]"
112775,"[4864, 103051, 59072, 53630, 40115, 10871, 35472, 71017, 1759, 24737]"
112776,"[10633, 83224, 85276, 17857, 48554, 46650, 87866, 1638, 28983, 102153]"
112777,"[21990, 6967, 107476, 46259, 98225, 59959, 81284, 58517, 7451, 20648]"
112778,"[23087, 109740, 66066, 60767, 54352, 12445, 76424, 94581, 55583, 109594]"
112779,"[39544, 4281, 71322, 75110, 101726, 89508, 51514, 57114, 107781, 109144]"
112780,"[99093, 42236, 89668, 34633, 44854, 78110, 19918, 63114, 35883, 56252]"
112781,"[89671, 106566, 36833, 47048, 62627, 49497, 93559, 99651, 963, 78670]"
112782,"[88730, 20709, 57435, 94144, 6207, 35629, 11576, 81648, 54664, 11516]"
112783,"[28073, 80045, 28541, 75287, 56370, 56894, 8606, 24081, 29534, 62988]"
112784,"[45476, 48888, 29249, 15506, 12114, 104981, 103356, 10829, 87384, 37641]"
112785,"[46361, 91051, 79053, 45027, 84536, 76367, 65723, 64656, 64903, 11271]"
112786,"[21437, 107443, 64088, 93523, 86131, 81201, 31823, 69108, 60433, 48007]"
112787,"[65154, 4369, 26768, 87785, 49824, 87219, 85750, 107638, 97020, 66138]"
112788,"[102188, 107808, 70165, 89916, 4419, 50285, 54356, 49167, 59048, 84307]"
112789,"[48035, 30740, 77455, 28439, 1840, 44196, 54390, 42478, 62415, 36256]"
112790,"[3182, 23728, 71750, 18118, 93542, 99248, 94554, 60833, 51042, 88240]"
112791,"[72966, 105700, 51762, 67596, 10207, 66666, 54569, 48218, 22972, 8717]"
112792,"[30703, 33629, 49907, 1024, 105684, 8410, 88736, 27916, 90349, 81393]"
112793,"[2144, 60256, 4337, 83998, 69453, 50513, 9805, 97127, 89722, 25941]"
112794,"[30094, 3601, 78679, 13812, 38219, 16796, 59030, 45303, 106479, 14877]"
112795,"[30585, 2577, 57467, 90541, 54483, 95543, 37488, 72586, 58675, 83945]"
112796,"[35778, 66821, 35065, 60215, 14866, 4533, 43057, 105374, 43537, 13623]"
112797,"[1361, 33293, 64740, 58063, 40693, 26682, 48165, 87596, 65218, 91991]"
112798,"[80639, 56565, 18568, 91815, 32363, 34611, 66206, 28083, 87435, 53656]"
112799,"[80958, 62847, 30305, 1978, 95484, 57828, 68282, 34933, 7114, 8269]"
112800,"[35922, 98612, 12193, 7629, 87650, 101877, 63548, 104100, 5188, 64371]"
112801,"[65791, 40999, 42994, 53935, 73886, 11337, 44001, 94045, 91408, 42755]"
112802,"[10821, 53469, 36908, 57266, 34196, 66773, 62317, 69013, 77131, 85708]"
112803,"[6019, 35775, 11701, 105874, 20260, 36633, 96367, 23780, 847, 104149]"
112804,"[102797, 32811, 29534, 51758, 19010, 2483, 84572, 55258, 19201, 29999]"
112805,"[9384, 54656, 32745, 60798, 57989, 32556, 41479, 90333, 18580, 19665]"
112806,"[68667, 86634, 45735, 104600, 55710, 11870, 9768, 31565, 90270, 68237]"
112807,"[94691, 107955, 60640, 52921, 66812, 27278, 27446, 20441, 33126, 45004]"
112808,"[101250, 62192, 26610, 106861, 13815, 92152, 27958, 57170, 28566, 5708]"
112809,"[65407, 38061, 58850, 51658, 21558, 7247, 7376, 27019, 106467, 23488]"
112810,"[13244, 30015, 41031, 21686, 71131, 93243, 16228, 54648, 10937, 109119]"
112811,"[38105, 108331, 24080, 105943, 103288, 6960, 94956, 68798, 95925, 43319]"
112812,"[24160, 85357, 98231, 57656, 89281, 85992, 42450, 58442, 3309, 58407]"
112813,"[75023, 57186, 14326, 63369, 8349, 62208, 57517, 71061, 99909, 8477]"
112814,"[12433, 44483, 46088, 49760, 79485, 59378, 109084, 34900, 61085, 58404]"
112815,"[30671, 50072, 88833, 91771, 95661, 18207, 73030, 40406, 87417, 5972]"
112816,"[80436, 9840, 103816, 68447, 60104, 48554, 14953, 46650, 38408, 103937]"
112817,"[84765, 43517, 8340, 80945, 40909, 31532, 57944, 109280, 106623, 65230]"
112818,"[23837, 79471, 13918, 84945, 78329, 16428, 70313, 67491, 26512, 81198]"
112819,"[45878, 85743, 27977, 67547, 58780, 57243, 30422, 55939, 36972, 39695]"
112820,"[37825, 9723, 28017, 39644, 77045, 61382, 63271, 34470, 64402, 64439]"
112821,"[8707, 34811, 56899, 11844, 103731, 52907, 46912, 1946, 29591, 60084]"
112822,"[9379, 24088, 27521, 22137, 39374, 109386, 52253, 31225, 98469, 16449]"
112823,"[35493, 58143, 23922, 37460, 76400, 104511, 6099, 26057, 93925, 80028]"
112824,"[98360, 77891, 15690, 15053, 93380, 20083, 16793, 38531, 92095, 84659]"
112825,"[77047, 44255, 54256, 35562, 16185, 44953, 65014, 4364, 51283, 2828]"
112826,"[5723, 61363, 56471, 87748, 56146, 28189, 39898, 94065, 81110, 62171]"
112827,"[99658, 60729, 12193, 7629, 2654, 82066, 17679, 14100, 4241, 19342]"
112828,"[68776, 24203, 13686, 108577, 14942, 25817, 28835, 64214, 65777, 96410]"
112829,"[88444, 54022, 43160, 101231, 108654, 109158, 103375, 91607, 58781, 16866]"
112830,"[89029, 51888, 58904, 51824, 107575, 32857, 44983, 104110, 41892, 100604]"
112831,"[22478, 26285, 75598, 59090, 88576, 21542, 49765, 49119, 56332, 6213]"
112832,"[36071, 80961, 12028, 52830, 79863, 54682, 49069, 106457, 93253, 26988]"
112833,"[108277, 69664, 73379, 23277, 33278, 3732, 59600, 41256, 46424, 27633]"
112834,"[79108, 26046, 37449, 106105, 82974, 27461, 24691, 90283, 42792, 75026]"
112835,"[25993, 43893, 18247, 27643, 6165, 31399, 96618, 25247, 66180, 41196]"
112836,"[33433, 91821, 84551, 68081, 79207, 55651, 66472, 82403, 89626, 13729]"
112837,"[28016, 36482, 87813, 94059, 105393, 108154, 97918, 94241, 32525, 37492]"
112838,"[40292, 56611, 63233, 2245, 95800, 17242, 104574, 25804, 34908, 43413]"
112839,"[41927, 78694, 76684, 48586, 33753, 26913, 39933, 61348, 50787, 51741]"
112840,"[22508, 74429, 98074, 33676, 79381, 2826, 78016, 89646, 10628, 92323]"
112841,"[80448, 67843, 29622, 36325, 55205, 102541, 34683, 61387, 30519, 9735]"
112842,"[96813, 94183, 41094, 88040, 45515, 9927, 62233, 13426, 11327, 104614]"
112843,"[79063, 107277, 96622, 96584, 94884, 105061, 108126, 78403, 43642, 78264]"
112844,"[42285, 104357, 97095, 1940, 51929, 47213, 62464, 95804, 31600, 47358]"
112845,"[50769, 89601, 98897, 2410, 32898, 28361, 3970, 70802, 79517, 24612]"
112846,"[85682, 58944, 77068, 26443, 36438, 47030, 84738, 15762, 101628, 37968]"
112847,"[109654, 57042, 81091, 85853, 80305, 4630, 42745, 58475, 74957, 49086]"
112848,"[78820, 1939, 74018, 33812, 63480, 62203, 11620, 7804, 55672, 73335]"
112849,"[20472, 9909, 101789, 15180, 90703, 60466, 46621, 60915, 46634, 99404]"
112850,"[42347, 91288, 8115, 87779, 63586, 103370, 21186, 82578, 43957, 21745]"
112851,"[66391, 51105, 4031, 87960, 67828, 7073, 61965, 36921, 99114, 31253]"
112852,"[10154, 84452, 12591, 99269, 51151, 16770, 26335, 108017, 11171, 73594]"
112853,"[66770, 38896, 107777, 54382, 99746, 99942, 24504, 102329, 64101, 11211]"
112854,"[14154, 74590, 24925, 77450, 29166, 108743, 74876, 8401, 36071, 89240]"
112855,"[34837, 29730, 50402, 1568, 51416, 105631, 2489, 102250, 52943, 104745]"
112856,"[90774, 37704, 25694, 25792, 7375, 19793, 37489, 104987, 73536, 104138]"
112857,"[8583, 74268, 11345, 48053, 52252, 91431, 96839, 19627, 40582, 80322]"
112858,"[61667, 68293, 56395, 56751, 25729, 77208, 88644, 80301, 87922, 37525]"
112859,"[46164, 25882, 5892, 36978, 60145, 81888, 62749, 26513, 91383, 55717]"
112860,"[100189, 103109, 27478, 46831, 86015, 101608, 107240, 45130, 89910, 90573]"
112861,"[72646, 81217, 43366, 95406, 34426, 66145, 9150, 33311, 53768, 45712]"
112862,"[82021, 73885, 50733, 36002, 12534, 23517, 66162, 30275, 7767, 9449]"
112863,"[39313, 7857, 96722, 61018, 3898, 5858, 93288, 100240, 59200, 37252]"
112864,"[97867, 79384, 95310, 69542, 92822, 52090, 95885, 58655, 108022, 44123]"
112865,"[40132, 22314, 74143, 84085, 81743, 35628, 28739, 101657, 55283, 69317]"
112866,"[34647, 12578, 60860, 13890, 12576, 55538, 90738, 20057, 99664, 29245]"
112867,"[56764, 73143, 10945, 28850, 95944, 106387, 73591, 35861, 24065, 83914]"
112868,"[92196, 30733, 6258, 80148, 103932, 103114, 67771, 25533, 47688, 46094]"
112869,"[37992, 79732, 102379, 11444, 78362, 70168, 43565, 75965, 87753, 81334]"
112870,"[71065, 29570, 37128, 24430, 85618, 59127, 64390, 3332, 93855, 77249]"
112871,"[7576, 46916, 63106, 107824, 35894, 91676, 13824, 43813, 49198, 52699]"
112872,"[63481, 57169, 72658, 60305, 106392, 42764, 60072, 12732, 48399, 68514]"
112873,"[65815, 95296, 101795, 54040, 78377, 50478, 40832, 44879, 43733, 34758]"
112874,"[15408, 52644, 66301, 58225, 108912, 56496, 29490, 99450, 101046, 55562]"
112875,"[58338, 71809, 24000, 22657, 24275, 62049, 29984, 67683, 58115, 52237]"
112876,"[49949, 56328, 21665, 61650, 102156, 11873, 44133, 37777, 34602, 83690]"
112877,"[56129, 62848, 82097, 97403, 71430, 66855, 28922, 97677, 82708, 20360]"
112878,"[57577, 48067, 102698, 29739, 81541, 8167, 8006, 30932, 97966, 8498]"
112879,"[90884, 104867, 11550, 37963, 93216, 87100, 47478, 69803, 59098, 43182]"
112880,"[24636, 31258, 94626, 49552, 31520, 49191, 47603, 20545, 39094, 91045]"
112881,"[81193, 49425, 53210, 99694, 64062, 37012, 65514, 19043, 48569, 15685]"
112882,"[40565, 34024, 103956, 72784, 68288, 20578, 72546, 47706, 53351, 80514]"
112883,"[6300, 97954, 45736, 103194, 93122, 64706, 46600, 75159, 52278, 5025]"
112884,"[41061, 805, 60817, 86548, 69270, 403, 108343, 49927, 98337, 74425]"
112885,"[66016, 74257, 15216, 53668, 53747, 47385, 83756, 69966, 9774, 34286]"
112886,"[40681, 72022, 101350, 34105, 84860, 12988, 87286, 82292, 103441, 69799]"
112887,"[104427, 105921, 77107, 24347, 48545, 62762, 94463, 44051, 26385, 65124]"
112888,"[97659, 108278, 94109, 2338, 31785, 707, 49434, 22037, 76133, 45609]"
112889,"[38009, 13494, 74915, 22453, 34088, 49407, 66061, 75550, 96554, 2925]"
112890,"[95740, 32723, 4762, 11846, 60422, 64889, 16682, 53396, 29272, 73005]"
112891,"[100902, 103377, 76857, 62504, 4477, 39773, 75344, 52321, 92937, 76519]"
112892,"[37128, 64390, 71065, 29570, 85618, 24430, 15706, 8179, 107952, 31073]"
112893,"[18244, 101086, 61859, 88172, 37334, 61619, 92647, 10739, 9231, 6504]"
112894,"[2183, 70156, 20853, 106658, 72538, 49038, 67987, 69763, 95904, 39591]"
112895,"[77615, 10075, 19491, 1744, 86631, 81028, 41570, 32477, 72090, 9664]"
112896,"[87924, 76630, 17960, 46192, 44757, 52251, 68364, 97535, 21305, 24564]"
112897,"[72100, 26771, 57622, 15652, 46895, 43599, 52364, 21220, 73137, 37713]"
112898,"[572, 4987, 107067, 88848, 8896, 109766, 70699, 1763, 61704, 75412]"
112899,"[17694, 31691, 62434, 28958, 80350, 19061, 38916, 60214, 93197, 22576]"
112900,"[67158, 24866, 21149, 40971, 79897, 87422, 105066, 47484, 9201, 39661]"
112901,"[53615, 61131, 101248, 101021, 96547, 39056, 83841, 85851, 54606, 85447]"
112902,"[26028, 71916, 16075, 105047, 48993, 102066, 90357, 36768, 101887, 33329]"
112903,"[67783, 51513, 17416, 14884, 103292, 40430, 86674, 74594, 13576, 22593]"
112904,"[16783, 56362, 108697, 53594, 17542, 23023, 97296, 22965, 13177, 99171]"
112905,"[62388, 11232, 61113, 57441, 70795, 30581, 17441, 39512, 13865, 7379]"
112906,"[80126, 59340, 25035, 14166, 66967, 6176, 46268, 21711, 40710, 39728]"
112907,"[63840, 69675, 66811, 2521, 1179, 23789, 26414, 63864, 86202, 89456]"
112908,"[52370, 36674, 27322, 52209, 95089, 42247, 10182, 38449, 25894, 60699]"
112909,"[75832, 100838, 67093, 57992, 3395, 22431, 106453, 25788, 86532, 99191]"
112910,"[97018, 32156, 70489, 63356, 58987, 79332, 49873, 25867, 51411, 39829]"
112911,"[72093, 47924, 96582, 70151, 22731, 23820, 61535, 80655, 87638, 43837]"
112912,"[62044, 51396, 37452, 106054, 84560, 8534, 49240, 82116, 69750, 40501]"
112913,"[39379, 65127, 94771, 77929, 84786, 31549, 38173, 34818, 46047, 62224]"
112914,"[4565, 93702, 11121, 101467, 89021, 86145, 56883, 20560, 84917, 29609]"
112915,"[58608, 23769, 16612, 67279, 18883, 7503, 75022, 40287, 30537, 68219]"
112916,"[13393, 49494, 48560, 54095, 42135, 22630, 66306, 69236, 92334, 38144]"
112917,"[57266, 81238, 36389, 71684, 20547, 57963, 50604, 87631, 76104, 26162]"
112918,"[64023, 49399, 49648, 67373, 90103, 81807, 38015, 64420, 43301, 65871]"
112919,"[9857, 72356, 60382, 79962, 45558, 78163, 81740, 83278, 80640, 75955]"
112920,"[15022, 90147, 58819, 50960, 969, 104336, 23496, 23012, 96880, 15542]"
112921,"[28747, 5084, 103319, 46964, 61505, 22100, 41497, 73504, 19361, 86388]"
112922,"[62580, 77670, 79407, 30484, 64878, 3807, 73238, 96719, 71001, 63121]"
112923,"[106240, 100668, 27262, 15778, 106842, 10734, 15054, 79456, 77505, 100735]"
112924,"[60323, 73960, 17094, 69550, 99836, 90491, 80865, 60031, 87781, 98870]"
112925,"[106094, 65532, 47754, 7245, 63465, 64689, 82739, 65178, 51552, 108984]"
112926,"[89233, 11426, 90532, 108291, 62469, 24064, 83028, 14197, 14467, 42866]"
112927,"[19670, 99280, 48333, 5606, 54101, 100413, 57377, 38198, 15100, 79656]"
112928,"[55535, 20610, 21717, 44052, 36563, 92358, 66097, 82213, 13111, 93851]"
112929,"[55517, 37710, 60334, 86552, 29919, 11614, 61575, 77642, 40901, 9781]"
112930,"[103630, 56742, 15450, 62882, 78938, 70507, 95219, 48517, 64818, 40862]"
112931,"[75856, 5761, 49855, 15421, 36861, 97390, 73150, 16757, 94068, 34674]"
112932,"[47228, 18277, 73722, 56419, 109267, 53590, 85337, 29190, 75140, 29237]"
112933,"[11616, 54287, 100686, 31781, 4149, 59984, 70615, 38088, 72539, 87669]"
112934,"[20198, 17763, 811, 74371, 10775, 91305, 58922, 34698, 88107, 109588]"
112935,"[77143, 102254, 40504, 37985, 10482, 28660, 23970, 23672, 97899, 67249]"
112936,"[87881, 90723, 10412, 2346, 21852, 80223, 109690, 68082, 41028, 7964]"
112937,"[392, 45053, 98043, 29522, 73416, 19852, 49142, 43974, 81310, 29052]"
112938,"[32911, 61951, 50779, 78914, 72967, 40726, 32023, 99462, 31618, 103983]"
112939,"[57009, 40703, 52594, 107393, 22139, 85948, 2558, 26422, 51877, 63473]"
112940,"[109496, 78093, 42761, 109070, 97047, 40468, 102041, 88385, 98554, 15693]"
112941,"[26866, 98843, 65058, 47357, 65579, 53921, 93331, 34548, 79037, 60845]"
112942,"[102797, 32811, 51758, 29534, 19010, 2483, 67237, 84572, 55258, 19201]"
112943,"[21448, 52800, 76985, 95195, 23507, 90454, 34923, 12837, 36222, 18813]"
112944,"[68713, 55793, 610, 39657, 66214, 47353, 43083, 42796, 68559, 92827]"
112945,"[2139, 103847, 41365, 43670, 100097, 56988, 106834, 56189, 15363, 11262]"
112946,"[53341, 86236, 57445, 92476, 2471, 36605, 98089, 29821, 87164, 85397]"
112947,"[60017, 54925, 10085, 42915, 18136, 73992, 90920, 65009, 46159, 76891]"
112948,"[13448, 64711, 37628, 9645, 27389, 107403, 78255, 43397, 87450, 23231]"
112949,"[4745, 22681, 42325, 109767, 109697, 46470, 84824, 64304, 48998, 134]"
112950,"[19335, 69775, 100694, 33714, 92218, 85550, 50091, 16648, 79014, 74223]"
112951,"[32966, 68252, 87486, 29299, 54628, 90099, 65670, 82838, 36457, 51071]"
112952,"[22979, 18326, 86821, 35138, 32329, 73010, 454, 29657, 31338, 55827]"
112953,"[50156, 82883, 66755, 70129, 85199, 44956, 1221, 25479, 41993, 35783]"
112954,"[59286, 15237, 29639, 9353, 16939, 102898, 82161, 23325, 43513, 97276]"
112955,"[33213, 8612, 97228, 108149, 99320, 16699, 4411, 23845, 56126, 14400]"
112956,"[37872, 36543, 34770, 104140, 74882, 929, 54714, 85321, 97565, 52688]"
112957,"[15599, 53552, 97523, 19107, 58462, 87903, 19028, 74082, 7552, 21918]"
112958,"[31786, 82600, 89670, 24441, 101719, 83096, 97081, 95569, 66289, 105668]"
112959,"[106535, 9824, 73051, 53101, 104370, 15167, 20250, 53335, 72939, 82933]"
112960,"[14681, 50347, 105201, 39982, 45670, 46841, 41451, 40787, 52821, 41035]"
112961,"[108095, 11749, 46349, 59302, 45304, 56436, 38354, 22636, 23342, 92970]"
112962,"[16101, 24080, 77777, 60526, 798, 95459, 41130, 46970, 64720, 90013]"
112963,"[60012, 83935, 72504, 96077, 9446, 60890, 60434, 56940, 4932, 52755]"
112964,"[60631, 42218, 3136, 30127, 44606, 38765, 5957, 92045, 48903, 40664]"
112965,"[39985, 93092, 525, 65614, 107015, 20114, 2938, 71127, 28904, 100944]"
112966,"[38568, 102503, 105059, 105359, 86723, 81255, 65163, 46261, 37408, 61595]"
112967,"[80923, 102422, 74383, 68872, 76355, 102772, 34274, 32392, 91516, 20543]"
112968,"[35253, 20050, 70651, 54172, 95753, 4009, 98540, 60822, 51966, 37324]"
112969,"[47687, 14112, 25216, 68697, 86654, 6476, 52032, 8106, 101270, 86476]"
112970,"[62531, 104066, 103140, 92978, 85184, 1908, 18023, 70164, 29380, 87398]"
112971,"[279, 17087, 8485, 27698, 59611, 50346, 2679, 55408, 51655, 87758]"
112972,"[84878, 29525, 99382, 28593, 275, 6346, 18072, 226, 69583, 21298]"
112973,"[91174, 43013, 103900, 96175, 5706, 61032, 75183, 17196, 89680, 101275]"
112974,"[55215, 48832, 55520, 8684, 81374, 16210, 30950, 35896, 34598, 23607]"
112975,"[82061, 13674, 77066, 57199, 93637, 24574, 59063, 9966, 56701, 61743]"
112976,"[64941, 23548, 16575, 9052, 81996, 70115, 72175, 28965, 2933, 46004]"
112977,"[52601, 72511, 15285, 8552, 96656, 40958, 28197, 91264, 102429, 50301]"
112978,"[18443, 41266, 75094, 8642, 75370, 37406, 77568, 23843, 32727, 54785]"
112979,"[5246, 2558, 40703, 57009, 108839, 62278, 65278, 33148, 51457, 15837]"
112980,"[107308, 57858, 82412, 36557, 74492, 65867, 75533, 99155, 17613, 45305]"
112981,"[90817, 9929, 107906, 39484, 16942, 19700, 62571, 46885, 62776, 6145]"
112982,"[47235, 31946, 99899, 19699, 55717, 37426, 49309, 25882, 74854, 48970]"
112983,"[15623, 97691, 24268, 1684, 11358, 108957, 45057, 52367, 26869, 650]"
112984,"[69576, 50279, 84299, 108553, 109746, 6746, 20201, 57153, 57191, 94225]"
112985,"[32618, 56207, 4429, 95555, 20248, 68373, 39118, 28854, 24508, 7795]"
112986,"[42857, 68951, 25178, 58728, 17647, 81781, 86681, 33540, 65668, 106260]"
112987,"[46651, 63671, 99640, 20010, 47762, 102049, 84546, 84289, 58865, 6713]"
112988,"[63641, 88587, 63961, 101491, 16822, 98475, 39929, 2095, 21208, 64774]"
112989,"[27257, 28020, 19588, 63442, 91596, 64112, 54790, 58019, 80259, 663]"
112990,"[65532, 56481, 71007, 61676, 6924, 41964, 75157, 9462, 32883, 4334]"
112991,"[22564, 48157, 69153, 78674, 58835, 321, 62708, 17911, 38299, 76270]"
112992,"[14100, 17679, 4241, 60729, 99658, 82066, 98794, 96041, 24855, 7629]"
112993,"[22958, 49440, 107716, 8048, 61228, 28511, 21713, 94178, 60508, 63602]"
112994,"[41007, 57579, 77148, 48535, 11100, 67169, 84159, 19528, 45882, 37960]"
112995,"[93852, 104195, 78360, 104591, 15829, 63371, 73937, 17004, 62868, 4498]"
112996,"[8893, 13915, 41306, 23724, 85723, 58548, 66914, 35150, 77188, 61889]"
112997,"[19235, 35456, 100811, 66548, 66217, 88732, 53281, 47572, 60283, 27292]"
112998,"[107417, 87704, 17164, 97081, 89905, 29306, 68536, 61517, 28654, 59276]"
112999,"[4349, 70790, 24128, 23954, 78241, 57203, 108887, 96058, 54987, 60416]"
113000,"[94459, 104829, 74988, 50743, 105690, 26005, 1264, 3158, 102650, 77989]"
113001,"[50435, 78365, 77278, 24789, 69633, 11042, 94041, 31586, 31369, 75581]"
113002,"[41182, 14171, 74026, 33190, 96786, 97038, 2347, 88605, 61627, 35690]"
113003,"[13847, 91760, 85069, 64241, 80312, 62859, 9701, 70658, 105425, 64399]"
113004,"[25055, 78813, 98307, 49282, 21036, 84638, 659, 80889, 27843, 63445]"
113005,"[91907, 93803, 104700, 76274, 8558, 103515, 11726, 98579, 47900, 35957]"
113006,"[88801, 15367, 45569, 29714, 57545, 87725, 26440, 68129, 70210, 87698]"
113007,"[3149, 39740, 49929, 2360, 67496, 3330, 25287, 98767, 51596, 38390]"
113008,"[69777, 97805, 37582, 37563, 56489, 107044, 92338, 76937, 38633, 105655]"
113009,"[1397, 30612, 23715, 41426, 39339, 31763, 80413, 77359, 104158, 3712]"
113010,"[104767, 47271, 20700, 88619, 87356, 74262, 70241, 24214, 109417, 33580]"
113011,"[27913, 96779, 33069, 73905, 12959, 38322, 62599, 49154, 53551, 44542]"
113012,"[2997, 67445, 36318, 22709, 36225, 35776, 105318, 68557, 59460, 100770]"
113013,"[106301, 22960, 6061, 38906, 27557, 51581, 68662, 55557, 58730, 18128]"
113014,"[76140, 32705, 47338, 62986, 87993, 73945, 48320, 35372, 32375, 18141]"
113015,"[107517, 44512, 74002, 29980, 60999, 44994, 103196, 1495, 100833, 41869]"
113016,"[75853, 10119, 43361, 106621, 59285, 40811, 47931, 98352, 56612, 2673]"
113017,"[41999, 66829, 87373, 93710, 840, 33025, 90256, 51755, 66923, 97767]"
113018,"[101457, 33750, 102403, 106170, 22654, 27707, 28617, 76902, 100587, 13120]"
113019,"[90876, 7717, 8722, 14721, 18563, 47074, 100521, 31431, 55444, 52197]"
113020,"[32189, 92812, 37505, 44546, 39213, 84352, 50202, 37683, 32505, 33222]"
113021,"[36421, 77491, 37408, 50464, 49315, 8254, 61998, 76443, 46566, 104272]"
113022,"[98054, 106504, 39641, 22757, 25712, 75814, 9711, 90695, 44650, 43564]"
113023,"[72577, 68430, 53866, 17840, 65827, 42089, 62860, 90228, 1367, 44545]"
113024,"[66326, 105795, 13763, 38741, 91236, 35681, 65282, 101, 77533, 87247]"
113025,"[73479, 6880, 89179, 63211, 93400, 60916, 30475, 15027, 19091, 37393]"
113026,"[29323, 23527, 93493, 97378, 40990, 106768, 11228, 95264, 91682, 20877]"
113027,"[51862, 31690, 25169, 15912, 103345, 93924, 49154, 43457, 87653, 30044]"
113028,"[94797, 58930, 2608, 109402, 55629, 43033, 20677, 69398, 81435, 104271]"
113029,"[1762, 51750, 51879, 15875, 98237, 87748, 66250, 52092, 97673, 100628]"
113030,"[17742, 67138, 42085, 75522, 102696, 93349, 89349, 106231, 1890, 5975]"
113031,"[49041, 90697, 67045, 33333, 25770, 75553, 64292, 83934, 12396, 59646]"
113032,"[96805, 54797, 33775, 85095, 22048, 97743, 7657, 19680, 65673, 108477]"
113033,"[71700, 102918, 45819, 61332, 54441, 79361, 10304, 17245, 51018, 32699]"
113034,"[62867, 10328, 23957, 64724, 34334, 62210, 38043, 58087, 84415, 94963]"
113035,"[54353, 12212, 92823, 71829, 81627, 102758, 24873, 77985, 28135, 62996]"
113036,"[10770, 23399, 88364, 27301, 85380, 50074, 80784, 76314, 10044, 84270]"
113037,"[105116, 15304, 53387, 31548, 107296, 62115, 80804, 90063, 31855, 16159]"
113038,"[8552, 15285, 95483, 28197, 91264, 72511, 105352, 96656, 68217, 72780]"
113039,"[44649, 77805, 85459, 63834, 74377, 89003, 24182, 28979, 90432, 98315]"
113040,"[57686, 44858, 31247, 43643, 53276, 58365, 35952, 52166, 87112, 81442]"
113041,"[74045, 74807, 54994, 89127, 90300, 87174, 28356, 35687, 11441, 11116]"
113042,"[42476, 83569, 45602, 32858, 91315, 32063, 99728, 33547, 14191, 11410]"
113043,"[23806, 45739, 99595, 41961, 37559, 22839, 67103, 107591, 67, 49701]"
113044,"[28090, 64302, 15003, 2165, 24376, 62602, 109549, 53025, 77175, 107144]"
113045,"[32183, 17413, 67808, 31283, 101357, 93263, 66808, 98006, 32373, 33021]"
113046,"[21764, 40896, 73613, 33373, 79211, 12670, 3285, 79069, 79259, 22155]"
113047,"[4746, 96210, 60086, 74815, 105794, 42455, 53847, 21633, 62301, 75351]"
113048,"[66562, 27822, 60010, 102037, 13471, 30914, 6147, 979, 61164, 26823]"
113049,"[45624, 47552, 783, 108086, 33237, 105579, 2594, 80779, 21703, 99390]"
113050,"[62386, 36018, 44301, 58790, 99203, 16663, 26802, 48092, 53433, 40022]"
113051,"[47946, 55935, 19346, 72296, 42749, 34205, 79198, 107699, 96052, 21649]"
113052,"[109248, 28169, 1411, 89466, 67116, 46379, 92819, 99184, 4523, 54278]"
113053,"[56999, 81582, 16972, 633, 53878, 750, 43318, 12324, 99591, 92158]"
113054,"[91288, 8115, 103370, 42347, 87779, 51957, 46416, 40807, 5952, 17814]"
113055,"[27459, 53429, 98481, 31545, 58334, 102090, 42111, 25413, 108748, 990]"
113056,"[102189, 41012, 9432, 21592, 77071, 51069, 80784, 50716, 45211, 89027]"
113057,"[76058, 87369, 20201, 103470, 7835, 26916, 80791, 39977, 39182, 9789]"
113058,"[56985, 30667, 63869, 27491, 13186, 7941, 5176, 72188, 13748, 32401]"
113059,"[106380, 91598, 57599, 26614, 52171, 103106, 14050, 59123, 81912, 60800]"
113060,"[10555, 20881, 77273, 52693, 4393, 91894, 77517, 56841, 23178, 73208]"
113061,"[13929, 460, 17768, 6776, 89170, 50424, 106038, 84709, 46704, 10209]"
113062,"[46415, 9329, 101825, 92248, 48359, 64107, 12302, 35771, 49665, 15495]"
113063,"[102268, 93225, 77269, 101611, 55050, 73353, 12808, 64648, 32044, 52242]"
113064,"[46300, 25579, 29515, 58103, 21710, 104522, 32421, 815, 15676, 12296]"
113065,"[48291, 18206, 90568, 11640, 91868, 13128, 31319, 96647, 60064, 76527]"
113066,"[58731, 90954, 42249, 61263, 5152, 26606, 75784, 61923, 96949, 13193]"
113067,"[82218, 48940, 1351, 48240, 90523, 32580, 38195, 33767, 14929, 66432]"
113068,"[38567, 32061, 54552, 64834, 55184, 52737, 92825, 15132, 70995, 58904]"
113069,"[20617, 73297, 24299, 86197, 80145, 19967, 36703, 8353, 69619, 96910]"
113070,"[33202, 43436, 39650, 77881, 65950, 59758, 26972, 106651, 103063, 67797]"
113071,"[40245, 20055, 10734, 83572, 41492, 39401, 106999, 33834, 15086, 108629]"
113072,"[11723, 40637, 17873, 78965, 37156, 22193, 25205, 85180, 30646, 85557]"
113073,"[40958, 95483, 8552, 15285, 93303, 101505, 72780, 62218, 72511, 105352]"
113074,"[75016, 45416, 35022, 82059, 68702, 68299, 45786, 47911, 107563, 43828]"
113075,"[4462, 7470, 13468, 92029, 19796, 23983, 101400, 89132, 22621, 44767]"
113076,"[31325, 89140, 18446, 16632, 91748, 60574, 105996, 24909, 40858, 42105]"
113077,"[70078, 11112, 4447, 86533, 52815, 35031, 95686, 26628, 12918, 70547]"
113078,"[17574, 69485, 39542, 64726, 35311, 28898, 95534, 46891, 16930, 3991]"
113079,"[11335, 31633, 102387, 15757, 53781, 104641, 36005, 87009, 88918, 92702]"
113080,"[33098, 103153, 76652, 28489, 42527, 81413, 93811, 85128, 43843, 96287]"
113081,"[55495, 55616, 21671, 101977, 99129, 27707, 101457, 4346, 19983, 106170]"
113082,"[17730, 93494, 107894, 41913, 58758, 49657, 108370, 62893, 71383, 36761]"
113083,"[106030, 64478, 70619, 17937, 101789, 16272, 14252, 106042, 52415, 104849]"
113084,"[17721, 101730, 78340, 21253, 108777, 90533, 84262, 27145, 24145, 20805]"
113085,"[85491, 42592, 46032, 20714, 97076, 48764, 59713, 16361, 106175, 89387]"
113086,"[21634, 46442, 97861, 23039, 60066, 23734, 101956, 85817, 80665, 22717]"
113087,"[71722, 82029, 84960, 42893, 27575, 88478, 28811, 62371, 34453, 40113]"
113088,"[31538, 70457, 58013, 45683, 60848, 28213, 96577, 26090, 17714, 43959]"
113089,"[49410, 102183, 71221, 105343, 39538, 46243, 59512, 67869, 48619, 72861]"
113090,"[108404, 89647, 32321, 47637, 16710, 85920, 90635, 18328, 52517, 77516]"
113091,"[104637, 97681, 47442, 61413, 41162, 12408, 103075, 58026, 101774, 82465]"
113092,"[104494, 87191, 36218, 59085, 13027, 2279, 104175, 25316, 90775, 75753]"
113093,"[47010, 86831, 30509, 10801, 79409, 39865, 78148, 100955, 44639, 83543]"
113094,"[83756, 9774, 34286, 59588, 66016, 74257, 76736, 92306, 7773, 23856]"
113095,"[26494, 59281, 81454, 76994, 104692, 77536, 54839, 4548, 106142, 28689]"
113096,"[19495, 104657, 92778, 31322, 65875, 57525, 19444, 8086, 29681, 39326]"
113097,"[37955, 94703, 92797, 34885, 39997, 72846, 105600, 23467, 38713, 18475]"
113098,"[7284, 101253, 6315, 56788, 71882, 55825, 44811, 3041, 72154, 105419]"
113099,"[80269, 108366, 55150, 82728, 64050, 103136, 19191, 38747, 68073, 719]"
113100,"[103872, 89295, 6710, 8537, 100591, 95402, 54346, 106130, 17539, 35810]"
113101,"[12842, 40160, 4382, 33866, 61906, 67013, 63876, 108376, 8064, 50152]"
113102,"[45004, 52921, 55153, 79313, 107762, 60746, 107955, 60640, 83333, 27278]"
113103,"[97256, 42635, 23349, 43070, 18403, 44522, 57900, 62093, 80467, 1387]"
113104,"[92334, 29269, 37035, 41956, 74299, 42008, 80625, 66278, 20598, 43419]"
113105,"[99019, 59906, 69519, 21989, 85064, 54114, 74888, 101355, 29740, 19229]"
113106,"[45498, 39874, 45414, 78677, 84522, 29902, 43417, 91211, 2554, 76805]"
113107,"[34963, 49863, 46751, 14474, 2928, 107703, 1074, 89285, 89765, 100762]"
113108,"[70158, 86990, 108357, 95228, 40460, 49807, 70192, 40728, 118, 7767]"
113109,"[54081, 21041, 72785, 60258, 37215, 13275, 296, 85073, 82340, 79035]"
113110,"[45522, 45128, 37869, 14726, 47890, 22785, 9534, 103130, 37046, 9302]"
113111,"[93236, 52362, 98430, 7661, 27312, 64319, 12030, 35022, 16556, 96832]"
113112,"[103933, 67007, 49409, 42930, 58648, 33320, 73638, 66765, 70971, 91764]"
113113,"[55613, 92108, 1622, 108363, 79858, 84649, 78998, 59999, 89680, 70338]"
113114,"[3013, 78950, 63119, 92677, 24474, 70938, 45663, 95832, 80030, 74769]"
113115,"[49990, 99379, 47147, 82246, 66947, 98196, 41508, 27915, 58724, 93815]"
113116,"[18734, 41739, 88536, 109656, 102456, 27886, 88299, 48367, 1851, 1788]"
113117,"[84083, 1795, 101311, 27959, 67498, 59161, 82917, 94381, 60247, 97419]"
113118,"[92912, 5714, 102872, 92975, 74728, 60808, 108348, 32204, 81645, 38760]"
113119,"[107009, 39179, 49885, 86297, 8626, 84301, 8143, 46397, 57278, 25512]"
113120,"[100560, 83268, 5691, 35271, 75465, 38746, 25051, 96412, 18492, 80132]"
113121,"[42657, 74398, 88285, 40636, 57931, 71323, 40670, 25848, 108834, 38615]"
113122,"[52703, 61531, 47398, 38032, 33705, 22461, 22342, 101438, 72640, 34105]"
113123,"[75872, 60392, 48568, 14175, 66555, 35430, 74843, 3862, 58769, 40734]"
113124,"[50064, 99883, 2284, 49921, 1151, 26901, 74380, 39667, 79380, 94139]"
113125,"[76541, 106107, 13059, 107396, 32547, 46823, 78657, 21681, 57026, 39101]"
113126,"[76389, 17750, 35245, 44514, 44232, 85606, 29162, 53141, 100028, 52686]"
113127,"[45754, 10551, 56012, 43501, 81176, 64272, 61185, 861, 84132, 56849]"
113128,"[94293, 109524, 45590, 20903, 73583, 38567, 64834, 73863, 31807, 60424]"
113129,"[56051, 48686, 30306, 37522, 7131, 61956, 104060, 46054, 64824, 62942]"
113130,"[75998, 105959, 77237, 100597, 87641, 19375, 95001, 99244, 76463, 101973]"
113131,"[37516, 19181, 18835, 5774, 1682, 108996, 22949, 47914, 39578, 105435]"
113132,"[82371, 31727, 75964, 88939, 78278, 85454, 43733, 99744, 40476, 36828]"
113133,"[17997, 30749, 76960, 19799, 12743, 81699, 84828, 27715, 43839, 44334]"
113134,"[62934, 7696, 70348, 61716, 79874, 106632, 62217, 97760, 79934, 38548]"
113135,"[18942, 102531, 63262, 86932, 103695, 90057, 76166, 39258, 24804, 80990]"
113136,"[98349, 30983, 31451, 14787, 103488, 63868, 28194, 5314, 35759, 101155]"
113137,"[13792, 17282, 19051, 77463, 101913, 43026, 21372, 48550, 17141, 97369]"
113138,"[72518, 55565, 40924, 66472, 82403, 64496, 93238, 73460, 78250, 47903]"
113139,"[65717, 43955, 109390, 81586, 21137, 94241, 68550, 30470, 102569, 85178]"
113140,"[99076, 13376, 71106, 50236, 44840, 80535, 23044, 6219, 67342, 101428]"
113141,"[17053, 65723, 42129, 50808, 49670, 73864, 32433, 2443, 95306, 3857]"
113142,"[73109, 79193, 108055, 47426, 12979, 3478, 67901, 78935, 92681, 9816]"
113143,"[5762, 22049, 19249, 101074, 98690, 9594, 89666, 108342, 20306, 42352]"
113144,"[64163, 95821, 46110, 68271, 36790, 56629, 104359, 98221, 67526, 23491]"
113145,"[94414, 25529, 95047, 26575, 68057, 91435, 99985, 92114, 79891, 2657]"
113146,"[55905, 26527, 105645, 66599, 81545, 36415, 37889, 80077, 31285, 11758]"
113147,"[33084, 47128, 52181, 100089, 32251, 8288, 834, 95463, 34725, 33142]"
113148,"[45750, 106085, 58039, 80648, 42942, 68663, 90072, 95332, 74033, 56746]"
113149,"[33454, 94022, 94341, 30203, 57314, 38553, 96191, 88021, 35934, 79151]"
113150,"[19366, 4276, 98140, 73993, 2224, 54241, 77704, 57932, 29703, 92877]"
113151,"[40698, 22041, 24494, 60239, 93510, 84747, 66447, 52087, 35298, 98242]"
113152,"[79476, 15498, 91968, 23215, 12969, 95788, 94118, 45577, 108950, 40917]"
113153,"[73722, 47228, 109267, 8544, 85337, 16378, 108975, 36274, 53590, 18277]"
113154,"[101322, 51741, 109539, 68944, 50024, 29166, 95311, 83800, 19879, 95013]"
113155,"[32887, 98441, 72128, 21170, 64284, 42055, 78642, 70041, 84811, 25660]"
113156,"[39698, 106381, 41555, 96683, 103535, 26236, 94053, 46856, 27880, 37271]"
113157,"[80654, 76335, 65045, 6227, 51706, 51361, 48864, 89114, 17568, 13750]"
113158,"[46583, 27852, 89139, 9299, 104532, 23557, 17106, 24371, 4231, 64759]"
113159,"[89589, 53771, 24525, 88077, 11059, 67540, 5626, 79616, 12753, 32995]"
113160,"[61174, 102433, 104976, 38155, 84819, 2134, 6543, 76728, 16116, 6362]"
113161,"[100438, 97758, 10326, 96262, 68388, 6081, 4992, 54182, 63503, 28094]"
113162,"[56978, 22603, 90077, 42345, 104449, 76601, 44883, 105050, 28437, 103771]"
113163,"[109588, 91305, 10775, 101711, 486, 23166, 74371, 20198, 6579, 75933]"
113164,"[69151, 30582, 86799, 70395, 90792, 86469, 89149, 11866, 100710, 36750]"
113165,"[88733, 109115, 8762, 13620, 16798, 20825, 103013, 8905, 73551, 63937]"
113166,"[4731, 61545, 22295, 45460, 96942, 10233, 50484, 44464, 70960, 33768]"
113167,"[75092, 77614, 32737, 83335, 75065, 7516, 21031, 40127, 12096, 30382]"
113168,"[89871, 71185, 10238, 43520, 105487, 72733, 106618, 3904, 54693, 105820]"
113169,"[13878, 70940, 8013, 90916, 11344, 91161, 22937, 31060, 83975, 93638]"
113170,"[104802, 15400, 39166, 81075, 84802, 100362, 31639, 87502, 75168, 65844]"
113171,"[39110, 19549, 50076, 89769, 31474, 79855, 27320, 54542, 70690, 81316]"
113172,"[10016, 94048, 25314, 44523, 99049, 11057, 108399, 96683, 11110, 51821]"
113173,"[79317, 100346, 365, 100869, 102781, 48330, 44141, 78677, 104558, 39919]"
113174,"[10261, 41386, 20828, 54843, 80642, 49786, 93108, 18921, 100936, 71589]"
113175,"[96843, 1047, 84382, 77702, 84098, 39216, 20888, 61444, 69679, 48662]"
113176,"[9979, 87218, 87649, 93377, 24402, 37804, 74794, 2727, 28667, 50747]"
113177,"[4638, 79588, 69097, 98983, 2550, 3790, 49033, 105948, 11603, 99376]"
113178,"[88635, 56599, 84274, 92037, 45648, 9252, 62685, 10496, 106179, 19722]"
113179,"[42365, 46583, 106447, 104532, 27852, 89139, 92337, 85944, 94959, 106825]"
113180,"[83259, 68545, 21459, 72937, 52465, 67102, 81919, 69972, 10487, 56605]"
113181,"[49685, 5472, 63732, 31298, 43474, 47599, 43156, 15138, 71109, 64690]"
113182,"[51479, 91463, 16302, 15409, 93647, 14153, 31677, 39221, 51247, 74629]"
113183,"[103443, 91292, 9558, 84051, 100719, 43490, 9811, 68587, 52425, 30660]"
113184,"[2165, 48538, 60984, 64285, 75607, 4891, 15003, 36888, 28090, 89143]"
113185,"[37819, 6205, 103886, 61427, 65937, 19107, 88072, 43345, 19028, 87903]"
113186,"[75699, 75319, 7096, 15415, 11882, 95238, 32373, 61273, 86291, 79079]"
113187,"[38962, 32611, 107245, 5994, 30137, 56653, 2106, 59944, 97595, 50581]"
113188,"[45137, 71731, 91228, 10601, 40052, 57476, 35081, 56937, 78858, 58524]"
113189,"[56945, 22610, 33466, 73437, 102132, 48504, 10449, 84540, 54822, 107810]"
113190,"[67621, 23291, 93830, 82897, 34966, 47046, 31452, 32450, 72962, 21518]"
113191,"[72694, 27228, 67010, 102371, 4383, 85756, 92292, 7478, 97100, 81791]"
113192,"[78121, 22254, 100073, 35944, 14765, 47199, 32537, 34613, 52958, 50154]"
113193,"[104620, 50755, 33579, 79707, 45917, 35545, 70566, 55809, 76345, 636]"
113194,"[35136, 9090, 7377, 70240, 19149, 32575, 96976, 27315, 55461, 38837]"
113195,"[91902, 92252, 74786, 10110, 43217, 87659, 56119, 15391, 76685, 4287]"
113196,"[87009, 104641, 36005, 88918, 77585, 27174, 67522, 38020, 102915, 109628]"
113197,"[14168, 77992, 56487, 100317, 95327, 33782, 98862, 16259, 34480, 13979]"
113198,"[29250, 91089, 54948, 79056, 84371, 92661, 88514, 87410, 52956, 23036]"
113199,"[28023, 3888, 94740, 18628, 10539, 75449, 65378, 99730, 1789, 16987]"
113200,"[102647, 17701, 35008, 41016, 522, 16597, 93829, 100780, 21697, 28082]"
113201,"[29413, 103178, 102688, 84202, 27513, 16326, 30464, 91946, 32136, 34274]"
113202,"[36254, 1481, 93339, 107138, 80533, 7220, 20466, 63693, 38569, 51573]"
113203,"[30813, 74781, 107761, 41702, 86343, 50054, 99275, 75751, 6712, 61281]"
113204,"[3656, 46933, 64393, 7100, 35120, 105721, 50061, 41598, 45402, 32988]"
113205,"[37683, 44546, 39213, 33222, 32505, 32189, 103949, 56315, 720, 29252]"
113206,"[90323, 35354, 19084, 70444, 56287, 14749, 38897, 78014, 73422, 95266]"
113207,"[97088, 16097, 52783, 55917, 107059, 47938, 8154, 15771, 82606, 75243]"
113208,"[99645, 103520, 2774, 62450, 50908, 50810, 7624, 107459, 56608, 24037]"
113209,"[67282, 46300, 87346, 18404, 91045, 47603, 12296, 20545, 28692, 40371]"
113210,"[65054, 1554, 5096, 38418, 59721, 54200, 79385, 64454, 67000, 32864]"
113211,"[18019, 974, 52058, 90054, 96363, 20470, 86499, 40884, 88921, 4453]"
113212,"[61334, 67591, 101431, 98356, 68196, 30766, 17243, 89068, 53354, 84568]"
113213,"[66185, 14421, 76873, 74168, 51737, 96109, 68453, 28946, 99840, 17657]"
113214,"[69794, 31265, 105287, 100362, 99826, 78006, 34, 65547, 92942, 68536]"
113215,"[78442, 3949, 42925, 51981, 99737, 80721, 103931, 60279, 41631, 108067]"
113216,"[13226, 60049, 72565, 60102, 94940, 93898, 69135, 24357, 11695, 72420]"
113217,"[5232, 3716, 2090, 48716, 37636, 9316, 30327, 66759, 15177, 11308]"
113218,"[77718, 32601, 100478, 69881, 1392, 78197, 83745, 40418, 30277, 4480]"
113219,"[62295, 2403, 47465, 107590, 15394, 12353, 95250, 85313, 15229, 21968]"
113220,"[54409, 87682, 91152, 38424, 17969, 56750, 61319, 76751, 88461, 92117]"
113221,"[20712, 11300, 60667, 92223, 54753, 49541, 77911, 22812, 99078, 101523]"
113222,"[74109, 107963, 50423, 16048, 12293, 85545, 12387, 51592, 96533, 49176]"
113223,"[15606, 61534, 80761, 38756, 55081, 6011, 40018, 10009, 109775, 31510]"
113224,"[99296, 91739, 13437, 54568, 72663, 1374, 65774, 12814, 53249, 61061]"
113225,"[33749, 57055, 99045, 68522, 24361, 26446, 58993, 86302, 38422, 74174]"
113226,"[107858, 49899, 54593, 109772, 16305, 59369, 3582, 46894, 74633, 93251]"
113227,"[10860, 62975, 96628, 33388, 15650, 75542, 58686, 60811, 103898, 65796]"
113228,"[46339, 37233, 3342, 98145, 35463, 15700, 72272, 26894, 24776, 55192]"
113229,"[75618, 97335, 95237, 105534, 29175, 87272, 85220, 72816, 101287, 81057]"
113230,"[13326, 105541, 91812, 89809, 62975, 107280, 48834, 13243, 81222, 79013]"
113231,"[22977, 97515, 15662, 92391, 29988, 7119, 101694, 10531, 78862, 72427]"
113232,"[10219, 55496, 60015, 88332, 69187, 48644, 94917, 65601, 70955, 12351]"
113233,"[77094, 36893, 59698, 98415, 51106, 89258, 74790, 33121, 100130, 5253]"
113234,"[31286, 92728, 39848, 87933, 84613, 84466, 47316, 40892, 28518, 8152]"
113235,"[72496, 69030, 71850, 89653, 91423, 14436, 50038, 97518, 85358, 36900]"
113236,"[10256, 107273, 30435, 41823, 78926, 70288, 56603, 8288, 14035, 79248]"
113237,"[95065, 105043, 95684, 52812, 10953, 82771, 13265, 57750, 18708, 46858]"
113238,"[74997, 42752, 83146, 77632, 21481, 109033, 58250, 53229, 107535, 2192]"
113239,"[47596, 107511, 18495, 69183, 48954, 8015, 99677, 106841, 13566, 64512]"
113240,"[32167, 59847, 5134, 18439, 53545, 68717, 16158, 67914, 90516, 800]"
113241,"[62412, 102335, 103808, 21837, 102631, 5840, 96503, 19441, 93965, 61493]"
113242,"[27508, 57707, 66761, 109135, 52033, 37050, 13174, 8145, 46724, 21491]"
113243,"[12694, 28977, 101987, 81497, 43363, 54356, 5662, 34327, 46158, 53104]"
113244,"[84290, 28580, 14474, 53332, 97403, 21783, 107722, 52724, 99091, 49739]"
113245,"[19110, 54634, 8297, 59412, 10687, 43123, 49503, 35365, 38771, 75544]"
113246,"[64589, 41607, 52855, 96147, 91638, 3463, 70584, 92231, 83488, 6852]"
113247,"[75519, 7674, 87778, 20096, 48345, 96668, 100009, 90618, 43118, 47593]"
113248,"[26135, 81514, 109273, 95802, 104223, 85499, 50002, 80803, 72634, 29351]"
113249,"[66468, 89328, 48633, 2030, 86425, 99934, 11622, 78966, 74718, 75771]"
113250,"[57321, 93247, 42513, 24859, 75569, 67285, 78668, 331, 24511, 60322]"
113251,"[96958, 23324, 11919, 64289, 91119, 108190, 24653, 80875, 42679, 5693]"
113252,"[76176, 99721, 61594, 32334, 2724, 66696, 19181, 84965, 56357, 10165]"
113253,"[4618, 89012, 50489, 68335, 92572, 50724, 8200, 49134, 42122, 57593]"
113254,"[83346, 91640, 103651, 54152, 101419, 58608, 35767, 17201, 33330, 105710]"
113255,"[35337, 79771, 17643, 53358, 8784, 87750, 24913, 39547, 29240, 42618]"
113256,"[108646, 21365, 7771, 25545, 42860, 81343, 11663, 37860, 92621, 53026]"
113257,"[16140, 9650, 102025, 2572, 17138, 48435, 76889, 102087, 51770, 4783]"
113258,"[36639, 54598, 4848, 75817, 99720, 21728, 66849, 32201, 20634, 37273]"
113259,"[21718, 65203, 43096, 8299, 7766, 69955, 2927, 79704, 33145, 108452]"
113260,"[15884, 37161, 42224, 7058, 20138, 30447, 44154, 88124, 81565, 2289]"
113261,"[99012, 96398, 34363, 6577, 105456, 98741, 102450, 98187, 50319, 12830]"
113262,"[38335, 359, 57756, 4657, 27249, 79198, 77938, 54398, 77863, 11347]"
113263,"[58095, 46315, 47819, 46702, 58395, 35257, 48140, 17637, 97949, 44305]"
113264,"[33000, 96851, 108935, 82751, 89851, 5601, 65377, 27113, 26307, 70922]"
113265,"[89191, 109261, 20848, 60804, 102034, 40060, 68844, 37151, 36007, 8158]"
113266,"[61363, 5723, 87748, 62171, 63517, 47959, 29347, 56471, 56146, 28189]"
113267,"[74302, 34442, 34638, 44696, 42623, 44371, 39048, 30338, 78511, 73658]"
113268,"[88903, 80636, 63938, 31645, 42303, 92961, 89242, 36450, 76320, 6246]"
113269,"[20586, 20214, 45016, 102455, 46816, 44206, 59093, 14395, 56379, 72147]"
113270,"[107265, 105246, 89969, 59127, 87182, 55254, 2439, 42320, 2096, 22377]"
113271,"[63012, 20713, 32441, 9567, 103431, 133, 96487, 42463, 93466, 3989]"
113272,"[69057, 39198, 106928, 105887, 97204, 108261, 47343, 66237, 91690, 65758]"
113273,"[100369, 31595, 77349, 2695, 63359, 33191, 16250, 55584, 102213, 18941]"
113274,"[48759, 50535, 95252, 94854, 5162, 7957, 74573, 1771, 105739, 4062]"
113275,"[30512, 103504, 5971, 13594, 35041, 40237, 45087, 55321, 96815, 59880]"
113276,"[44419, 8974, 21301, 59554, 93285, 39310, 81543, 83594, 87371, 72829]"
113277,"[66080, 4158, 83007, 20131, 19643, 65868, 11020, 84008, 7435, 37699]"
113278,"[76045, 56151, 58052, 7500, 26660, 57050, 97499, 104067, 90844, 109577]"
113279,"[55007, 91405, 21406, 62106, 79684, 52654, 69345, 34463, 47882, 14873]"
113280,"[44537, 35651, 2653, 67533, 82997, 65665, 93706, 107615, 20526, 31123]"
113281,"[63717, 95550, 7676, 47402, 51808, 40351, 80095, 66803, 82151, 54197]"
113282,"[31227, 85773, 67220, 91230, 63708, 92424, 12642, 107534, 86445, 106899]"
113283,"[3736, 82533, 69292, 3179, 10275, 94514, 39550, 52395, 1425, 34306]"
113284,"[74028, 72752, 2247, 100718, 89377, 104833, 64993, 58848, 61406, 109451]"
113285,"[75578, 9949, 60608, 83851, 56491, 104306, 24260, 108543, 46637, 46224]"
113286,"[52585, 10678, 47151, 25959, 65516, 103672, 46103, 107020, 6409, 28075]"
113287,"[29919, 86552, 40901, 37710, 60334, 72160, 61575, 37423, 71924, 25254]"
113288,"[42529, 103287, 7600, 97783, 98311, 34656, 47458, 8506, 29303, 65180]"
113289,"[47132, 63421, 106129, 11807, 12210, 79019, 91447, 14929, 41211, 31125]"
113290,"[95921, 56037, 25788, 104688, 8986, 26746, 50797, 81509, 86711, 95808]"
113291,"[64174, 4702, 100896, 59737, 69781, 41513, 109221, 55142, 66594, 65631]"
113292,"[8401, 14154, 36476, 11732, 77450, 93865, 56426, 108743, 72811, 70626]"
113293,"[84385, 57985, 105013, 15845, 88314, 104331, 8114, 18447, 40643, 18714]"
113294,"[28103, 29361, 6335, 22499, 101900, 31390, 64844, 97373, 58047, 37416]"
113295,"[64921, 58264, 45228, 3194, 17067, 6438, 54419, 35897, 65787, 41394]"
113296,"[70362, 85330, 91601, 17752, 103547, 39490, 25968, 19622, 96263, 39916]"
113297,"[41839, 50444, 92055, 82505, 37069, 22226, 30235, 100349, 22272, 75425]"
113298,"[79026, 49110, 19615, 959, 103709, 84185, 43907, 74025, 21643, 64537]"
113299,"[107067, 75412, 55699, 30652, 85289, 27412, 70605, 572, 83967, 96719]"
113300,"[62083, 13677, 35089, 2749, 26642, 94589, 83275, 72752, 2247, 59917]"
113301,"[18261, 4188, 104484, 47147, 84198, 69907, 50469, 105993, 4304, 59612]"
113302,"[26947, 26473, 10489, 17834, 5444, 30592, 12155, 2078, 80281, 48196]"
113303,"[25973, 12945, 676, 15224, 78390, 21991, 88231, 107097, 39495, 39782]"
113304,"[5687, 53861, 99237, 81209, 6274, 87900, 41616, 22858, 19630, 59857]"
113305,"[106683, 31936, 92224, 95593, 20090, 108471, 101129, 17545, 26721, 102807]"
113306,"[47065, 48005, 12411, 42319, 43694, 57401, 40127, 20981, 41494, 934]"
113307,"[56611, 100006, 98487, 32679, 104668, 109634, 107479, 44564, 11896, 57966]"
113308,"[95746, 64132, 107668, 74621, 80151, 12662, 8491, 10317, 81027, 106048]"
113309,"[56098, 7979, 72625, 27864, 9776, 24198, 108611, 103600, 81542, 83866]"
113310,"[70389, 104454, 67351, 38992, 52757, 19158, 50872, 11869, 65991, 70472]"
113311,"[76777, 57218, 49547, 81494, 59446, 70802, 79517, 97343, 64847, 78621]"
113312,"[44980, 82450, 56936, 89900, 15509, 26039, 73719, 31065, 108627, 105449]"
113313,"[37505, 32189, 92812, 720, 9096, 37683, 29252, 2265, 33222, 32505]"
113314,"[65800, 70917, 38355, 84006, 107103, 88665, 79079, 86291, 31473, 20582]"
113315,"[84940, 71973, 35757, 75608, 44515, 94498, 13936, 82276, 56767, 26859]"
113316,"[82135, 76031, 40602, 96174, 92908, 105712, 34544, 75, 3126, 95633]"
113317,"[49606, 47598, 34225, 105323, 35574, 41352, 20787, 29100, 29438, 4311]"
113318,"[59377, 35036, 74980, 25346, 20609, 101001, 16994, 60668, 97665, 87780]"
113319,"[82033, 8465, 72140, 13393, 79835, 42893, 20293, 34453, 39560, 109164]"
113320,"[7368, 78459, 98658, 80157, 107421, 12542, 61720, 102365, 17863, 66867]"
113321,"[1864, 106261, 93513, 40564, 27164, 100080, 28216, 99915, 97333, 10315]"
113322,"[86014, 48749, 53355, 79939, 37163, 27698, 50591, 103678, 67068, 40182]"
113323,"[43817, 18710, 39468, 100502, 56790, 6950, 39289, 66173, 79512, 37257]"
113324,"[36025, 96994, 441, 73558, 104215, 84099, 29643, 103290, 64517, 86842]"
113325,"[105112, 48306, 86819, 471, 21563, 34207, 92135, 32914, 33274, 25967]"
113326,"[96272, 61837, 72944, 40324, 88170, 24117, 39710, 103828, 35069, 69835]"
113327,"[12680, 15697, 77940, 29581, 50501, 36713, 37565, 92711, 51296, 17067]"
113328,"[960, 11913, 84217, 91345, 89487, 26029, 105705, 72682, 11550, 88792]"
113329,"[65449, 94855, 89366, 36528, 14553, 108093, 77116, 154, 98496, 107528]"
113330,"[46200, 64208, 60844, 48393, 83536, 96847, 104103, 55959, 10611, 18198]"
113331,"[91824, 22868, 84127, 56649, 94390, 36226, 68095, 107570, 79527, 14077]"
113332,"[28380, 26161, 14104, 102571, 98623, 73145, 31372, 47715, 109609, 72416]"
113333,"[21935, 54520, 4664, 73763, 81960, 48446, 67810, 101230, 22493, 39501]"
113334,"[58251, 72875, 9604, 104515, 50638, 8667, 87838, 89839, 55290, 99220]"
113335,"[31416, 106877, 6264, 7586, 23225, 109065, 27677, 55785, 17622, 65076]"
113336,"[33930, 52177, 55278, 66604, 87462, 94220, 24692, 19324, 65405, 90414]"
113337,"[98995, 74937, 105759, 29717, 59295, 62805, 89627, 26695, 41131, 62028]"
113338,"[107682, 95690, 23897, 54587, 76748, 109021, 1234, 42206, 59612, 109498]"
113339,"[55770, 104313, 93691, 19233, 44660, 71657, 79268, 9687, 53614, 8608]"
113340,"[23949, 64878, 56273, 33113, 30670, 37213, 84254, 61663, 105105, 76300]"
113341,"[92126, 103293, 68347, 41296, 45462, 26819, 74405, 70887, 15907, 69594]"
113342,"[67767, 29225, 84938, 40278, 52790, 98811, 28246, 982, 200, 20521]"
113343,"[85460, 104746, 43549, 41763, 75712, 85440, 21439, 26201, 69620, 100179]"
113344,"[27916, 8410, 33629, 49907, 45305, 81393, 65867, 88736, 105684, 1024]"
113345,"[74755, 14078, 99446, 61006, 109640, 33277, 38495, 56033, 90760, 18590]"
113346,"[93434, 67005, 106889, 14161, 93610, 26978, 67012, 105456, 95356, 80279]"
113347,"[75239, 108940, 23237, 50570, 81800, 37743, 84456, 14717, 91410, 92124]"
113348,"[55918, 1418, 84295, 9663, 30852, 23207, 104644, 99656, 949, 482]"
113349,"[3509, 21992, 74564, 82286, 87258, 100214, 25791, 6135, 56062, 19478]"
113350,"[23970, 54075, 32313, 56890, 22435, 62368, 77634, 80195, 25737, 10482]"
113351,"[62307, 3819, 106455, 14612, 60157, 108053, 109612, 89708, 77870, 71535]"
113352,"[24240, 92963, 92444, 2101, 70829, 35686, 66576, 16799, 53904, 9862]"
113353,"[37771, 108274, 55407, 31404, 97730, 98096, 51815, 72265, 106912, 101827]"
113354,"[97084, 86144, 56334, 84309, 59405, 6736, 79316, 87193, 62925, 69522]"
113355,"[93549, 184, 85162, 33948, 107927, 103224, 55242, 21142, 7878, 23074]"
113356,"[7504, 61814, 98722, 55176, 50655, 105497, 53766, 87669, 30555, 74658]"
113357,"[17225, 57860, 73587, 91311, 89353, 61198, 1076, 40791, 19073, 5748]"
113358,"[93235, 90956, 78313, 72634, 80803, 44489, 38781, 70741, 26135, 104143]"
113359,"[46279, 27697, 81832, 27110, 27292, 59913, 65078, 81837, 20396, 3119]"
113360,"[27504, 41428, 49894, 72848, 78074, 9005, 87675, 29923, 29077, 20616]"
113361,"[37469, 8851, 60904, 109339, 23666, 616, 9153, 86393, 52502, 48567]"
113362,"[60822, 88443, 48472, 104899, 34884, 62008, 90152, 56823, 68975, 2345]"
113363,"[75441, 58139, 97054, 54728, 37461, 78059, 11541, 16533, 29293, 58116]"
113364,"[2276, 97094, 115, 67750, 100449, 63433, 20461, 10891, 24181, 89692]"
113365,"[99270, 1549, 6877, 10370, 27971, 106360, 35286, 39160, 68895, 67781]"
113366,"[78628, 34334, 106739, 42362, 45902, 46765, 6620, 5782, 34814, 94882]"
113367,"[78426, 10039, 14591, 33101, 12282, 37069, 22226, 31869, 29234, 14211]"
113368,"[59876, 4280, 95258, 64330, 103737, 32473, 67818, 14145, 70582, 53819]"
113369,"[29122, 70298, 60294, 20343, 84554, 25582, 85544, 33768, 81373, 44975]"
113370,"[95817, 101588, 30280, 7064, 71091, 98009, 68556, 16050, 98807, 89423]"
113371,"[52427, 61435, 44710, 4487, 100419, 93221, 99990, 28799, 63381, 60834]"
113372,"[21882, 58167, 90260, 86524, 84597, 97949, 99471, 1598, 82009, 62272]"
113373,"[41704, 37476, 37367, 37272, 40478, 79067, 92740, 7890, 102951, 88288]"
113374,"[52558, 25261, 67950, 12748, 94425, 21455, 89142, 55162, 84514, 16505]"
113375,"[72667, 68521, 66008, 62864, 3014, 41316, 83995, 38648, 73651, 89095]"
113376,"[52070, 100295, 4920, 87906, 20383, 49370, 92504, 42967, 102997, 104004]"
113377,"[42127, 20585, 4340, 101036, 22561, 102821, 54548, 46122, 13294, 23674]"
113378,"[104632, 2375, 39301, 16276, 76044, 22577, 48907, 23539, 78420, 74023]"
113379,"[86066, 5203, 21938, 50450, 39616, 78065, 39488, 41433, 54397, 42971]"
113380,"[16831, 105875, 104744, 83956, 28168, 86866, 96873, 37061, 65451, 77205]"
113381,"[47619, 63319, 1874, 2373, 9693, 62451, 42607, 108402, 57910, 21609]"
113382,"[59976, 73996, 3927, 96878, 25226, 45237, 54468, 38198, 65045, 82564]"
113383,"[20719, 27865, 66700, 20226, 43316, 94741, 33587, 95387, 82337, 12162]"
113384,"[39345, 31310, 75889, 97520, 83796, 36893, 92642, 18246, 78804, 39319]"
113385,"[102635, 48423, 32901, 70980, 34360, 14529, 74905, 34198, 44958, 91241]"
113386,"[82320, 73486, 9074, 41583, 41709, 77728, 54940, 90142, 34531, 55427]"
113387,"[34120, 32218, 46858, 3009, 22373, 57030, 16255, 11266, 10953, 95684]"
113388,"[21903, 42256, 8981, 4221, 44790, 76809, 57769, 37652, 56009, 13383]"
113389,"[101880, 72445, 101900, 107730, 22499, 48024, 33620, 70725, 100299, 72279]"
113390,"[64713, 47417, 23977, 42541, 68051, 81032, 94773, 8976, 106778, 65306]"
113391,"[87949, 109240, 94266, 18434, 45950, 97524, 55075, 2187, 15679, 77167]"
113392,"[39542, 69485, 46891, 3991, 17574, 46353, 74562, 28898, 19028, 87903]"
113393,"[7073, 51105, 4031, 67828, 87960, 56142, 66391, 15239, 61432, 69554]"
113394,"[25544, 108558, 6222, 45695, 38055, 33838, 90973, 75863, 62764, 7678]"
113395,"[32712, 107902, 53052, 21856, 83915, 43509, 43174, 82310, 36598, 100409]"
113396,"[14903, 8579, 92496, 67577, 96433, 107994, 29760, 14811, 99794, 45382]"
113397,"[11495, 23483, 22134, 44005, 53068, 54603, 31685, 2865, 6301, 26627]"
113398,"[105570, 12767, 52281, 81796, 45400, 99298, 52516, 76515, 56019, 82712]"
113399,"[88310, 66681, 7474, 73526, 1976, 9037, 2084, 44107, 99362, 57570]"
113400,"[9403, 19858, 78461, 73637, 8879, 31026, 39822, 81099, 2411, 80189]"
113401,"[58987, 99756, 12508, 3607, 22649, 21042, 66596, 8394, 32156, 3204]"
113402,"[74837, 50700, 25567, 24354, 48920, 46416, 102051, 102998, 45881, 58566]"
113403,"[71422, 58214, 27989, 60051, 61388, 13402, 24182, 31929, 71814, 44649]"
113404,"[60432, 83719, 93058, 105471, 35644, 44375, 65145, 94097, 57759, 72026]"
113405,"[35654, 102169, 21093, 89424, 95412, 21469, 7150, 27232, 107371, 15191]"
113406,"[11832, 108033, 106909, 85448, 90695, 40221, 48442, 192, 78977, 81503]"
113407,"[63551, 13462, 26384, 39145, 68269, 92159, 37, 12275, 24860, 1508]"
113408,"[4233, 66244, 98480, 63743, 69187, 82523, 75793, 71014, 59443, 78105]"
113409,"[15331, 41612, 40607, 59060, 57286, 35199, 34139, 45597, 67261, 3478]"
113410,"[46895, 82342, 63356, 85907, 49883, 87670, 60889, 38361, 13842, 96128]"
113411,"[36303, 98419, 109574, 26868, 89948, 3683, 54191, 25341, 56014, 72068]"
113412,"[6736, 82963, 68762, 3576, 77783, 75746, 96176, 59405, 9049, 14270]"
113413,"[27376, 104937, 35522, 107859, 42618, 60158, 28385, 91215, 48699, 61811]"
113414,"[47508, 47110, 89418, 72227, 27352, 98401, 88349, 51967, 24958, 13447]"
113415,"[38997, 25010, 83130, 96625, 17221, 34041, 85230, 103117, 79998, 93652]"
113416,"[85648, 85659, 29997, 28720, 41509, 93684, 38963, 86276, 5577, 49768]"
113417,"[18185, 42142, 81088, 56406, 84928, 63100, 51168, 2233, 35198, 70639]"
113418,"[6232, 89380, 25688, 60784, 74200, 65109, 101959, 80834, 64298, 10571]"
113419,"[107331, 85472, 58639, 97580, 26041, 91707, 14507, 11362, 82737, 79736]"
113420,"[93864, 47464, 83470, 73070, 27718, 39991, 72314, 45697, 9023, 17605]"
113421,"[13309, 35259, 89357, 45272, 73822, 63222, 91413, 33223, 9269, 63847]"
113422,"[43007, 80255, 72395, 54502, 10695, 99965, 2018, 13369, 87819, 18299]"
113423,"[38067, 94306, 48500, 84545, 32069, 75485, 73469, 32248, 35051, 16875]"
113424,"[79558, 42081, 97485, 104875, 55627, 102512, 23702, 108730, 90418, 92514]"
113425,"[39940, 30935, 47122, 54985, 91182, 109414, 99537, 89587, 12489, 32006]"
113426,"[80042, 85084, 241, 21902, 53359, 69332, 39476, 99575, 37754, 10430]"
113427,"[92521, 25925, 66075, 28217, 5356, 93554, 89398, 21422, 35385, 108098]"
113428,"[24042, 75517, 96091, 84544, 34624, 25130, 2449, 43773, 67623, 48878]"
113429,"[22864, 21076, 38692, 7097, 15568, 22899, 56495, 84498, 62404, 72310]"
113430,"[72020, 98131, 104010, 59602, 109563, 1176, 108111, 59917, 104947, 55864]"
113431,"[52641, 43358, 64553, 99947, 15804, 30544, 64676, 106333, 103914, 102816]"
113432,"[38144, 37526, 57826, 76078, 66306, 52224, 82634, 14761, 73090, 16558]"
113433,"[38872, 92920, 106081, 78445, 71581, 91967, 67099, 51709, 11790, 57095]"
113434,"[4170, 15047, 88222, 62688, 44301, 76025, 100684, 48092, 58790, 98264]"
113435,"[61556, 56953, 64500, 32034, 108036, 13576, 7583, 28928, 36819, 66082]"
113436,"[50076, 79855, 92922, 39110, 81316, 19549, 5418, 74145, 27320, 66312]"
113437,"[2149, 72408, 47998, 23619, 85454, 27141, 95254, 10511, 10669, 49814]"
113438,"[60360, 67460, 46904, 1233, 55328, 41217, 37331, 30459, 48287, 70353]"
113439,"[34850, 51080, 109618, 5024, 24023, 19472, 77705, 39198, 70636, 89933]"
113440,"[98048, 13891, 105314, 109139, 60782, 75987, 90757, 17973, 109741, 87899]"
113441,"[103542, 77072, 65475, 101714, 8672, 40707, 90423, 46296, 2501, 65371]"
113442,"[58647, 74672, 25372, 5886, 40334, 82829, 5443, 44563, 109606, 46677]"
113443,"[26224, 26862, 92439, 20604, 95146, 83012, 105939, 96907, 98328, 53053]"
113444,"[72037, 92851, 37624, 34047, 68682, 59437, 108019, 4095, 52285, 76439]"
113445,"[105164, 52069, 30947, 70583, 33620, 51429, 53030, 21726, 79168, 47100]"
113446,"[53011, 97555, 79557, 28336, 36209, 12323, 14214, 28014, 27922, 81953]"
113447,"[40448, 78183, 27660, 10060, 61135, 94246, 55499, 47602, 2371, 73797]"
113448,"[69795, 80071, 49703, 82572, 67896, 66057, 67886, 81554, 34220, 90284]"
113449,"[98159, 78408, 3976, 43583, 12467, 4362, 57653, 88551, 51006, 26636]"
113450,"[25402, 58033, 36220, 72357, 29995, 84748, 50135, 88755, 36695, 103787]"
113451,"[103639, 21955, 59301, 8213, 74698, 99608, 53369, 82142, 59533, 6586]"
113452,"[93982, 45551, 12997, 83316, 82889, 84820, 10492, 87132, 12400, 95345]"
113453,"[77267, 60991, 98899, 712, 76177, 40186, 78226, 108032, 27716, 78779]"
113454,"[58107, 28737, 40683, 61775, 25889, 18428, 91457, 103087, 87451, 35816]"
113455,"[50699, 35611, 12839, 70509, 55787, 49534, 18391, 36945, 15919, 72024]"
113456,"[106517, 46724, 72839, 68631, 83606, 31014, 20189, 2462, 107, 904]"
113457,"[2792, 9950, 99447, 7777, 72092, 67035, 24586, 68164, 63606, 91910]"
113458,"[80281, 11705, 17834, 80677, 26473, 60664, 12155, 1950, 27851, 26947]"
113459,"[72229, 16191, 23850, 26557, 82666, 61969, 85148, 103753, 52801, 87132]"
113460,"[16311, 38327, 109744, 49350, 27479, 42739, 44734, 107931, 51236, 8485]"
113461,"[58353, 67873, 83893, 61281, 66483, 55227, 70573, 63691, 40032, 88541]"
113462,"[100204, 78735, 90059, 29203, 31313, 67670, 51307, 32236, 54000, 70736]"
113463,"[98270, 34509, 23242, 16967, 25720, 86405, 46528, 14779, 73522, 50546]"
113464,"[39705, 9736, 100377, 37021, 54033, 51535, 31092, 60516, 2909, 61140]"
113465,"[16978, 33195, 66056, 98487, 69579, 45945, 40292, 80097, 108139, 103649]"
113466,"[5058, 6085, 459, 25858, 54320, 91935, 62924, 31727, 88939, 25357]"
113467,"[49661, 81613, 36812, 107554, 53605, 96871, 85333, 691, 72954, 7219]"
113468,"[64334, 86700, 79419, 2863, 9826, 76327, 67827, 15310, 3133, 64504]"
113469,"[29399, 50734, 67990, 7684, 18547, 46149, 36454, 58354, 101114, 65425]"
113470,"[90390, 27093, 49765, 59090, 95737, 47087, 19389, 102713, 33177, 74675]"
113471,"[16633, 15618, 5289, 52680, 60244, 88294, 72450, 18866, 66610, 98002]"
113472,"[8652, 53972, 89289, 42874, 25432, 28087, 98267, 7606, 55158, 37644]"
113473,"[45835, 27120, 50703, 14649, 54839, 76686, 67537, 12588, 86687, 21267]"
113474,"[57671, 63311, 35367, 24347, 42166, 100533, 69669, 60650, 17250, 104871]"
113475,"[71015, 106709, 6362, 104976, 99319, 6543, 9875, 73704, 91140, 80064]"
113476,"[89663, 28188, 35806, 12474, 52673, 87941, 96916, 103686, 44872, 42836]"
113477,"[30317, 65729, 54123, 29134, 86618, 55345, 37104, 21614, 19199, 62937]"
113478,"[100449, 20461, 77695, 29809, 115, 2276, 73159, 43107, 4666, 38774]"
113479,"[26081, 66478, 89848, 9344, 90385, 46290, 2472, 11678, 92629, 2138]"
113480,"[85497, 20861, 71232, 82013, 64349, 85394, 43079, 97819, 99452, 105453]"
113481,"[5530, 15566, 76556, 28900, 69232, 104118, 71799, 8159, 61320, 47957]"
113482,"[44236, 34300, 64343, 32777, 85064, 34511, 30691, 88901, 107576, 12871]"
113483,"[62784, 22876, 34975, 99564, 97334, 95938, 98711, 35513, 73263, 108062]"
113484,"[86357, 735, 107074, 11992, 57802, 28190, 109344, 68563, 106639, 57100]"
113485,"[30224, 60683, 78937, 75081, 5830, 30196, 96480, 53397, 70859, 44941]"
113486,"[70133, 46947, 35543, 90985, 53350, 50689, 22439, 9438, 92044, 57737]"
113487,"[22570, 62223, 62403, 34882, 64918, 76665, 25701, 13292, 54413, 92342]"
113488,"[99019, 59906, 54114, 69519, 21989, 74888, 9376, 18678, 101355, 19229]"
113489,"[84366, 104533, 20730, 11209, 90202, 100784, 5128, 74651, 32443, 54404]"
113490,"[11482, 31953, 48765, 108126, 102323, 108812, 73853, 79428, 46787, 91402]"
113491,"[52360, 50741, 101033, 71013, 41337, 55181, 93860, 79023, 101800, 30011]"
113492,"[91600, 4539, 68465, 38478, 102601, 95533, 4360, 44971, 75348, 108878]"
113493,"[86731, 67689, 102845, 103034, 27810, 43831, 1660, 36487, 53083, 88259]"
113494,"[46701, 98928, 66345, 41517, 66563, 62913, 46158, 8208, 69513, 90717]"
113495,"[104647, 16702, 106367, 27848, 337, 105200, 20183, 31880, 468, 10693]"
113496,"[48825, 109566, 38511, 39026, 103128, 106438, 30171, 13404, 12780, 105520]"
113497,"[23625, 95863, 18967, 100908, 21237, 28941, 49585, 88635, 73573, 34017]"
113498,"[22574, 58269, 107360, 20708, 17597, 96484, 65167, 107008, 102693, 62711]"
113499,"[51462, 16523, 82047, 94170, 43500, 87252, 76791, 9968, 28556, 12136]"
113500,"[22200, 72503, 78872, 16236, 9899, 4368, 718, 84812, 15469, 77098]"
113501,"[61558, 76461, 80028, 6099, 35493, 62629, 84636, 98907, 10149, 54355]"
113502,"[28799, 20473, 101112, 63456, 48828, 66013, 49091, 46817, 75227, 107340]"
113503,"[53483, 33197, 42777, 100477, 91374, 92500, 37514, 8662, 94565, 15914]"
113504,"[89058, 105072, 68985, 18128, 96697, 68662, 1403, 64249, 20307, 61834]"
113505,"[41228, 74112, 93353, 98961, 87551, 1149, 24099, 66765, 50752, 86313]"
113506,"[58346, 54716, 73229, 74547, 68158, 33251, 11463, 5161, 4902, 37978]"
113507,"[514, 86109, 23442, 108444, 73769, 48465, 26121, 62673, 1766, 103498]"
113508,"[22153, 62142, 64003, 109489, 49804, 23593, 11361, 70071, 79416, 2447]"
113509,"[103895, 73528, 63111, 41733, 86218, 78099, 57112, 79025, 104430, 12300]"
113510,"[88099, 6918, 23195, 108335, 4571, 88441, 101098, 78380, 56531, 54396]"
113511,"[6261, 39371, 72449, 15830, 39487, 94461, 55185, 47431, 6846, 25018]"
113512,"[6327, 4806, 79486, 95221, 97748, 26213, 90946, 94583, 44428, 7545]"
113513,"[55310, 4283, 58044, 83387, 6191, 64629, 41507, 57851, 3486, 83146]"
113514,"[10950, 48432, 29305, 49209, 66573, 105293, 34401, 43783, 53917, 102852]"
113515,"[44501, 32512, 36484, 109736, 70353, 11657, 88272, 61750, 85197, 105829]"
113516,"[32346, 18735, 50792, 33076, 35515, 38549, 58232, 97277, 36722, 3843]"
113517,"[2691, 71069, 61159, 7489, 57649, 97446, 2155, 8884, 100687, 24462]"
113518,"[66833, 55135, 67011, 31515, 62336, 95321, 17783, 56541, 39960, 88414]"
113519,"[36431, 61330, 66560, 2197, 13644, 48823, 55386, 38200, 65195, 34160]"
113520,"[52173, 66762, 108831, 97753, 97456, 41606, 81264, 39495, 63029, 69886]"
113521,"[16686, 40974, 97024, 52112, 45626, 58888, 77470, 5741, 98035, 84246]"
113522,"[29997, 84320, 85352, 20778, 94307, 84727, 93684, 3953, 54056, 71966]"
113523,"[40718, 80253, 11557, 91331, 52679, 4624, 109008, 37782, 12362, 69961]"
113524,"[34832, 9657, 44287, 50200, 100912, 94262, 31745, 76874, 98234, 65530]"
113525,"[55468, 34921, 55379, 83816, 48629, 57013, 73843, 60559, 66393, 42714]"
113526,"[49961, 66680, 12557, 81095, 53233, 84121, 42514, 1166, 41770, 68375]"
113527,"[68039, 629, 4740, 85031, 33498, 87695, 50546, 45900, 61015, 105469]"
113528,"[104804, 99035, 96043, 33263, 57429, 2059, 10971, 105347, 109481, 77614]"
113529,"[32497, 42429, 69746, 52321, 19842, 26736, 14944, 81086, 25782, 80282]"
113530,"[101137, 72689, 62751, 78525, 80989, 82420, 11778, 38314, 15504, 17144]"
113531,"[34002, 93360, 6169, 22635, 83375, 9546, 43563, 65015, 8700, 87225]"
113532,"[90382, 69092, 103003, 61810, 33992, 16079, 97650, 100852, 31482, 9216]"
113533,"[61217, 52514, 83042, 88461, 93742, 4142, 68891, 64576, 16234, 48487]"
113534,"[106220, 92975, 72637, 96099, 98272, 16627, 63538, 81645, 20537, 86717]"
113535,"[108098, 96233, 43371, 31351, 21422, 104908, 78032, 40235, 45707, 25925]"
113536,"[25473, 21209, 14326, 24265, 95299, 58066, 54576, 78019, 57186, 99909]"
113537,"[69260, 1980, 76713, 70324, 89476, 42378, 2779, 59743, 7922, 106079]"
113538,"[2497, 18822, 10928, 98939, 36242, 105943, 5247, 53800, 20362, 51951]"
113539,"[70841, 47061, 33402, 4178, 83458, 15694, 15528, 64890, 94529, 29464]"
113540,"[96753, 13165, 12118, 104912, 541, 21443, 105757, 26783, 31631, 71526]"
113541,"[79580, 48189, 100540, 94641, 40900, 6479, 57038, 101273, 101220, 21897]"
113542,"[107373, 96774, 18435, 101079, 69853, 56710, 13596, 2854, 83804, 24803]"
113543,"[35897, 6438, 64921, 58264, 45228, 17067, 3194, 63984, 95008, 73597]"
113544,"[24229, 64549, 40152, 55666, 60285, 59177, 37467, 16264, 66164, 36116]"
113545,"[79417, 241, 42404, 21902, 80042, 34291, 39476, 85084, 53061, 89673]"
113546,"[60073, 39070, 84531, 50440, 83364, 48915, 77496, 25900, 60072, 8901]"
113547,"[95482, 4281, 64005, 95545, 81865, 61293, 8134, 52451, 89884, 10280]"
113548,"[43357, 106097, 712, 3117, 46485, 10214, 12370, 94515, 107453, 90848]"
113549,"[19089, 99502, 6200, 81413, 9767, 52763, 67674, 52300, 11264, 107150]"
113550,"[71591, 37262, 106767, 23750, 20119, 98961, 73638, 23881, 5088, 92935]"
113551,"[51722, 86604, 109, 40696, 10757, 71590, 6271, 101490, 55151, 17740]"
113552,"[101102, 21937, 40394, 36119, 20179, 105364, 94990, 42613, 74978, 74083]"
113553,"[31723, 8503, 65844, 108488, 67225, 82104, 46545, 61907, 69794, 25884]"
113554,"[96886, 93214, 89455, 47792, 45995, 68280, 18516, 12632, 66150, 90251]"
113555,"[8140, 29670, 78713, 30264, 63474, 33596, 85525, 34664, 103980, 91188]"
113556,"[12155, 17834, 26947, 10489, 80281, 30592, 102806, 81910, 11705, 12255]"
113557,"[73571, 104156, 51961, 66869, 46296, 40707, 33413, 2862, 76256, 52021]"
113558,"[51068, 76849, 53565, 92021, 25594, 49094, 6761, 44933, 10245, 29744]"
113559,"[67198, 12623, 40071, 62950, 11210, 31614, 101141, 62382, 68080, 52500]"
113560,"[14788, 92089, 16180, 49099, 46008, 28980, 12267, 57276, 85637, 99726]"
113561,"[101697, 17553, 14263, 26317, 80362, 68162, 92495, 83071, 5194, 53054]"
113562,"[79895, 32716, 27118, 88602, 64394, 80939, 97031, 8829, 46403, 107973]"
113563,"[92675, 56383, 32978, 65436, 80439, 89361, 43719, 63957, 47083, 26996]"
113564,"[11685, 49669, 10549, 48067, 71869, 79435, 48251, 36097, 71681, 9295]"
113565,"[87182, 107265, 105246, 89969, 7335, 42222, 18995, 43412, 2096, 56239]"
113566,"[19569, 88207, 7798, 46603, 71795, 64320, 64445, 63993, 17322, 78690]"
113567,"[21015, 75464, 87916, 22024, 67933, 76425, 9538, 83845, 48748, 77594]"
113568,"[53301, 56543, 98578, 30240, 95720, 57268, 70406, 68309, 24905, 36558]"
113569,"[81615, 106532, 89655, 16102, 96173, 85278, 103099, 62419, 16718, 40577]"
113570,"[17885, 106959, 10339, 73557, 24174, 60829, 36677, 20719, 11766, 34806]"
113571,"[85166, 36124, 16863, 68918, 108764, 71675, 55876, 68203, 51894, 14470]"
113572,"[97986, 75604, 85221, 9111, 10378, 837, 11650, 107350, 79329, 56634]"
113573,"[8647, 18765, 31795, 54297, 30689, 40187, 37382, 57198, 12966, 22121]"
113574,"[197, 46176, 74111, 20749, 52775, 41813, 96087, 97820, 17517, 65254]"
113575,"[86319, 43915, 93186, 76149, 36216, 90661, 70913, 85558, 27452, 91745]"
113576,"[107389, 98652, 28918, 17186, 32681, 87377, 61001, 54636, 65272, 41078]"
113577,"[17006, 90633, 10367, 36896, 54793, 8821, 100254, 74817, 59445, 103792]"
113578,"[43954, 47891, 49077, 19759, 84535, 101947, 74266, 12200, 33081, 87345]"
113579,"[55138, 91934, 106336, 5436, 87517, 86948, 70853, 3178, 92239, 82563]"
113580,"[26452, 69110, 96700, 11207, 66924, 62645, 95153, 2901, 86876, 6380]"
113581,"[40071, 100967, 15730, 34158, 1550, 94328, 59019, 46900, 100173, 35848]"
113582,"[60521, 56013, 14705, 38109, 31313, 101260, 17819, 58382, 92066, 32236]"
113583,"[108675, 107517, 12123, 74002, 29980, 70869, 44994, 50886, 12176, 41869]"
113584,"[83969, 101649, 77783, 90000, 59405, 12816, 14672, 90613, 74818, 24101]"
113585,"[81933, 74678, 27769, 11508, 58952, 8627, 50698, 76753, 8483, 32576]"
113586,"[57387, 57242, 100975, 103054, 84713, 29294, 11453, 2711, 59100, 84072]"
113587,"[3405, 93833, 41990, 82146, 86388, 37181, 89419, 108160, 40176, 42003]"
113588,"[64097, 32470, 64357, 84614, 41219, 21695, 20889, 44053, 98484, 80778]"
113589,"[81402, 91343, 29204, 33143, 46857, 5785, 19572, 76832, 41988, 32032]"
113590,"[80205, 49872, 102965, 87144, 40713, 105104, 20294, 104048, 89659, 15750]"
113591,"[89415, 84706, 60304, 77380, 56818, 47499, 56722, 43663, 80166, 34646]"
113592,"[31787, 83373, 66975, 49700, 109462, 43645, 18349, 107058, 49864, 102292]"
113593,"[68854, 84340, 18087, 1693, 92207, 48423, 29321, 32538, 53119, 93391]"
113594,"[79779, 25199, 3672, 41021, 11686, 83095, 43626, 43608, 58753, 52017]"
113595,"[28787, 61858, 72896, 34221, 91038, 38537, 16145, 67197, 7178, 87974]"
113596,"[83654, 49418, 54229, 66384, 51038, 407, 94192, 36258, 85011, 22351]"
113597,"[75322, 32797, 41780, 59595, 7357, 108983, 94509, 18873, 72249, 78922]"
113598,"[67297, 64059, 106537, 71762, 109201, 61996, 15255, 14254, 26472, 109728]"
113599,"[76983, 74452, 91256, 1043, 109068, 105639, 41434, 7709, 21201, 45773]"
113600,"[60990, 61011, 78166, 37802, 39137, 4907, 19016, 99973, 82901, 84540]"
113601,"[107464, 88839, 104899, 87513, 26827, 22174, 64194, 3959, 26616, 30062]"
113602,"[36229, 18290, 103605, 30747, 74174, 21550, 31622, 97865, 65537, 51634]"
113603,"[13790, 25803, 737, 81759, 48340, 41267, 99071, 42798, 60051, 104565]"
113604,"[80240, 58426, 70430, 91900, 32197, 41127, 42180, 31673, 4072, 79521]"
113605,"[65084, 41223, 47291, 75681, 39229, 18829, 2678, 2154, 105585, 39340]"
113606,"[28739, 53949, 100943, 81476, 30301, 96546, 62431, 94343, 39053, 29803]"
113607,"[85195, 40040, 34395, 75481, 94380, 15170, 106105, 108513, 19530, 69954]"
113608,"[96656, 8552, 15285, 72511, 106138, 73261, 52601, 72780, 40958, 28197]"
113609,"[76287, 66486, 76333, 34931, 33622, 45853, 88977, 47753, 57598, 96552]"
113610,"[19800, 104145, 65272, 45697, 61254, 40009, 39991, 72314, 85729, 17605]"
113611,"[35984, 43442, 30070, 94766, 102429, 50301, 86017, 98933, 89059, 94680]"
113612,"[50789, 52958, 9675, 108949, 14765, 51743, 41100, 57179, 23854, 64969]"
113613,"[46438, 15338, 109088, 30565, 39517, 52490, 20420, 28793, 75629, 20234]"
113614,"[64061, 27790, 78744, 32894, 87049, 72682, 5529, 99062, 38398, 65386]"
113615,"[56757, 101474, 86373, 42949, 107293, 19223, 54270, 14129, 89567, 49824]"
113616,"[72456, 9939, 20671, 109076, 48627, 79054, 58646, 28108, 56619, 76801]"
113617,"[90969, 26249, 89747, 107986, 15984, 41298, 101268, 88905, 9398, 21024]"
113618,"[10518, 52468, 20697, 93627, 35523, 74679, 16759, 109330, 89184, 26240]"
113619,"[5047, 38035, 31487, 2195, 515, 66465, 80521, 27156, 103394, 69502]"
113620,"[5536, 81182, 71223, 7855, 97268, 83633, 32873, 80978, 7706, 40595]"
113621,"[31821, 34377, 105998, 92746, 41833, 108156, 55060, 13754, 98642, 108441]"
113622,"[52964, 61719, 41816, 8463, 13009, 82986, 60416, 61257, 79216, 17154]"
113623,"[4193, 24302, 94441, 36137, 88802, 62710, 103544, 27200, 1140, 42026]"
113624,"[32891, 42006, 20591, 88057, 67446, 24581, 15044, 72143, 79200, 94184]"
113625,"[88191, 90960, 44656, 45703, 94714, 108541, 25203, 42634, 42510, 96497]"
113626,"[24545, 74576, 98680, 68090, 20367, 89411, 94385, 26057, 30114, 93925]"
113627,"[1364, 85691, 97993, 60711, 93007, 17153, 25630, 97112, 41326, 87522]"
113628,"[38165, 8242, 73133, 96693, 76562, 86712, 58515, 44569, 3824, 79973]"
113629,"[102286, 65240, 94590, 35638, 56072, 102065, 97122, 37381, 74041, 19522]"
113630,"[79155, 61803, 109149, 30227, 75674, 70394, 79280, 87607, 40312, 30086]"
113631,"[9822, 79669, 86491, 108007, 86376, 9600, 61528, 37204, 80685, 64146]"
113632,"[18150, 11630, 105833, 103623, 73339, 38316, 26223, 50978, 79618, 57895]"
113633,"[106063, 13740, 56493, 13463, 13994, 56441, 26564, 73377, 50665, 27454]"
113634,"[39600, 87415, 28761, 102626, 19703, 41343, 72805, 33259, 16392, 53961]"
113635,"[26635, 45993, 18239, 2094, 89483, 93276, 26655, 95459, 798, 91911]"
113636,"[70899, 12442, 52499, 27817, 100870, 69850, 92226, 83904, 44325, 37295]"
113637,"[40743, 67795, 90490, 64141, 8895, 37561, 77304, 64057, 28494, 66889]"
113638,"[82624, 54794, 90116, 62912, 40247, 20533, 48739, 5965, 44061, 22212]"
113639,"[35554, 34697, 50337, 59491, 101756, 23678, 74457, 94486, 52117, 24611]"
113640,"[34698, 58922, 86242, 30534, 47797, 98493, 2271, 60907, 74255, 68911]"
113641,"[25311, 8050, 68386, 15508, 14805, 78206, 24267, 89239, 7734, 37351]"
113642,"[108166, 52118, 25500, 76831, 24463, 94853, 59528, 46104, 62263, 46384]"
113643,"[1921, 54096, 74760, 53926, 94398, 78912, 47459, 86020, 49311, 79523]"
113644,"[73453, 65320, 62432, 29813, 29656, 96211, 67681, 29927, 87175, 23754]"
113645,"[16168, 61571, 43595, 26956, 37859, 83730, 14028, 97100, 48010, 14347]"
113646,"[83442, 50474, 44324, 94387, 45544, 73717, 101128, 107473, 38591, 109491]"
113647,"[9284, 23420, 78417, 20509, 65571, 43149, 106810, 9625, 105846, 65485]"
113648,"[18187, 36153, 8597, 59258, 71503, 100859, 69028, 104669, 100524, 36914]"
113649,"[16782, 9494, 2926, 73352, 23092, 94519, 8546, 19108, 93966, 102680]"
113650,"[26292, 4110, 42676, 75745, 4416, 106876, 58585, 66092, 96404, 4273]"
113651,"[58267, 33607, 53160, 33625, 88066, 89389, 101227, 69298, 84315, 107807]"
113652,"[93820, 57350, 29654, 68926, 83750, 25976, 50849, 22462, 35079, 77010]"
113653,"[35915, 5947, 264, 103396, 30556, 24217, 18805, 10215, 66950, 59637]"
113654,"[45964, 56993, 98004, 103768, 60892, 57548, 32670, 96016, 27900, 2982]"
113655,"[68919, 71759, 94339, 104483, 63591, 29920, 63178, 63552, 9444, 2428]"
113656,"[104088, 106735, 49723, 35230, 97381, 94687, 7841, 3632, 46410, 19701]"
113657,"[81808, 29230, 41970, 103223, 71496, 401, 43388, 107538, 76841, 66944]"
113658,"[95468, 10409, 70102, 22807, 28673, 40738, 50005, 18062, 105551, 96054]"
113659,"[102944, 91976, 41947, 49682, 28970, 36260, 58133, 102550, 62389, 84311]"
113660,"[30589, 54545, 31983, 101624, 24184, 55387, 13980, 76143, 74841, 25047]"
113661,"[81473, 29825, 36884, 60100, 77173, 25991, 71408, 90545, 71829, 35110]"
113662,"[71579, 529, 1248, 23355, 39017, 71637, 27636, 55411, 104758, 56838]"
113663,"[12456, 91501, 70110, 6442, 105174, 41673, 40611, 48553, 34424, 103683]"
113664,"[88292, 65565, 47624, 9720, 62930, 15179, 84508, 34660, 75810, 104482]"
113665,"[39552, 11212, 76479, 18099, 89939, 37123, 45960, 12337, 40053, 53694]"
113666,"[36357, 18542, 30940, 59987, 15908, 36031, 57061, 21282, 71740, 42387]"
113667,"[82723, 72594, 98370, 75606, 62279, 84851, 25291, 68294, 104559, 12931]"
113668,"[85121, 55595, 75252, 47873, 93857, 49589, 27882, 767, 75881, 8294]"
113669,"[64547, 67111, 25112, 33216, 93509, 15418, 63818, 28996, 20314, 63678]"
113670,"[78871, 42638, 78469, 50162, 18408, 50930, 75311, 97586, 67394, 41946]"
113671,"[49286, 79465, 13, 27802, 13037, 53594, 37464, 31840, 60432, 79278]"
113672,"[53345, 9907, 64159, 31139, 51077, 38307, 72809, 62435, 20064, 6]"
113673,"[20339, 44876, 58224, 67616, 103518, 45883, 25606, 98619, 69573, 95736]"
113674,"[9084, 35184, 34740, 51258, 55480, 90352, 48888, 55745, 72993, 31872]"
113675,"[27455, 95173, 95438, 49528, 6241, 66060, 69790, 42482, 47731, 3912]"
113676,"[103918, 109321, 6453, 25158, 67485, 16514, 44176, 22323, 13843, 76494]"
113677,"[15914, 91969, 22207, 53483, 92670, 34038, 42777, 32115, 109647, 33197]"
113678,"[75843, 61031, 39129, 107234, 105252, 19535, 12057, 17522, 43524, 65981]"
113679,"[2226, 71571, 3111, 54623, 60020, 70405, 6375, 93177, 62940, 14582]"
113680,"[14054, 8406, 47592, 40699, 82080, 31589, 5911, 105515, 72845, 20884]"
113681,"[99764, 74307, 87936, 56983, 55718, 64197, 47171, 46054, 62942, 58693]"
113682,"[57264, 74046, 527, 16016, 82837, 82171, 92720, 42295, 29011, 4906]"
113683,"[13561, 89297, 88034, 56385, 76187, 66012, 52536, 93788, 92818, 74202]"
113684,"[103798, 63619, 555, 52727, 10072, 14440, 95419, 49016, 64625, 51372]"
113685,"[16839, 96935, 29116, 18996, 86, 90903, 13089, 29804, 64489, 25053]"
113686,"[29942, 54203, 21184, 100708, 84212, 39508, 43170, 92235, 93819, 78867]"
113687,"[102949, 37405, 83257, 39999, 30175, 35774, 16601, 75583, 31408, 50206]"
113688,"[2559, 42029, 90397, 99553, 48206, 80255, 5884, 27371, 18954, 15451]"
113689,"[67954, 61169, 77731, 67059, 49169, 27838, 46567, 84785, 76650, 22247]"
113690,"[109484, 90127, 22662, 92651, 27592, 75986, 70810, 72231, 78076, 35183]"
113691,"[84530, 100172, 97429, 44915, 53962, 36393, 37468, 1995, 9770, 76020]"
113692,"[72682, 64061, 87049, 91345, 27790, 109443, 48167, 746, 46808, 70551]"
113693,"[16635, 81671, 102157, 94863, 29135, 53290, 70504, 50735, 53073, 5010]"
113694,"[78605, 83432, 3357, 215, 54958, 60260, 93752, 41206, 14670, 73676]"
113695,"[102755, 30287, 76798, 30255, 89581, 18231, 1089, 26648, 94844, 107527]"
113696,"[61369, 95596, 98135, 22075, 36241, 52216, 26396, 104730, 6446, 56222]"
113697,"[56220, 88345, 76983, 15173, 99019, 59906, 16206, 52051, 74452, 103452]"
113698,"[54742, 105121, 56798, 106116, 103331, 61096, 57830, 82400, 47515, 13303]"
113699,"[76035, 97388, 2869, 70372, 107478, 63459, 89992, 8773, 51572, 90398]"
113700,"[90176, 84662, 56877, 94312, 57406, 11253, 15687, 40223, 38460, 106300]"
113701,"[67414, 44425, 18040, 40826, 21548, 61221, 87206, 1911, 106221, 107155]"
113702,"[15773, 43760, 53541, 13328, 36217, 86389, 26013, 10123, 78366, 72498]"
113703,"[4296, 44316, 64735, 46585, 71923, 49167, 8066, 42480, 105430, 39694]"
113704,"[18899, 34367, 38036, 77398, 107958, 72855, 58211, 17506, 25077, 28368]"
113705,"[59927, 35041, 59880, 55321, 5618, 46148, 13594, 30512, 96815, 85868]"
113706,"[35153, 37983, 86103, 75284, 90479, 8577, 63670, 75624, 95574, 58616]"
113707,"[75315, 55577, 18251, 47773, 62817, 86612, 12745, 59356, 37590, 101117]"
113708,"[78296, 49977, 94171, 19341, 24573, 69081, 93658, 78348, 101257, 57820]"
113709,"[80873, 72636, 67358, 63793, 81241, 25615, 86767, 101106, 71343, 20139]"
113710,"[72059, 3938, 51542, 6209, 91043, 21701, 61473, 29741, 56004, 70559]"
113711,"[108281, 37333, 101908, 92236, 87213, 102653, 54368, 22796, 21006, 59216]"
113712,"[54891, 39512, 91080, 105220, 92440, 70087, 66319, 89561, 69239, 97347]"
113713,"[27033, 56002, 91684, 91157, 55999, 90953, 55304, 77247, 5780, 24705]"
113714,"[67698, 101921, 77986, 11474, 81530, 37135, 8535, 74092, 95094, 50753]"
113715,"[9163, 47771, 28363, 87523, 79093, 33850, 70640, 107577, 85574, 100286]"
113716,"[105199, 17727, 33826, 69556, 92548, 44369, 39979, 58036, 104979, 88126]"
113717,"[11615, 20465, 51697, 12417, 5530, 42830, 14074, 35619, 36905, 61742]"
113718,"[6982, 36349, 41749, 102311, 55879, 81557, 37570, 44931, 92884, 104450]"
113719,"[20141, 54294, 3971, 51328, 65132, 45460, 14427, 22432, 69602, 45869]"
113720,"[73192, 7226, 85583, 80081, 21013, 73354, 21521, 53234, 70682, 85328]"
113721,"[40756, 9529, 78482, 59800, 46134, 10566, 90430, 6134, 77721, 4317]"
113722,"[106727, 66972, 71948, 63718, 9140, 81467, 96594, 99166, 10963, 63779]"
113723,"[90324, 77850, 60908, 101418, 84955, 27849, 8027, 55360, 104561, 79394]"
113724,"[23857, 21088, 81881, 86982, 11022, 109348, 68927, 63141, 50329, 102793]"
113725,"[47350, 35241, 56088, 87202, 39227, 79185, 60299, 103838, 16651, 100062]"
113726,"[42435, 105041, 72244, 90524, 43118, 82084, 85089, 85662, 38230, 14950]"
113727,"[12147, 52356, 76665, 18401, 11420, 26882, 69863, 32237, 7047, 12407]"
113728,"[69382, 91851, 16065, 100571, 86835, 55882, 62519, 96365, 2741, 21560]"
113729,"[75303, 96075, 109410, 47721, 62265, 64094, 51899, 109350, 9908, 89013]"
113730,"[14079, 79385, 32864, 29470, 82308, 94289, 61103, 1554, 56289, 41039]"
113731,"[11249, 63286, 12695, 97067, 88896, 10281, 35469, 44498, 29263, 39369]"
113732,"[11102, 43272, 66970, 61672, 74169, 95151, 15267, 7523, 77211, 94688]"
113733,"[8666, 63339, 84277, 7425, 41530, 31651, 57535, 58051, 66188, 68782]"
113734,"[88591, 69854, 76277, 51775, 21861, 23824, 24570, 4730, 94547, 36912]"
113735,"[57807, 93889, 78633, 34513, 27231, 80168, 68608, 78330, 13803, 87757]"
113736,"[94015, 98904, 40139, 35177, 12704, 99157, 73577, 18571, 45158, 64727]"
113737,"[36080, 65311, 35468, 22996, 78294, 29148, 38957, 60956, 35346, 40489]"
113738,"[16591, 99187, 27436, 70502, 7322, 56658, 108431, 4045, 72603, 99973]"
113739,"[86320, 61068, 101053, 93986, 59549, 347, 16981, 91082, 62430, 53033]"
113740,"[97108, 55810, 20244, 15211, 96867, 39669, 96648, 11725, 67515, 43103]"
113741,"[44973, 52664, 98849, 95755, 73132, 66356, 15635, 41835, 77921, 28610]"
113742,"[11411, 76739, 44500, 99997, 85796, 97935, 81810, 88812, 105981, 83842]"
113743,"[109526, 97575, 1185, 2573, 54324, 59589, 48433, 28816, 93573, 1191]"
113744,"[97547, 82165, 26554, 89873, 20602, 83055, 78665, 93315, 34982, 39474]"
113745,"[57361, 2639, 107678, 69796, 13036, 101933, 36250, 91710, 12399, 19215]"
113746,"[92630, 89646, 73821, 43544, 27351, 99621, 4582, 109260, 17583, 71818]"
113747,"[108977, 27050, 100796, 3574, 43163, 83551, 67853, 13134, 41580, 19294]"
113748,"[10215, 18805, 47419, 35801, 53204, 86542, 84376, 40847, 19005, 5947]"
113749,"[109480, 29742, 32106, 71847, 33743, 41765, 77377, 105808, 52885, 53265]"
113750,"[90195, 98527, 48804, 107093, 16881, 39186, 44499, 57600, 81992, 40621]"
113751,"[6486, 6175, 71215, 54519, 69683, 68153, 19587, 58349, 76169, 59687]"
113752,"[25711, 50550, 17924, 76500, 106093, 19245, 47663, 56185, 79960, 72792]"
113753,"[65932, 40905, 30958, 31103, 62116, 74222, 95929, 105805, 43881, 106691]"
113754,"[46788, 70277, 47905, 72540, 86292, 68316, 43928, 27835, 103574, 14940]"
113755,"[34998, 49784, 55541, 20569, 81942, 102094, 108685, 36275, 47829, 74739]"
113756,"[40186, 106569, 65858, 61353, 53270, 81806, 83343, 93882, 14990, 6741]"
113757,"[52564, 62492, 31348, 107314, 623, 103028, 78056, 42870, 6971, 38693]"
113758,"[90203, 75411, 36101, 53197, 84552, 28266, 94710, 76215, 21845, 70203]"
113759,"[90439, 105738, 21734, 70847, 17079, 42232, 20059, 82633, 37517, 53187]"
113760,"[108020, 1053, 98995, 74937, 25608, 10551, 6191, 69650, 5484, 86316]"
113761,"[100625, 93182, 28864, 85572, 17386, 14993, 36472, 59548, 51793, 54795]"
113762,"[101145, 87477, 33759, 89001, 62509, 650, 30369, 63296, 55622, 60761]"
113763,"[5259, 34496, 9704, 108990, 96399, 23149, 62024, 93659, 58314, 11921]"
113764,"[26284, 58554, 56476, 92999, 50116, 74808, 46070, 70483, 104969, 5372]"
113765,"[93563, 52642, 44896, 60397, 17104, 10175, 2158, 21213, 48268, 70883]"
113766,"[19147, 52165, 66885, 9991, 27406, 7173, 61795, 38926, 41093, 53034]"
113767,"[59754, 86815, 17429, 50298, 48098, 93229, 87559, 43058, 19308, 48398]"
113768,"[90007, 37667, 87076, 5414, 51449, 20338, 33687, 19973, 94381, 5587]"
113769,"[100570, 99670, 107638, 21315, 40057, 4369, 34563, 93500, 29287, 95590]"
113770,"[73887, 98507, 89773, 14284, 9005, 88190, 53665, 92909, 81251, 33374]"
113771,"[47010, 78148, 36874, 86831, 102720, 4725, 10801, 79409, 93639, 85473]"
113772,"[62362, 35441, 75928, 54638, 25496, 83494, 107495, 105272, 70982, 70065]"
113773,"[83589, 42342, 86453, 7419, 90464, 32760, 18053, 52453, 7102, 104233]"
113774,"[15686, 71012, 22844, 6140, 102166, 106695, 70572, 21899, 108619, 39036]"
113775,"[3361, 27209, 49689, 86582, 3656, 78305, 92367, 12208, 16879, 52419]"
113776,"[95568, 106214, 91163, 51796, 34851, 33458, 75535, 51756, 7473, 36973]"
113777,"[20478, 52639, 27016, 85165, 74349, 109477, 3516, 77336, 67829, 70950]"
113778,"[77814, 11060, 100042, 20934, 76813, 19276, 85374, 47546, 87829, 4459]"
113779,"[37799, 43267, 97618, 66565, 85338, 109660, 4586, 39039, 22256, 86856]"
113780,"[97238, 94938, 18321, 32226, 5284, 72522, 95460, 35853, 99829, 2395]"
113781,"[9095, 95920, 104809, 62989, 56850, 27087, 38444, 103636, 18841, 7366]"
113782,"[90142, 70860, 42712, 87681, 71902, 38151, 26765, 53688, 100210, 14967]"
113783,"[33248, 106648, 60022, 87335, 103702, 7388, 89696, 94031, 74722, 79754]"
113784,"[102275, 16587, 21668, 57508, 63062, 55168, 90326, 9367, 93083, 50741]"
113785,"[32810, 91556, 38028, 47824, 71558, 82173, 95922, 37607, 28837, 26783]"
113786,"[23669, 104449, 79713, 102632, 423, 76601, 79119, 8757, 36544, 39944]"
113787,"[84822, 54169, 84673, 16212, 80716, 107048, 68986, 70693, 11430, 89703]"
113788,"[39726, 86505, 31342, 81899, 64507, 42934, 77771, 21967, 87975, 82908]"
113789,"[41065, 58216, 70679, 54342, 32350, 55921, 105250, 37932, 38610, 31894]"
113790,"[61334, 101431, 68196, 98356, 46125, 98685, 30727, 89068, 82884, 30766]"
113791,"[90082, 42845, 49713, 9638, 99924, 72561, 59890, 106137, 7562, 31136]"
113792,"[63446, 78826, 76803, 107550, 10039, 14591, 102187, 22202, 5082, 88140]"
113793,"[3572, 2298, 78867, 93819, 43648, 22580, 95878, 93546, 8241, 90291]"
113794,"[9561, 5959, 77844, 30493, 42689, 91452, 18146, 106556, 15532, 69697]"
113795,"[100626, 23024, 76282, 92588, 106112, 63486, 10823, 68650, 6922, 103967]"
113796,"[105096, 41500, 13075, 56526, 74101, 100456, 815, 68181, 7990, 57166]"
113797,"[95544, 92243, 19222, 5401, 7821, 74746, 82156, 16998, 61827, 47255]"
113798,"[48990, 561, 102333, 86049, 100153, 103040, 104678, 40696, 10757, 17740]"
113799,"[66888, 58903, 84180, 57357, 44645, 13472, 45218, 15897, 91787, 29168]"
113800,"[39150, 54009, 48033, 34628, 55145, 93037, 40099, 99289, 936, 7563]"
113801,"[101985, 71, 59781, 19258, 90191, 77039, 48857, 38880, 39346, 56554]"
113802,"[105082, 52037, 12777, 64578, 20770, 15927, 12805, 57650, 47775, 34321]"
113803,"[7825, 79044, 6157, 56425, 57775, 78298, 94364, 34258, 11697, 42687]"
113804,"[86805, 18362, 35610, 9811, 19791, 108730, 103235, 68587, 70364, 97603]"
113805,"[22950, 37267, 92418, 44517, 40676, 12701, 94383, 56260, 20149, 50607]"
113806,"[86402, 35582, 99205, 25064, 4870, 102837, 17798, 59233, 97532, 106190]"
113807,"[28383, 50227, 82036, 78072, 45038, 22485, 8813, 55919, 55127, 76566]"
113808,"[7053, 19546, 93809, 107301, 67541, 92185, 23802, 56003, 252, 38745]"
113809,"[9459, 64011, 25800, 46493, 32184, 8536, 84296, 27706, 92254, 101089]"
113810,"[102985, 105037, 98106, 75751, 8220, 6712, 50054, 73405, 29282, 29529]"
113811,"[108453, 11991, 43521, 82819, 108875, 97587, 84205, 13278, 58527, 35939]"
113812,"[38397, 15080, 104134, 11265, 10422, 23601, 23145, 59017, 33081, 99576]"
113813,"[17129, 100278, 36980, 53693, 86036, 40532, 107416, 53923, 44715, 29622]"
113814,"[88744, 81565, 43531, 6339, 100627, 11805, 75014, 2289, 37161, 106632]"
113815,"[13264, 105864, 70821, 17843, 57319, 56303, 7863, 65350, 71600, 83881]"
113816,"[13393, 103549, 49181, 63328, 48560, 54095, 13664, 42100, 45846, 71486]"
113817,"[35483, 38935, 40481, 40002, 66865, 61051, 74086, 103925, 39350, 5647]"
113818,"[28756, 31518, 107183, 103234, 99494, 17846, 98878, 5879, 35473, 40406]"
113819,"[80059, 50620, 28880, 42842, 41026, 64806, 40796, 10406, 98137, 75211]"
113820,"[70049, 39649, 28120, 100973, 49873, 97993, 46566, 46687, 81255, 95475]"
113821,"[58064, 40282, 107617, 17708, 18270, 79521, 41148, 19981, 96756, 47499]"
113822,"[39151, 75189, 21210, 108406, 108510, 77433, 67516, 47301, 44539, 29441]"
113823,"[21283, 85991, 69066, 39016, 13486, 66914, 40554, 33256, 443, 90823]"
113824,"[66943, 72163, 53966, 50045, 50602, 26618, 9651, 87941, 15535, 51594]"
113825,"[63617, 102176, 5693, 73129, 63167, 30825, 59560, 34269, 54244, 80571]"
113826,"[55092, 73682, 91803, 69812, 79771, 84640, 52394, 87750, 102796, 34090]"
113827,"[7317, 57215, 33082, 101712, 100306, 87107, 22288, 87439, 44237, 69722]"
113828,"[109758, 2832, 99154, 20659, 96133, 15375, 48156, 12684, 56145, 95024]"
113829,"[90085, 64044, 106882, 108041, 82747, 94706, 29222, 90610, 92115, 14957]"
113830,"[70846, 103252, 9184, 83644, 36461, 93396, 35000, 13665, 83154, 91269]"
113831,"[700, 61307, 73109, 24688, 42177, 40257, 47903, 37150, 24681, 88376]"
113832,"[48605, 42889, 29867, 1661, 79522, 18112, 29368, 49584, 83830, 46635]"
113833,"[70858, 27867, 41369, 80054, 29061, 26387, 31655, 64729, 101606, 28912]"
113834,"[76041, 29237, 53590, 84573, 16051, 61787, 89982, 61279, 106161, 37842]"
113835,"[45914, 83518, 87620, 60452, 88154, 69694, 45203, 107704, 54215, 95241]"
113836,"[55634, 86095, 40481, 83934, 66865, 39731, 35483, 30541, 100000, 58030]"
113837,"[98556, 98468, 46971, 37400, 107233, 76203, 76901, 26775, 32046, 43551]"
113838,"[78042, 12404, 48148, 60226, 41436, 13995, 97177, 85807, 69733, 104803]"
113839,"[108148, 10276, 34051, 16654, 96283, 90210, 92592, 47726, 64789, 68520]"
113840,"[98084, 107087, 68838, 22418, 16253, 102279, 57705, 40114, 29593, 107274]"
113841,"[64712, 52605, 25171, 68684, 104492, 82533, 8341, 44354, 74891, 61546]"
113842,"[95924, 24461, 84308, 79828, 9221, 5228, 78565, 92099, 62948, 63423]"
113843,"[52189, 59588, 34286, 37008, 68157, 47385, 76736, 8207, 17190, 13011]"
113844,"[93846, 67397, 79593, 103372, 34133, 43370, 51648, 42628, 66448, 35760]"
113845,"[67550, 27353, 16841, 43225, 30064, 37508, 97619, 59092, 17709, 43627]"
113846,"[88624, 106847, 68276, 81270, 18634, 66662, 101677, 105817, 29439, 56023]"
113847,"[96290, 60005, 48432, 12421, 59827, 66800, 103026, 34214, 756, 2180]"
113848,"[17301, 36534, 81538, 87925, 86535, 22809, 23193, 76885, 27717, 99702]"
113849,"[42383, 26377, 38012, 70482, 45991, 90740, 20662, 73678, 102948, 22689]"
113850,"[17027, 28570, 53857, 89740, 106493, 99367, 80959, 74232, 79607, 56398]"
113851,"[89653, 2587, 103392, 33170, 83036, 43560, 28982, 59330, 15247, 102650]"
113852,"[45508, 41681, 94335, 70100, 19691, 3992, 55351, 1381, 61374, 46448]"
113853,"[50746, 33168, 50773, 79852, 84561, 63184, 86093, 88130, 19466, 20108]"
113854,"[73597, 24339, 6818, 15337, 78147, 41394, 51521, 45228, 78136, 13337]"
113855,"[19180, 21695, 11536, 46696, 32470, 56364, 35957, 3719, 50652, 48762]"
113856,"[16649, 55986, 75132, 35428, 11597, 50879, 52620, 86124, 108704, 55264]"
113857,"[50010, 48115, 2424, 33470, 60297, 51691, 74775, 14086, 105881, 39761]"
113858,"[83550, 92979, 86241, 20056, 130, 66510, 83088, 106791, 29878, 1927]"
113859,"[57461, 106165, 109752, 53906, 68500, 31626, 75528, 66530, 56562, 74812]"
113860,"[63836, 42074, 58215, 46191, 12552, 89597, 50782, 91356, 49283, 56137]"
113861,"[46558, 39302, 105286, 51731, 45368, 19436, 9081, 29558, 21023, 2396]"
113862,"[81260, 91420, 58220, 42443, 82490, 77269, 76390, 102068, 67951, 62566]"
113863,"[34374, 38565, 35034, 98435, 59945, 46215, 55859, 106596, 5895, 82964]"
113864,"[101159, 26516, 11635, 21029, 9517, 75019, 38430, 9867, 16179, 53597]"
113865,"[23198, 1623, 55103, 38834, 51245, 46980, 53923, 13010, 64371, 87650]"
113866,"[9422, 105354, 91539, 67640, 46352, 28578, 15478, 75188, 108092, 1046]"
113867,"[44317, 76276, 73001, 86942, 60630, 68400, 24435, 85768, 62985, 104350]"
113868,"[91069, 10559, 51975, 107671, 3050, 5379, 106323, 13350, 58853, 73554]"
113869,"[61918, 99257, 45063, 5919, 57881, 56632, 20421, 25991, 18656, 16904]"
113870,"[83116, 60138, 64650, 38745, 86097, 31517, 106426, 7053, 62633, 7140]"
113871,"[98857, 25796, 94213, 91457, 108970, 54955, 55320, 12374, 38217, 20309]"
113872,"[105527, 71870, 100062, 24370, 20535, 64322, 46794, 104752, 56088, 16190]"
113873,"[29370, 81578, 88669, 68234, 42027, 55807, 50977, 66622, 68733, 2345]"
113874,"[78865, 88177, 93634, 35462, 14393, 75659, 100734, 79463, 18580, 53903]"
113875,"[77855, 73816, 105413, 94681, 96539, 39513, 18105, 7780, 26313, 72240]"
113876,"[40110, 53115, 103013, 13620, 11408, 27576, 21844, 36932, 50854, 90775]"
113877,"[76707, 25982, 45116, 18683, 15324, 79328, 101019, 27956, 86358, 21494]"
113878,"[109133, 90364, 85321, 96614, 17133, 71168, 18203, 40201, 19381, 81684]"
113879,"[89276, 33468, 55413, 21382, 10285, 95549, 67931, 105498, 22042, 27180]"
113880,"[24580, 22673, 54766, 6395, 82484, 60799, 31102, 85334, 6099, 31919]"
113881,"[52406, 75534, 61122, 78810, 12932, 30637, 94474, 87094, 91081, 45161]"
113882,"[66504, 9744, 70910, 53118, 10891, 24181, 21892, 77695, 89692, 79582]"
113883,"[26323, 85469, 59204, 69764, 78618, 52387, 63794, 100225, 51608, 80076]"
113884,"[83872, 14532, 16838, 101012, 106338, 96306, 55927, 48610, 72680, 98234]"
113885,"[52174, 95046, 6981, 107771, 25950, 2808, 21682, 6908, 30230, 22980]"
113886,"[19997, 61562, 105789, 20852, 8345, 32939, 79497, 78640, 42722, 103845]"
113887,"[84747, 7785, 53915, 81495, 78115, 98796, 60239, 93510, 965, 64176]"
113888,"[77322, 4529, 22080, 1468, 5204, 195, 102167, 70828, 71059, 11695]"
113889,"[92848, 29424, 51331, 80437, 3137, 68995, 99005, 58661, 71280, 16956]"
113890,"[84700, 24770, 38532, 39773, 79608, 3094, 76857, 24844, 5645, 99468]"
113891,"[106698, 82515, 88083, 50621, 86772, 61718, 22750, 60502, 37007, 34922]"
113892,"[80867, 61254, 26254, 9914, 84759, 18184, 63703, 36698, 108209, 4816]"
113893,"[66372, 6582, 74222, 62116, 62141, 22235, 76727, 62050, 43881, 60790]"
113894,"[65682, 46889, 65764, 21425, 71266, 108483, 55936, 101540, 70013, 61793]"
113895,"[34016, 25474, 76052, 20906, 100150, 77592, 46123, 65985, 94808, 50556]"
113896,"[25884, 44286, 4458, 9328, 82302, 51383, 84616, 80653, 48869, 15400]"
113897,"[57795, 22617, 89630, 66837, 8118, 6420, 83707, 60491, 42226, 98511]"
113898,"[99340, 58862, 108720, 80304, 4640, 65921, 48375, 103594, 78798, 67993]"
113899,"[89876, 13647, 16310, 48144, 101318, 76484, 567, 28341, 100277, 77577]"
113900,"[39890, 81521, 36429, 8999, 14689, 54228, 18689, 14310, 83875, 61982]"
113901,"[60189, 69591, 76059, 31406, 10856, 43846, 50231, 30654, 64508, 79670]"
113902,"[62358, 44266, 26587, 102415, 84578, 54684, 57635, 55143, 50223, 30776]"
113903,"[93801, 59441, 76943, 20022, 107494, 83714, 22237, 39664, 67863, 29037]"
113904,"[10741, 23458, 1180, 99882, 4005, 13637, 51075, 5113, 30601, 103060]"
113905,"[77842, 58141, 50775, 87734, 46363, 4516, 71517, 22395, 50614, 5964]"
113906,"[67291, 69143, 82236, 21816, 52014, 37444, 73134, 46195, 98670, 36957]"
113907,"[28823, 20206, 84403, 53696, 79756, 18172, 89770, 88458, 62523, 50125]"
113908,"[51552, 82739, 72387, 107855, 92632, 104010, 59602, 93009, 76322, 32883]"
113909,"[53853, 68125, 71975, 69253, 78189, 11248, 90216, 101337, 46012, 66325]"
113910,"[84968, 76411, 43222, 73141, 85536, 77244, 34286, 59588, 39693, 59248]"
113911,"[8042, 53344, 101167, 44023, 60928, 8136, 1378, 14958, 97968, 17332]"
113912,"[41706, 56266, 33315, 79315, 93268, 58906, 22713, 13151, 10130, 80509]"
113913,"[57460, 16794, 40325, 18614, 82134, 68473, 26048, 65563, 47386, 80756]"
113914,"[104139, 76912, 104957, 95630, 26182, 35835, 53495, 14256, 34265, 106498]"
113915,"[33305, 86507, 37082, 31368, 38101, 41628, 59113, 102597, 82942, 31481]"
113916,"[108126, 103817, 64205, 48765, 61515, 82141, 108812, 79428, 46787, 91402]"
113917,"[77147, 25728, 41524, 28769, 7355, 39846, 58073, 23351, 105462, 78513]"
113918,"[76700, 59131, 11909, 94720, 34373, 30561, 22081, 41865, 89865, 96056]"
113919,"[17223, 105711, 67868, 12514, 87005, 30821, 17442, 61053, 28502, 38073]"
113920,"[41647, 34581, 36067, 85294, 68481, 69352, 98560, 37263, 3858, 106221]"
113921,"[73175, 46227, 55705, 49011, 11725, 55810, 97108, 58833, 11190, 70886]"
113922,"[69317, 44587, 30106, 35519, 101657, 51471, 35628, 39806, 105857, 55861]"
113923,"[29474, 57311, 6143, 1499, 40405, 106502, 77362, 29356, 6305, 74914]"
113924,"[44756, 90075, 6445, 87967, 70976, 101066, 59463, 61573, 88698, 63455]"
113925,"[29427, 95737, 102713, 33177, 19389, 102292, 90390, 12589, 47087, 74675]"
113926,"[26498, 88099, 28212, 41698, 101098, 59487, 20651, 84935, 34891, 6492]"
113927,"[3778, 8537, 101333, 48771, 109307, 46804, 70858, 15230, 86331, 70762]"
113928,"[68257, 38948, 78420, 2618, 89820, 93624, 82641, 71960, 67782, 4823]"
113929,"[3611, 93217, 51706, 1394, 67252, 57008, 73089, 71319, 98490, 73713]"
113930,"[95083, 6468, 70866, 96898, 101486, 12056, 20657, 81285, 20086, 85457]"
113931,"[97849, 91033, 89523, 26644, 57449, 21500, 12179, 19062, 88320, 59397]"
113932,"[73175, 94850, 61471, 84216, 34863, 102747, 51803, 15649, 58574, 35860]"
113933,"[74264, 106781, 3817, 98076, 43928, 27835, 70277, 47905, 19753, 79936]"
113934,"[4906, 82171, 79573, 92720, 80722, 36880, 22536, 527, 74046, 80928]"
113935,"[95613, 77579, 45672, 91788, 43629, 109626, 51104, 95320, 15455, 23613]"
113936,"[2923, 23368, 41377, 12658, 74068, 103743, 62569, 11655, 74172, 31196]"
113937,"[109412, 101252, 49565, 74877, 88270, 28035, 13491, 75314, 89429, 20280]"
113938,"[21482, 57305, 98118, 86153, 9454, 109163, 12307, 57481, 57743, 68666]"
113939,"[81684, 17133, 40201, 71168, 18203, 109133, 1418, 87630, 105672, 55918]"
113940,"[80074, 76483, 55459, 59450, 3497, 24656, 34829, 48116, 48688, 106264]"
113941,"[93028, 80229, 46556, 22618, 74841, 61368, 106202, 84009, 105380, 72474]"
113942,"[80331, 21335, 65143, 98575, 97779, 86382, 13990, 81782, 88233, 36293]"
113943,"[71024, 86508, 57308, 101532, 80857, 94251, 12665, 83508, 42015, 79126]"
113944,"[84711, 92063, 86705, 94492, 47471, 82249, 54478, 108458, 77909, 63512]"
113945,"[77871, 10103, 34668, 47477, 91020, 86812, 1800, 75384, 76139, 61698]"
113946,"[101180, 61458, 101914, 56797, 59905, 19095, 95092, 18719, 74914, 107514]"
113947,"[1049, 23270, 19570, 54660, 51387, 97498, 105988, 79273, 82540, 1265]"
113948,"[73253, 3454, 53086, 106219, 49099, 74392, 29890, 99147, 74160, 82470]"
113949,"[94240, 80836, 4397, 60593, 6458, 23966, 36418, 28001, 13057, 71748]"
113950,"[76310, 24362, 71497, 102391, 35669, 4708, 70079, 34403, 23346, 107912]"
113951,"[50298, 17429, 86815, 77912, 59754, 48932, 87559, 19308, 67511, 103750]"
113952,"[5699, 27029, 26132, 51935, 36799, 91734, 14811, 101022, 95980, 96228]"
113953,"[43950, 39214, 26549, 34631, 52754, 92579, 100122, 330, 76149, 7053]"
113954,"[93055, 109774, 78100, 20488, 897, 8408, 37484, 90795, 86096, 45578]"
113955,"[48299, 104367, 103332, 94416, 5525, 26595, 39634, 105895, 68887, 46208]"
113956,"[89599, 88335, 8320, 49881, 17582, 99541, 91049, 85931, 103911, 30931]"
113957,"[15059, 53337, 79170, 11417, 60415, 91549, 44761, 62615, 82389, 18811]"
113958,"[41432, 13300, 95391, 26310, 62394, 53213, 49484, 107208, 105918, 90565]"
113959,"[105354, 91539, 9422, 67640, 46352, 66128, 28578, 15478, 108092, 47533]"
113960,"[71242, 3733, 102376, 8907, 108523, 89214, 88958, 9363, 34063, 62965]"
113961,"[40568, 23307, 66159, 80886, 32366, 78489, 20326, 25407, 61115, 93613]"
113962,"[69643, 47756, 78541, 104877, 76793, 108187, 20411, 70246, 33562, 48153]"
113963,"[28817, 104796, 77326, 76596, 96955, 58307, 24865, 90578, 25843, 19891]"
113964,"[101166, 6408, 106697, 45312, 79315, 13621, 10499, 23995, 46731, 50259]"
113965,"[54857, 70043, 109408, 44001, 10466, 57383, 99679, 72393, 108731, 19122]"
113966,"[54161, 73679, 73049, 24619, 42051, 50047, 54035, 57852, 27190, 78964]"
113967,"[49781, 84903, 60065, 90762, 66507, 59472, 8579, 58629, 2744, 101023]"
113968,"[46436, 4553, 7197, 24490, 64249, 42087, 65711, 68662, 22960, 57117]"
113969,"[24446, 93796, 22236, 53814, 108909, 14669, 22421, 14186, 97406, 41692]"
113970,"[99845, 101568, 83747, 14111, 29616, 6571, 28862, 39224, 42864, 90683]"
113971,"[99292, 9933, 54869, 89210, 70259, 54370, 101787, 96891, 28290, 28931]"
113972,"[101883, 25885, 80674, 108487, 95984, 12413, 36158, 14477, 24119, 67069]"
113973,"[67704, 54422, 19644, 31625, 30578, 85950, 40313, 46989, 41956, 57826]"
113974,"[64927, 83528, 35214, 104548, 67039, 92673, 46125, 59010, 41628, 33650]"
113975,"[13081, 4448, 13843, 108916, 10041, 7111, 83694, 4272, 68029, 106699]"
113976,"[77440, 69132, 10895, 102160, 102590, 53761, 22410, 39902, 52089, 99440]"
113977,"[44668, 8295, 32024, 1254, 35549, 80113, 100132, 16818, 41174, 105120]"
113978,"[91098, 91348, 63318, 37372, 7900, 72241, 43954, 74573, 5547, 58188]"
113979,"[77635, 90045, 82082, 43936, 20544, 38960, 16111, 389, 47448, 1975]"
113980,"[90623, 39285, 75130, 19868, 107183, 28349, 28756, 33731, 43399, 67308]"
113981,"[57271, 21544, 14638, 33159, 77193, 24517, 6399, 24858, 50298, 35212]"
113982,"[95610, 11704, 44436, 1987, 23843, 92233, 84676, 104872, 23677, 9198]"
113983,"[81603, 43583, 72466, 71081, 79065, 66645, 65661, 87389, 21794, 98159]"
113984,"[49608, 65524, 97971, 12856, 75020, 95485, 6039, 4358, 43067, 53116]"
113985,"[77670, 79407, 3807, 62580, 37964, 71950, 41680, 107976, 21308, 48815]"
113986,"[70769, 38186, 29609, 9763, 41038, 4565, 11121, 101467, 89021, 37507]"
113987,"[94844, 31717, 8849, 32222, 4908, 29169, 107527, 88650, 97183, 106444]"
113988,"[25750, 93091, 32800, 41054, 13369, 8, 47126, 100882, 106833, 8284]"
113989,"[49256, 16553, 10914, 39387, 100125, 98222, 63451, 46429, 60220, 101069]"
113990,"[4147, 41838, 103501, 37682, 84168, 71600, 2204, 83881, 33332, 7863]"
113991,"[12005, 73668, 11688, 21353, 107527, 105865, 105388, 40710, 76798, 94844]"
113992,"[60447, 29869, 311, 7398, 83137, 105280, 56100, 2381, 39668, 1207]"
113993,"[93915, 9429, 108518, 102925, 12953, 1438, 50105, 95920, 2476, 81624]"
113994,"[289, 47139, 39742, 34536, 27269, 67025, 34744, 49298, 3943, 85991]"
113995,"[61521, 64577, 69938, 1410, 70380, 70283, 30853, 23411, 45238, 40410]"
113996,"[31943, 75130, 7876, 75776, 103437, 66412, 45532, 43628, 17165, 66298]"
113997,"[58038, 44220, 14095, 24132, 39176, 17495, 33789, 95922, 48758, 22676]"
113998,"[76846, 96308, 99288, 85633, 36225, 81172, 68360, 67445, 1721, 93419]"
113999,"[32922, 57753, 11265, 53968, 58754, 82898, 37133, 69995, 6848, 41859]"
114000,"[50083, 97893, 63555, 103421, 82163, 36434, 90697, 11898, 6452, 9467]"
114001,"[106705, 9572, 71175, 70615, 41737, 26693, 56955, 55202, 27888, 11616]"
114002,"[16732, 24376, 104741, 85095, 9334, 65542, 67474, 8379, 95359, 102462]"
114003,"[11746, 56200, 82023, 63650, 15771, 82606, 59239, 69440, 11602, 16097]"
114004,"[85918, 97500, 14140, 75127, 105099, 828, 97372, 6558, 107943, 18476]"
114005,"[102762, 98389, 44981, 33381, 97760, 54196, 53689, 74522, 14375, 97]"
114006,"[91719, 64682, 48781, 12443, 73820, 50255, 39293, 22417, 33416, 63397]"
114007,"[59600, 83616, 94069, 87820, 15110, 40763, 57808, 36258, 85011, 48054]"
114008,"[39146, 41312, 94354, 40703, 57009, 97564, 61831, 37971, 36352, 16861]"
114009,"[71788, 92281, 96928, 14239, 47577, 70508, 7068, 24365, 68883, 48779]"
114010,"[104684, 107207, 57216, 7549, 97303, 52551, 103456, 65687, 45329, 74110]"
114011,"[90210, 95432, 14668, 16654, 108148, 10276, 77681, 47726, 3580, 33906]"
114012,"[82383, 92718, 100510, 11036, 67365, 89678, 46926, 39700, 82841, 53977]"
114013,"[96753, 42446, 38028, 29104, 62971, 106670, 54372, 27298, 64536, 88347]"
114014,"[60290, 57626, 4879, 46645, 101793, 5864, 105409, 87562, 42899, 4235]"
114015,"[22390, 101775, 70260, 5256, 86733, 26290, 23030, 109731, 10402, 67616]"
114016,"[17574, 64726, 16930, 67815, 46255, 52319, 18889, 65073, 89102, 44245]"
114017,"[33423, 43481, 41877, 39003, 66860, 64501, 35609, 18494, 90687, 55735]"
114018,"[34388, 11476, 92526, 45083, 59733, 18202, 41297, 3920, 53071, 67171]"
114019,"[28673, 96054, 89322, 63520, 10409, 70102, 40738, 73451, 46771, 22807]"
114020,"[58359, 109018, 38576, 24495, 68093, 44039, 77257, 107416, 26293, 34241]"
114021,"[37673, 64852, 65933, 91946, 32136, 84202, 2212, 21657, 103642, 9565]"
114022,"[96536, 45576, 12569, 79210, 80638, 64449, 31904, 20112, 64856, 24266]"
114023,"[85548, 14288, 94439, 45600, 9104, 102108, 44049, 88611, 27055, 30444]"
114024,"[106346, 86503, 30939, 45765, 46958, 21606, 4396, 5729, 31274, 58259]"
114025,"[76095, 100923, 19097, 40584, 15601, 67558, 71218, 24183, 91265, 74245]"
114026,"[29778, 55467, 87857, 108791, 72516, 29256, 63539, 55609, 72253, 105746]"
114027,"[54505, 65839, 16844, 72092, 21059, 80523, 44448, 85636, 44058, 7450]"
114028,"[69753, 10174, 20648, 34049, 77416, 46259, 85509, 56828, 91692, 87156]"
114029,"[70235, 56723, 887, 65892, 38072, 100405, 88560, 92606, 74954, 73685]"
114030,"[66234, 87099, 80645, 15798, 73733, 23761, 75985, 42328, 77729, 24997]"
114031,"[53988, 94049, 105016, 84082, 36304, 53034, 27406, 30912, 2602, 38926]"
114032,"[90581, 59054, 87128, 51472, 109151, 104539, 28613, 50273, 39149, 98834]"
114033,"[37476, 102951, 51002, 12947, 27727, 37367, 51679, 40478, 37272, 76353]"
114034,"[50227, 82870, 22603, 28437, 105050, 103771, 90077, 107615, 35651, 69337]"
114035,"[32576, 1842, 58952, 50672, 67974, 50698, 31345, 12741, 66228, 3444]"
114036,"[103551, 104297, 72832, 66240, 80947, 73992, 28760, 73208, 54698, 20054]"
114037,"[84727, 84320, 85352, 58244, 84909, 29997, 93684, 3953, 71966, 7837]"
114038,"[28396, 17148, 4213, 41657, 99031, 22535, 89080, 77013, 97748, 102610]"
114039,"[61872, 5345, 81835, 42834, 80984, 55179, 69242, 4251, 33692, 25941]"
114040,"[77395, 46751, 35016, 24731, 64550, 72958, 17579, 82339, 101222, 9393]"
114041,"[41515, 20864, 106364, 43568, 78903, 86897, 86916, 59894, 72363, 87976]"
114042,"[70493, 101954, 88022, 90648, 60862, 109127, 28463, 36715, 51268, 14309]"
114043,"[47968, 71654, 16083, 86352, 72858, 72161, 86682, 78850, 51215, 109169]"
114044,"[104387, 101430, 54634, 91630, 98499, 15660, 57854, 8783, 40753, 50367]"
114045,"[49742, 8884, 57116, 1546, 38502, 8967, 58917, 98831, 47994, 37164]"
114046,"[19226, 53391, 29026, 24172, 93905, 58481, 21398, 24135, 72881, 93204]"
114047,"[100545, 97172, 5624, 32946, 95096, 72627, 96460, 18445, 95949, 50357]"
114048,"[80655, 30493, 18947, 23817, 77844, 91622, 68331, 42150, 84323, 61535]"
114049,"[76539, 59898, 61924, 32026, 36522, 84760, 87860, 70398, 30220, 19754]"
114050,"[76149, 93186, 36216, 8708, 90661, 86319, 70913, 27452, 91745, 92593]"
114051,"[108876, 60826, 80319, 98839, 103457, 10688, 22013, 52647, 96371, 38132]"
114052,"[42198, 32617, 82297, 59764, 83772, 77958, 38678, 37546, 80366, 47551]"
114053,"[23225, 4786, 7586, 97671, 31416, 14586, 60687, 47289, 27677, 109065]"
114054,"[15761, 7617, 47301, 103140, 54664, 24183, 35023, 21080, 87398, 94443]"
114055,"[49096, 53710, 30529, 63792, 79886, 79880, 91303, 96544, 34037, 51577]"
114056,"[81625, 11474, 89306, 51663, 99864, 73344, 43237, 12862, 88771, 95094]"
114057,"[61491, 13656, 97868, 107152, 67306, 13504, 10262, 11206, 21959, 92903]"
114058,"[84248, 103855, 28060, 87876, 60035, 129, 54417, 28643, 30046, 66357]"
114059,"[93499, 78308, 101057, 106460, 52264, 104509, 88120, 40347, 98095, 66059]"
114060,"[24435, 32390, 14955, 32921, 58774, 3001, 59915, 5865, 12275, 90189]"
114061,"[46366, 12561, 41672, 88024, 105810, 14482, 46991, 54984, 11016, 76121]"
114062,"[104784, 64620, 14827, 23975, 75987, 36894, 43347, 66248, 100985, 51544]"
114063,"[57541, 4483, 22169, 78464, 89061, 90883, 42321, 32634, 25850, 106334]"
114064,"[80089, 33892, 13585, 27986, 92140, 83363, 30420, 65945, 58139, 97054]"
114065,"[72430, 73265, 68516, 98976, 13080, 58568, 43083, 14891, 63402, 68713]"
114066,"[61878, 22087, 28985, 18385, 26194, 13744, 81641, 17552, 59162, 64059]"
114067,"[93695, 35224, 49574, 75478, 78765, 28974, 21001, 45611, 34650, 68330]"
114068,"[7139, 22341, 84686, 20628, 12412, 68998, 69620, 100847, 11451, 100503]"
114069,"[95458, 17930, 12802, 51443, 83173, 9089, 98903, 2409, 87236, 34415]"
114070,"[7168, 34294, 77738, 47306, 84940, 22430, 107483, 100516, 29473, 62910]"
114071,"[92650, 62695, 3984, 105870, 38170, 42395, 29021, 45080, 57237, 17139]"
114072,"[7807, 53848, 81789, 102981, 60720, 63705, 56679, 42521, 43030, 33407]"
114073,"[91235, 102412, 10535, 24303, 17172, 67774, 92207, 26612, 14262, 53645]"
114074,"[75155, 21933, 26058, 63847, 1156, 44359, 3777, 44333, 92543, 62162]"
114075,"[41707, 12102, 40684, 51255, 3317, 72411, 86896, 63143, 62582, 11343]"
114076,"[695, 87224, 93917, 83710, 103111, 90719, 22505, 79795, 73223, 60813]"
114077,"[27833, 64562, 62956, 83221, 45895, 4559, 41448, 108377, 72967, 40726]"
114078,"[97413, 68906, 67939, 17869, 69833, 16767, 15671, 43779, 40719, 42470]"
114079,"[49502, 2906, 59354, 21972, 55383, 79726, 75374, 94394, 99144, 18012]"
114080,"[41451, 86282, 19845, 38078, 100250, 1073, 94475, 45082, 99614, 101231]"
114081,"[80378, 5877, 37367, 60776, 45874, 7786, 95052, 67019, 34524, 10958]"
114082,"[71859, 109201, 84441, 25140, 18670, 100576, 81170, 91366, 81641, 31041]"
114083,"[81487, 37230, 90719, 99102, 69184, 269, 72040, 103111, 93664, 52407]"
114084,"[10765, 11833, 87399, 36547, 89286, 89464, 17933, 104514, 54826, 52833]"
114085,"[3275, 67586, 18754, 19320, 24515, 1197, 42977, 60694, 43612, 29365]"
114086,"[24048, 34467, 4051, 91148, 50028, 32062, 109416, 79490, 10268, 14725]"
114087,"[53596, 59935, 18270, 92820, 77369, 46301, 34864, 59269, 74170, 82863]"
114088,"[103702, 41898, 79754, 74722, 76881, 109132, 71076, 60022, 87335, 106802]"
114089,"[42248, 63584, 99876, 16466, 59327, 38306, 60803, 56109, 102669, 54521]"
114090,"[5980, 107061, 20347, 3984, 27748, 54905, 48086, 2493, 51524, 42395]"
114091,"[105629, 83751, 8619, 106113, 6085, 100071, 93089, 91935, 78936, 82371]"
114092,"[15926, 35488, 60253, 51990, 14442, 52847, 18803, 8991, 102776, 57442]"
114093,"[75489, 39950, 60721, 59590, 1694, 93361, 89548, 23607, 94610, 83421]"
114094,"[2752, 14386, 30812, 84771, 36307, 58632, 28849, 30584, 11381, 9501]"
114095,"[15395, 93916, 59830, 106376, 73651, 89095, 98850, 89697, 70219, 72667]"
114096,"[96899, 16163, 22600, 51742, 40148, 97384, 32286, 70354, 49273, 7840]"
114097,"[67662, 41621, 92564, 62683, 38675, 19073, 84773, 63209, 5430, 10028]"
114098,"[88909, 58809, 36180, 59964, 88372, 1850, 22158, 3940, 66347, 38381]"
114099,"[31290, 94419, 106945, 29007, 52559, 9243, 27225, 73583, 44657, 58436]"
114100,"[55618, 4601, 57557, 40332, 51923, 6906, 99707, 47926, 47716, 68835]"
114101,"[88702, 2292, 45385, 75004, 24676, 84007, 14320, 93445, 17117, 77045]"
114102,"[9836, 2096, 89280, 3272, 83457, 15690, 51635, 11676, 23168, 85237]"
114103,"[72805, 101892, 8661, 87415, 12440, 32994, 8177, 26315, 19703, 41343]"
114104,"[28862, 52770, 39651, 82494, 42864, 29616, 48200, 107866, 99742, 43784]"
114105,"[73499, 47273, 79675, 23940, 60178, 88859, 52454, 65538, 13633, 9941]"
114106,"[94144, 88730, 54664, 4878, 49496, 33352, 49295, 713, 57683, 20709]"
114107,"[63780, 105892, 2170, 78809, 88684, 93887, 37653, 87448, 85455, 86522]"
114108,"[70246, 61967, 50267, 95398, 19458, 49976, 21068, 99205, 43254, 77972]"
114109,"[89602, 23553, 95637, 71922, 35532, 83023, 13642, 19045, 107631, 103680]"
114110,"[58458, 80627, 93317, 84796, 106408, 41828, 26798, 93910, 51645, 39241]"
114111,"[67197, 38537, 55578, 34221, 91038, 61858, 28787, 47501, 16145, 32407]"
114112,"[101644, 55024, 85706, 9720, 61926, 63426, 98819, 90902, 34797, 20069]"
114113,"[81975, 70673, 17882, 97217, 27528, 24058, 13223, 58607, 89806, 71467]"
114114,"[81876, 23821, 65207, 10459, 57368, 81203, 10922, 86372, 91251, 99918]"
114115,"[104384, 106263, 39640, 67116, 87787, 46379, 92819, 28169, 54278, 86655]"
114116,"[17882, 27528, 78546, 81975, 70673, 97217, 89806, 24058, 71467, 79707]"
114117,"[99549, 100339, 28238, 19923, 66765, 49164, 87888, 50752, 12002, 87628]"
114118,"[29332, 80840, 62330, 14224, 74763, 53044, 49238, 98615, 28149, 32626]"
114119,"[74375, 2750, 18483, 7118, 81947, 43498, 31895, 39647, 10483, 34204]"
114120,"[23490, 6611, 77197, 11429, 58482, 71581, 13715, 91967, 85520, 1545]"
114121,"[75968, 91821, 55651, 13729, 73460, 33433, 61307, 79207, 53247, 64496]"
114122,"[84618, 13232, 62587, 48515, 41399, 7631, 2681, 6895, 101561, 22195]"
114123,"[13855, 85871, 28579, 37962, 53316, 103878, 30991, 37661, 44508, 61004]"
114124,"[11901, 84, 102884, 64149, 101117, 55577, 40162, 35246, 84183, 72170]"
114125,"[28593, 84878, 17407, 74342, 29525, 73768, 74270, 6346, 38861, 28330]"
114126,"[92420, 22113, 26220, 98906, 21689, 101373, 15789, 79278, 11448, 35945]"
114127,"[79272, 109119, 41031, 75671, 106712, 36925, 30015, 35688, 63135, 16228]"
114128,"[78037, 6129, 328, 52144, 7461, 6999, 65297, 36832, 49730, 44767]"
114129,"[59191, 95875, 43483, 13001, 67887, 46092, 1665, 45592, 59020, 32927]"
114130,"[9611, 33180, 66857, 97696, 17908, 87515, 29119, 14941, 3331, 48327]"
114131,"[63294, 89956, 96092, 92488, 29818, 5611, 58284, 75642, 39126, 72791]"
114132,"[80047, 52599, 8166, 10680, 80586, 5326, 3539, 56095, 92730, 78308]"
114133,"[11190, 46227, 88682, 94019, 9720, 57316, 14164, 38281, 42807, 13713]"
114134,"[86348, 88672, 65507, 21020, 81956, 100983, 30666, 65309, 47858, 18762]"
114135,"[52847, 15926, 18803, 13817, 57442, 104704, 35488, 51990, 71600, 14442]"
114136,"[47750, 27982, 13884, 97475, 51712, 99654, 50932, 57946, 28360, 14587]"
114137,"[60593, 80836, 13057, 20973, 23966, 104953, 28001, 22100, 4397, 56015]"
114138,"[14866, 4533, 35065, 35778, 60215, 14671, 89555, 33939, 8870, 59558]"
114139,"[91911, 26655, 18239, 45993, 2094, 24080, 89483, 9583, 90013, 85298]"
114140,"[89428, 52838, 52678, 384, 36618, 88458, 47982, 14104, 26161, 28380]"
114141,"[25654, 63746, 15025, 58778, 32795, 63981, 102942, 69600, 84977, 206]"
114142,"[46639, 22427, 106164, 15967, 57773, 105876, 36182, 45492, 97103, 24053]"
114143,"[79468, 36214, 93000, 106575, 9004, 78704, 3859, 54655, 4629, 45212]"
114144,"[11482, 31953, 108812, 79428, 79460, 48765, 108126, 73853, 83087, 51617]"
114145,"[35379, 53124, 31317, 26806, 1087, 62750, 40390, 39108, 88317, 2123]"
114146,"[81556, 38442, 71944, 89829, 17587, 65735, 37039, 36187, 107254, 63263]"
114147,"[47880, 3281, 24956, 85615, 76251, 68479, 35719, 17689, 75192, 102284]"
114148,"[97624, 75413, 11484, 101680, 94781, 69216, 65185, 6603, 6842, 66624]"
114149,"[46182, 66941, 84481, 102062, 56511, 94803, 9503, 108965, 78922, 86410]"
114150,"[62785, 12799, 6540, 28741, 54402, 19460, 74639, 63533, 5835, 11009]"
114151,"[29869, 60447, 311, 101895, 39668, 70135, 83137, 105280, 90061, 13543]"
114152,"[96636, 11341, 498, 48147, 51257, 67530, 59788, 43723, 51570, 66528]"
114153,"[867, 100675, 90162, 107116, 58127, 41132, 35129, 10473, 41123, 39138]"
114154,"[49786, 80642, 12315, 97370, 69127, 12679, 20828, 3808, 78120, 14567]"
114155,"[29015, 51909, 40713, 59703, 25034, 97936, 67917, 84678, 45159, 62322]"
114156,"[46918, 45056, 85902, 58254, 89242, 69916, 6246, 42303, 94868, 61390]"
114157,"[45665, 8249, 92949, 4013, 56204, 94410, 66327, 66571, 20573, 41742]"
114158,"[16215, 59335, 94604, 2391, 83546, 65687, 12342, 107203, 7974, 11715]"
114159,"[56460, 2935, 69577, 56365, 74305, 99266, 99866, 42634, 37045, 82220]"
114160,"[77612, 5271, 78725, 102930, 65468, 60296, 60816, 31615, 11665, 50640]"
114161,"[85405, 67412, 92087, 3695, 40361, 40521, 69827, 30563, 22139, 73243]"
114162,"[65371, 65475, 90423, 103542, 80178, 81220, 8672, 51961, 92399, 46296]"
114163,"[78776, 42600, 86351, 90759, 100298, 20012, 57931, 94047, 70612, 32634]"
114164,"[41412, 104792, 55101, 50249, 39749, 39112, 22817, 6485, 21712, 55160]"
114165,"[101027, 82316, 51865, 4145, 62395, 63181, 79896, 66723, 81419, 76506]"
114166,"[87829, 4459, 20934, 81195, 63295, 11060, 40272, 94231, 76813, 19276]"
114167,"[28827, 13332, 14082, 27742, 100715, 81127, 82905, 20831, 82290, 93414]"
114168,"[29858, 29993, 31897, 13569, 73445, 105095, 75207, 65093, 18801, 76900]"
114169,"[28596, 46059, 4749, 75267, 15442, 70286, 94086, 30121, 139, 108349]"
114170,"[97571, 30164, 63357, 51090, 3987, 68538, 9636, 75500, 101666, 105089]"
114171,"[3307, 59862, 7202, 15689, 62789, 23114, 41114, 62065, 614, 63725]"
114172,"[18237, 71932, 89768, 39050, 109432, 18623, 108636, 51841, 67051, 60142]"
114173,"[28282, 50612, 24116, 39362, 19906, 54627, 50809, 8436, 25193, 10919]"
114174,"[34495, 8180, 22854, 86037, 52842, 42151, 5376, 105987, 106393, 39459]"
114175,"[98548, 20734, 11472, 90269, 772, 61488, 38514, 25347, 51127, 37676]"
114176,"[7950, 93135, 17892, 33898, 58018, 8824, 291, 63035, 101970, 103835]"
114177,"[60497, 21594, 101094, 40397, 11288, 86593, 8885, 12844, 39011, 100095]"
114178,"[70862, 80023, 84698, 16809, 44536, 68055, 23646, 3814, 107766, 55619]"
114179,"[85164, 79966, 29300, 105073, 54375, 52710, 68553, 32685, 28935, 103742]"
114180,"[14092, 59464, 8253, 107267, 52691, 19954, 58235, 18536, 66656, 52805]"
114181,"[48858, 56041, 73945, 57819, 32705, 93712, 58103, 14321, 60628, 14620]"
114182,"[5518, 102302, 3028, 282, 90614, 38250, 76825, 8649, 62540, 69209]"
114183,"[37507, 101467, 38186, 29609, 41038, 70769, 4565, 89021, 11121, 2279]"
114184,"[72165, 13251, 6599, 95854, 32270, 81801, 80565, 83630, 55849, 55010]"
114185,"[46281, 36567, 27628, 29578, 33539, 82722, 62546, 96707, 34161, 57397]"
114186,"[36594, 106840, 82141, 62883, 84311, 64252, 43642, 65686, 92234, 104660]"
114187,"[87293, 43243, 91034, 80233, 100415, 7018, 27598, 13269, 97572, 66163]"
114188,"[85667, 59993, 99118, 104199, 54157, 79574, 67865, 64587, 84097, 74149]"
114189,"[34799, 101487, 82683, 69892, 20058, 74416, 70713, 12683, 76547, 102464]"
114190,"[71790, 60232, 88209, 90489, 30542, 48514, 38581, 101426, 44568, 74850]"
114191,"[86046, 7899, 100732, 15967, 76185, 13500, 109650, 85465, 53809, 75069]"
114192,"[52291, 98668, 7982, 27082, 103364, 33856, 25253, 16983, 52372, 19177]"
114193,"[71408, 71829, 24873, 52771, 27666, 105633, 62996, 51124, 93252, 76632]"
114194,"[82039, 84780, 76667, 105316, 71267, 51196, 16858, 39947, 72381, 52249]"
114195,"[76435, 47688, 5522, 40197, 25533, 45490, 96138, 33011, 86007, 30587]"
114196,"[107361, 27439, 91823, 96943, 59346, 69252, 20037, 6763, 4514, 103543]"
114197,"[12546, 8748, 76154, 64596, 92092, 43301, 73355, 107612, 56347, 40214]"
114198,"[60258, 54081, 105256, 296, 80337, 72785, 21041, 44717, 77990, 75803]"
114199,"[44002, 55463, 83098, 26481, 103536, 48522, 54461, 76344, 93654, 73758]"
114200,"[26566, 20781, 64814, 83884, 108763, 10649, 26763, 25223, 107167, 70047]"
114201,"[32360, 45530, 95287, 7255, 15775, 30722, 82707, 25717, 52232, 3141]"
114202,"[54345, 88459, 12510, 48826, 23942, 58217, 102767, 104057, 20819, 89572]"
114203,"[50197, 107571, 28011, 51304, 54249, 18346, 104225, 56680, 93973, 2023]"
114204,"[93381, 349, 88896, 109191, 23236, 95408, 78615, 72092, 42493, 24586]"
114205,"[102029, 29109, 46637, 107870, 98478, 56491, 99983, 68190, 69736, 93334]"
114206,"[96347, 15985, 55993, 54162, 22208, 7793, 83264, 84629, 57987, 1804]"
114207,"[75398, 52874, 1449, 14854, 45043, 11712, 88961, 5612, 94987, 77103]"
114208,"[36222, 11079, 49673, 12837, 100148, 70627, 25572, 96596, 62977, 64353]"
114209,"[15316, 52606, 8521, 45811, 85802, 46073, 86460, 71229, 19259, 87123]"
114210,"[102459, 46713, 562, 29724, 101247, 26139, 5947, 37543, 10306, 15889]"
114211,"[47976, 95992, 22694, 107865, 39102, 72071, 89099, 89343, 47805, 44927]"
114212,"[5054, 71782, 89713, 106117, 106918, 32607, 47632, 42793, 107460, 85803]"
114213,"[82250, 78265, 73382, 33317, 2521, 27997, 46522, 19958, 40639, 5637]"
114214,"[22035, 68812, 49153, 78508, 14201, 92636, 43691, 42531, 70632, 39057]"
114215,"[1436, 92047, 30814, 29319, 104058, 81492, 70687, 31051, 94663, 97945]"
114216,"[86833, 84715, 25586, 32722, 10254, 64306, 46062, 74209, 62195, 34670]"
114217,"[107680, 19467, 96060, 53997, 104464, 65528, 66257, 55998, 106181, 19283]"
114218,"[32433, 2443, 20302, 40748, 45027, 75890, 109755, 16175, 17053, 97558]"
114219,"[94432, 53269, 16916, 20678, 19061, 80350, 60201, 86500, 51757, 86594]"
114220,"[53807, 94251, 41237, 74737, 77227, 55859, 101133, 29177, 71024, 86508]"
114221,"[107856, 99246, 108969, 95375, 22945, 93827, 6595, 75696, 83911, 47871]"
114222,"[41012, 102189, 63166, 77071, 63590, 79125, 103161, 32925, 52040, 103810]"
114223,"[31370, 52404, 79958, 68096, 105654, 102614, 96328, 1138, 69553, 35065]"
114224,"[48020, 54911, 20999, 50721, 71608, 46967, 9984, 60630, 100562, 105973]"
114225,"[38104, 58449, 43768, 71998, 61670, 33808, 58419, 57567, 49955, 44201]"
114226,"[29198, 9418, 10072, 60189, 80618, 1373, 67268, 43674, 69591, 35073]"
114227,"[10457, 45281, 109600, 91727, 37928, 50466, 21081, 93802, 88997, 58072]"
114228,"[18374, 106251, 76171, 94734, 44218, 104355, 8467, 65226, 334, 82605]"
114229,"[60559, 66393, 11942, 42714, 38398, 57013, 73843, 24521, 56109, 55379]"
114230,"[78814, 23783, 61850, 82888, 36351, 12395, 11759, 85115, 108982, 97122]"
114231,"[27769, 87534, 3444, 8483, 1842, 81933, 74678, 50698, 68153, 19587]"
114232,"[20585, 22561, 95979, 73255, 102821, 13504, 33956, 79005, 90042, 26436]"
114233,"[85522, 56496, 15408, 55562, 52644, 66301, 108912, 66418, 51221, 9301]"
114234,"[71069, 2691, 61159, 7489, 5287, 57649, 47994, 2155, 96708, 73452]"
114235,"[21672, 88748, 96715, 64644, 1972, 31913, 14933, 97621, 25638, 108844]"
114236,"[10131, 15355, 68810, 1547, 20710, 33313, 60380, 56059, 97895, 94961]"
114237,"[85939, 90310, 106369, 43031, 31494, 75837, 61786, 13311, 74448, 87885]"
114238,"[38562, 77990, 68527, 53452, 21041, 53140, 81368, 64007, 29242, 86871]"
114239,"[40587, 29537, 25859, 82344, 15123, 14689, 18689, 81161, 39068, 38632]"
114240,"[100001, 32000, 98947, 82460, 106293, 74778, 1426, 17086, 14084, 83771]"
114241,"[77029, 55263, 66285, 105575, 88522, 98249, 8789, 92722, 72590, 56093]"
114242,"[108825, 21401, 38606, 788, 105624, 84139, 76195, 106283, 87622, 48371]"
114243,"[102399, 80237, 35422, 42352, 43046, 26715, 20593, 20773, 88169, 39862]"
114244,"[109219, 62205, 12858, 15380, 12712, 31246, 41830, 44398, 44127, 103439]"
114245,"[25944, 64737, 65223, 48048, 12634, 69884, 65046, 80131, 32809, 89189]"
114246,"[43329, 44750, 16144, 51184, 37077, 38517, 85435, 6186, 31715, 5747]"
114247,"[89392, 70216, 109109, 92907, 37369, 106134, 72078, 6612, 40192, 70237]"
114248,"[73443, 35896, 1694, 29938, 48832, 1245, 91384, 78697, 59590, 12266]"
114249,"[85626, 61654, 57545, 55972, 107989, 98119, 29714, 37228, 30568, 32002]"
114250,"[38422, 57656, 72111, 12520, 25519, 38241, 10088, 29325, 28180, 31795]"
114251,"[33064, 17389, 29728, 4748, 86361, 25452, 53387, 7110, 42020, 84852]"
114252,"[43118, 90524, 85662, 42435, 38230, 105041, 82084, 85089, 106246, 72244]"
114253,"[23480, 39870, 17915, 18021, 88824, 51892, 13996, 13117, 59977, 72117]"
114254,"[66443, 92669, 38330, 91473, 88360, 37266, 63968, 51583, 2991, 53703]"
114255,"[53676, 29265, 33201, 106477, 100643, 16793, 98360, 92095, 87038, 77891]"
114256,"[43332, 98813, 18206, 49686, 72589, 45968, 61368, 55117, 12165, 81842]"
114257,"[16673, 60207, 85810, 96732, 77550, 38236, 103259, 64073, 81889, 48501]"
114258,"[54186, 10024, 94586, 36992, 45038, 106117, 98033, 82036, 8301, 65491]"
114259,"[72232, 42145, 14240, 52841, 74397, 1690, 97465, 208, 67317, 59399]"
114260,"[103364, 25253, 16983, 19177, 96794, 3776, 22647, 33856, 81152, 98668]"
114261,"[102443, 33436, 27972, 10965, 9028, 50928, 84476, 84192, 61605, 47089]"
114262,"[12701, 94383, 22950, 19523, 32450, 84021, 78650, 56986, 24592, 86428]"
114263,"[7131, 33923, 22152, 88339, 58849, 60878, 95916, 44495, 29159, 3426]"
114264,"[60109, 39638, 93696, 75925, 88079, 93352, 74898, 40443, 60867, 22565]"
114265,"[109100, 83901, 3027, 29513, 44527, 78075, 73879, 99268, 51651, 45363]"
114266,"[12509, 4109, 99447, 64397, 796, 2040, 43543, 7393, 7680, 92614]"
114267,"[14565, 24658, 67977, 4404, 59717, 36850, 67818, 33399, 1218, 95258]"
114268,"[9201, 39661, 46452, 42873, 28179, 3040, 21983, 82709, 67158, 24866]"
114269,"[83598, 8131, 42194, 16657, 4558, 51889, 99303, 87829, 68615, 69248]"
114270,"[84888, 35999, 12139, 76179, 71111, 99780, 78222, 81923, 106513, 52768]"
114271,"[16009, 73444, 79371, 105966, 31952, 38416, 94686, 47368, 57813, 98087]"
114272,"[18424, 1788, 55075, 12440, 9548, 74236, 106726, 49998, 72805, 101358]"
114273,"[53933, 96755, 91274, 28310, 41886, 71843, 63706, 68263, 16011, 17713]"
114274,"[71905, 104412, 44637, 78197, 80355, 107672, 89968, 76579, 201, 32335]"
114275,"[12748, 84514, 101421, 16505, 67950, 55162, 36366, 31861, 105757, 47112]"
114276,"[83929, 63534, 63379, 29926, 2270, 7991, 23850, 29666, 16525, 72617]"
114277,"[71131, 21686, 13244, 69596, 30015, 35688, 93243, 10937, 106022, 58008]"
114278,"[60481, 31721, 29945, 97434, 49483, 66509, 16476, 67809, 1452, 38909]"
114279,"[26152, 48575, 61783, 79528, 15666, 109702, 68056, 11958, 35524, 88885]"
114280,"[921, 18831, 92071, 55126, 86440, 37289, 75076, 72830, 29490, 98778]"
114281,"[36384, 87953, 37742, 48598, 16535, 93879, 28797, 82965, 16954, 56856]"
114282,"[54676, 95932, 98096, 7270, 21105, 11176, 65481, 104629, 38437, 18001]"
114283,"[93710, 97568, 15345, 109319, 98128, 52756, 57389, 72283, 92286, 42497]"
114284,"[108430, 69957, 32016, 78591, 73015, 86884, 70552, 48897, 50829, 95907]"
114285,"[95319, 86824, 8739, 6053, 56930, 101919, 50827, 107754, 68826, 3015]"
114286,"[89304, 59586, 16812, 67600, 6307, 67487, 25458, 18067, 36049, 97601]"
114287,"[104449, 102632, 79713, 76601, 423, 23669, 39944, 8757, 72670, 80423]"
114288,"[79102, 43969, 12889, 52544, 18616, 109041, 88002, 37929, 29541, 106328]"
114289,"[88327, 64797, 95058, 33138, 102019, 21107, 61265, 69203, 97776, 47580]"
114290,"[81104, 65087, 78123, 76055, 5333, 34772, 58410, 64548, 53152, 90278]"
114291,"[104520, 13899, 63008, 58678, 99503, 41034, 42843, 38607, 41925, 48408]"
114292,"[105664, 79000, 30492, 11795, 38101, 96209, 91451, 92219, 86861, 95642]"
114293,"[56871, 97682, 95940, 102428, 102042, 77641, 2514, 107602, 53811, 43635]"
114294,"[60565, 33721, 87840, 45403, 45341, 76051, 74280, 51764, 52122, 109632]"
114295,"[105417, 15669, 91783, 43084, 63317, 42684, 12083, 15622, 95749, 96988]"
114296,"[34862, 91406, 14853, 77786, 50718, 19783, 46796, 2019, 89732, 17216]"
114297,"[44677, 55867, 101281, 5292, 79470, 101863, 66780, 28690, 61863, 83889]"
114298,"[88131, 62655, 107867, 28107, 41105, 71663, 85421, 39141, 15185, 12798]"
114299,"[27818, 113, 25752, 31658, 55117, 55727, 78503, 66738, 66489, 9944]"
114300,"[81540, 98748, 31950, 12788, 66659, 25393, 40279, 23466, 40960, 3702]"
114301,"[15363, 53838, 50050, 50500, 31575, 106018, 5684, 61861, 4662, 36846]"
114302,"[37377, 81561, 103522, 84245, 18920, 53973, 103937, 10576, 60926, 94742]"
114303,"[67423, 106634, 52323, 104207, 97243, 89272, 74295, 96972, 57257, 45949]"
114304,"[84675, 25683, 14224, 56590, 48245, 43583, 109673, 18301, 80840, 45641]"
114305,"[63715, 59920, 21135, 39441, 19934, 57453, 66192, 47564, 43299, 28879]"
114306,"[18955, 35910, 35952, 81442, 56803, 25976, 35024, 24491, 29654, 15356]"
114307,"[74775, 47814, 42429, 90548, 48283, 77383, 3202, 84233, 66463, 47243]"
114308,"[17605, 88705, 39991, 72314, 67037, 44488, 57610, 19800, 103117, 83470]"
114309,"[4656, 42690, 32143, 92891, 104918, 64311, 86069, 91254, 55137, 32878]"
114310,"[5036, 66992, 105405, 59571, 60520, 86490, 89183, 2672, 3422, 76574]"
114311,"[68991, 13721, 39100, 62256, 89171, 32584, 87814, 75179, 27064, 71696]"
114312,"[101797, 88984, 89382, 16577, 10387, 61727, 16316, 30696, 97072, 53470]"
114313,"[43522, 70363, 88106, 10674, 63186, 37427, 103607, 57071, 24593, 73618]"
114314,"[87472, 52889, 65338, 94388, 49115, 19012, 12262, 78577, 218, 80285]"
114315,"[32504, 8892, 66713, 4426, 64800, 106483, 95965, 45948, 72085, 79142]"
114316,"[75871, 103390, 62886, 22027, 65442, 42741, 86658, 35849, 107001, 82892]"
114317,"[52891, 38262, 97493, 45955, 19575, 35234, 23922, 63412, 57087, 67686]"
114318,"[63441, 90694, 38905, 1928, 109211, 50568, 105696, 94906, 6974, 108520]"
114319,"[18823, 63645, 6521, 55853, 17473, 13759, 2046, 64602, 35661, 82570]"
114320,"[100082, 30639, 44341, 23491, 54197, 85782, 273, 91906, 105675, 31962]"
114321,"[4121, 5750, 66176, 22420, 728, 51525, 102223, 67118, 34824, 81099]"
114322,"[18674, 71913, 43377, 74989, 53493, 22922, 40747, 37307, 39262, 91615]"
114323,"[98633, 64749, 799, 109247, 29644, 6268, 27323, 47627, 35113, 99568]"
114324,"[73382, 16153, 78265, 82250, 12141, 27997, 27369, 40639, 63901, 26399]"
114325,"[14967, 8045, 87208, 37852, 45873, 46768, 20523, 72064, 70589, 176]"
114326,"[10413, 87920, 9717, 105385, 97728, 103448, 79985, 54991, 94935, 34758]"
114327,"[44082, 80616, 105726, 24812, 64128, 33595, 105639, 21201, 90809, 99763]"
114328,"[61166, 86520, 95858, 81836, 89152, 71705, 17549, 28378, 44948, 41925]"
114329,"[7658, 39527, 83971, 26190, 50679, 68004, 81994, 61902, 56228, 27558]"
114330,"[57336, 88941, 43731, 1311, 60809, 23318, 38124, 40543, 51444, 1558]"
114331,"[55290, 79301, 100319, 85224, 72875, 58251, 89839, 81398, 70861, 8667]"
114332,"[52947, 65270, 95424, 73880, 109728, 94934, 101706, 75978, 16045, 56472]"
114333,"[86215, 55973, 49677, 38189, 95203, 109228, 38981, 26456, 88666, 94570]"
114334,"[55842, 49353, 3515, 34242, 7549, 57216, 46766, 31409, 98714, 91350]"
114335,"[99956, 104111, 47113, 35117, 44810, 7830, 53186, 17328, 83226, 2745]"
114336,"[26968, 36100, 23691, 27594, 37792, 107129, 90531, 38520, 44367, 1500]"
114337,"[97044, 107738, 103824, 45043, 26640, 71495, 40102, 46975, 43039, 27579]"
114338,"[30010, 10002, 27136, 90105, 94814, 14285, 80524, 55800, 11954, 65983]"
114339,"[97575, 1185, 15095, 73805, 103233, 21144, 2573, 53971, 68597, 88653]"
114340,"[80281, 17834, 60664, 26473, 1950, 11705, 27851, 26947, 12155, 5444]"
114341,"[29785, 38052, 48380, 30611, 5169, 13344, 60286, 67356, 6829, 13693]"
114342,"[1137, 59653, 43656, 63672, 84902, 65968, 35360, 55345, 69454, 66111]"
114343,"[60585, 91912, 56152, 15906, 109507, 36902, 34969, 4191, 12542, 77823]"
114344,"[57860, 89353, 59763, 73587, 93294, 91311, 17225, 102089, 19073, 81214]"
114345,"[4565, 28214, 38186, 29609, 11121, 93702, 56883, 41038, 73654, 70769]"
114346,"[42458, 17237, 3825, 3908, 46397, 73328, 22002, 93839, 30804, 2394]"
114347,"[25952, 91592, 93531, 99036, 97530, 80852, 100990, 67881, 31000, 67673]"
114348,"[36387, 11377, 22202, 89979, 28227, 107550, 102617, 45323, 10882, 8850]"
114349,"[24055, 106639, 57100, 106745, 71154, 75414, 42991, 67859, 42412, 39348]"
114350,"[99725, 66438, 65997, 31198, 5427, 56685, 72944, 89864, 97981, 54057]"
114351,"[81234, 71030, 4977, 94448, 24245, 92386, 19068, 13188, 28401, 43568]"
114352,"[95458, 98903, 12802, 83173, 51443, 32068, 17930, 39893, 79544, 41405]"
114353,"[37487, 513, 103487, 15878, 336, 26258, 90029, 94129, 39573, 82679]"
114354,"[72639, 35600, 67580, 51786, 55409, 31501, 96434, 45886, 30469, 10364]"
114355,"[3532, 61105, 85829, 92190, 14683, 76267, 58614, 41719, 74627, 84977]"
114356,"[20557, 85111, 102121, 36462, 68916, 87025, 63014, 105478, 24246, 87823]"
114357,"[39747, 88388, 63554, 10892, 55240, 69253, 17992, 7020, 103463, 104058]"
114358,"[105709, 97210, 46541, 21819, 26720, 6827, 61247, 20742, 28746, 61927]"
114359,"[55976, 103485, 23809, 5232, 94575, 85987, 19668, 74612, 99846, 66759]"
114360,"[103648, 60992, 30959, 63462, 90617, 51522, 26098, 21008, 94883, 52720]"
114361,"[91918, 48978, 22193, 64989, 70989, 38309, 41318, 103348, 13650, 16722]"
114362,"[76724, 47903, 54279, 27420, 96420, 24688, 700, 7843, 30363, 32672]"
114363,"[33029, 25856, 105369, 40862, 13728, 103630, 38137, 5138, 5398, 104812]"
114364,"[74608, 18324, 27328, 88118, 98837, 9799, 75532, 88740, 76919, 19129]"
114365,"[93615, 44459, 25478, 18317, 107641, 49470, 15542, 95935, 27739, 23505]"
114366,"[50803, 40910, 2241, 25140, 87461, 49975, 23993, 59607, 12993, 71859]"
114367,"[20587, 30765, 9062, 16889, 49475, 58424, 76848, 75118, 25404, 85336]"
114368,"[30911, 85270, 72766, 39439, 54916, 59840, 45541, 79653, 37942, 93116]"
114369,"[87458, 22068, 14605, 80693, 50303, 46819, 14830, 32940, 72316, 84336]"
114370,"[1494, 1419, 30228, 57168, 101866, 90112, 44076, 28779, 30093, 81926]"
114371,"[33251, 50536, 46843, 100646, 49597, 66484, 71160, 55525, 46509, 4572]"
114372,"[56817, 24164, 65803, 98150, 47283, 24914, 8736, 53525, 4891, 82502]"
114373,"[38093, 36102, 44252, 93001, 104198, 103181, 67364, 81009, 78569, 59511]"
114374,"[95380, 11989, 38663, 107306, 67622, 89896, 100761, 9920, 11332, 8961]"
114375,"[78453, 55913, 6904, 69234, 2729, 108217, 98501, 88264, 49928, 27744]"
114376,"[95016, 30685, 39902, 70012, 69132, 97531, 22410, 88831, 15769, 46616]"
114377,"[84607, 28688, 44702, 98535, 6844, 39575, 4316, 13105, 88883, 109427]"
114378,"[67548, 49029, 54435, 91055, 88600, 77851, 31212, 40051, 107774, 75097]"
114379,"[71541, 105986, 38180, 44217, 90006, 4446, 5171, 79847, 43545, 66995]"
114380,"[70262, 69366, 53510, 81854, 101808, 91536, 64257, 22023, 68953, 20151]"
114381,"[32151, 107657, 31853, 107113, 31792, 51921, 78306, 86500, 2822, 41806]"
114382,"[23173, 49910, 8656, 58824, 101882, 69925, 33194, 94782, 109660, 54553]"
114383,"[88874, 89817, 60138, 64650, 83116, 62633, 7140, 90681, 55704, 38745]"
114384,"[83880, 43527, 95645, 25255, 94242, 22102, 99754, 57293, 42207, 50143]"
114385,"[60027, 60115, 108244, 2916, 35173, 62989, 105786, 96908, 9429, 60475]"
114386,"[50213, 74510, 20000, 44248, 51132, 54980, 71488, 10398, 56819, 37980]"
114387,"[48266, 41411, 10369, 20759, 96914, 108480, 39224, 90683, 97396, 69893]"
114388,"[21226, 84323, 7774, 58341, 17492, 59569, 41001, 90217, 68331, 42150]"
114389,"[103210, 86523, 47920, 106518, 52096, 86795, 9242, 69274, 11347, 57756]"
114390,"[48102, 95231, 77409, 32326, 108218, 76655, 91510, 8069, 64800, 3376]"
114391,"[74007, 96860, 31735, 27286, 9766, 102482, 58635, 104282, 96233, 6624]"
114392,"[44609, 4904, 66992, 5036, 108358, 5074, 78297, 105405, 54195, 55723]"
114393,"[38428, 10596, 3439, 106818, 7121, 58375, 66542, 97873, 95368, 55394]"
114394,"[85343, 97984, 79501, 40352, 16269, 23293, 80711, 26397, 41818, 104443]"
114395,"[25411, 85323, 70484, 73306, 30870, 67043, 94310, 88159, 42131, 62482]"
114396,"[24459, 41900, 9274, 101228, 67857, 90442, 97008, 27215, 31157, 76305]"
114397,"[44185, 96989, 43434, 9398, 16080, 49908, 41683, 87639, 70019, 25158]"
114398,"[54671, 107276, 56205, 82756, 32603, 33785, 22995, 44430, 35797, 50668]"
114399,"[23537, 17953, 91839, 64026, 109388, 29682, 33328, 103640, 35533, 33266]"
114400,"[103952, 16228, 54648, 97995, 107596, 10937, 30015, 57302, 79272, 41031]"
114401,"[80856, 38268, 90767, 66830, 32825, 61246, 76694, 14992, 25615, 75035]"
114402,"[12230, 88159, 62482, 42131, 270, 6374, 67043, 27704, 54066, 75439]"
114403,"[26734, 12358, 85637, 99726, 55604, 68030, 75829, 92089, 14788, 11371]"
114404,"[56828, 103294, 16196, 34741, 108711, 109089, 31149, 23497, 16542, 28276]"
114405,"[9835, 23733, 49921, 84013, 27917, 72499, 3519, 2941, 3567, 14864]"
114406,"[105157, 30103, 46462, 93666, 86863, 107904, 23850, 9685, 42034, 29926]"
114407,"[59071, 45507, 15546, 3249, 85663, 93595, 74046, 527, 3718, 7776]"
114408,"[106059, 8755, 74561, 80014, 65193, 69213, 54251, 44987, 72977, 21914]"
114409,"[57723, 36877, 7686, 96119, 6999, 38921, 34633, 49730, 64256, 101707]"
114410,"[89818, 80647, 29038, 106848, 27412, 40358, 21467, 20719, 34806, 71679]"
114411,"[99798, 43909, 88180, 69421, 12960, 71367, 37844, 46114, 88086, 109141]"
114412,"[97672, 57645, 19658, 6101, 16935, 46413, 107322, 21829, 104922, 81902]"
114413,"[69409, 6928, 93356, 80452, 77547, 104609, 72368, 42610, 6930, 31091]"
114414,"[21477, 22590, 65435, 47916, 100720, 106821, 89867, 26724, 73369, 100596]"
114415,"[11100, 22274, 41007, 57579, 18157, 67169, 44409, 48535, 2955, 43498]"
114416,"[23595, 53392, 85955, 64078, 43094, 4679, 51363, 7975, 88357, 71402]"
114417,"[87953, 48598, 36384, 56856, 63816, 95252, 50794, 45189, 42713, 49923]"
114418,"[84941, 90206, 29243, 46032, 98940, 57159, 81884, 104638, 55971, 48911]"
114419,"[10609, 15379, 33537, 57999, 58206, 559, 21073, 62599, 29499, 101290]"
114420,"[22650, 315, 66691, 5786, 21016, 91891, 44615, 43047, 13759, 102370]"
114421,"[26287, 8076, 54507, 20349, 5871, 20244, 36630, 835, 35860, 97864]"
114422,"[50363, 9584, 2327, 101704, 22428, 6373, 52774, 30261, 90114, 419]"
114423,"[72955, 16936, 59359, 108008, 63337, 3475, 22534, 20809, 85970, 77530]"
114424,"[94573, 80968, 87732, 21314, 71789, 77333, 26478, 67500, 23749, 80161]"
114425,"[75371, 15326, 93118, 96652, 2913, 48723, 98417, 48057, 104451, 67806]"
114426,"[5757, 73978, 104382, 40157, 37344, 203, 106889, 105355, 27610, 42665]"
114427,"[5930, 73732, 94073, 47030, 84738, 75036, 11571, 61177, 1357, 41903]"
114428,"[18204, 15092, 65070, 79077, 82047, 76791, 12031, 49968, 28686, 43500]"
114429,"[69972, 31629, 10487, 52465, 72937, 56605, 49234, 2067, 29440, 68545]"
114430,"[104281, 26329, 15716, 61990, 4640, 12771, 106394, 88534, 24654, 102969]"
114431,"[106059, 8755, 63675, 74561, 80014, 65193, 54251, 44987, 21914, 85012]"
114432,"[3347, 67191, 39895, 101966, 39236, 26150, 103307, 77715, 87319, 61022]"
114433,"[80091, 14230, 105207, 38141, 41294, 62489, 71725, 44470, 79816, 88656]"
114434,"[25503, 89067, 4928, 32175, 90940, 63791, 20816, 16645, 285, 100873]"
114435,"[40, 44667, 14762, 38900, 101373, 93966, 86887, 23023, 31956, 31077]"
114436,"[71256, 30213, 32612, 45090, 96734, 24337, 96326, 89693, 52195, 56307]"
114437,"[51298, 2869, 81279, 60652, 22190, 90451, 81659, 74474, 21405, 51572]"
114438,"[54657, 84476, 84192, 102443, 47542, 33436, 27972, 9028, 4694, 10965]"
114439,"[91706, 57739, 14531, 79876, 40181, 24675, 5431, 76315, 91924, 43831]"
114440,"[47405, 2105, 49492, 63221, 26418, 13335, 53837, 92156, 83744, 11924]"
114441,"[87718, 66955, 87361, 63812, 92278, 8279, 17420, 76781, 71919, 23248]"
114442,"[3871, 59250, 46952, 75456, 21893, 73006, 30220, 12251, 92035, 35749]"
114443,"[87865, 34553, 66115, 6310, 41471, 88306, 77128, 33667, 58517, 24931]"
114444,"[81366, 29317, 49774, 106763, 104507, 60221, 101041, 60446, 96508, 100249]"
114445,"[880, 91392, 23194, 28298, 81905, 97873, 3554, 59109, 39061, 108163]"
114446,"[92283, 50359, 20524, 104996, 28104, 56385, 43056, 35184, 76187, 37127]"
114447,"[32587, 10850, 13130, 50728, 40732, 46510, 56550, 20463, 96833, 53302]"
114448,"[122, 61738, 86659, 15807, 37477, 29667, 838, 79543, 31124, 105854]"
114449,"[50637, 63229, 55569, 107734, 4364, 14826, 63327, 49040, 84970, 44255]"
114450,"[106811, 16650, 53370, 34054, 3318, 102287, 69965, 5572, 29621, 42104]"
114451,"[50405, 52304, 82150, 76026, 48685, 90450, 107472, 102922, 72787, 22474]"
114452,"[88342, 18280, 32029, 43491, 104952, 100881, 48523, 106530, 80345, 20189]"
114453,"[48487, 52375, 29463, 98186, 56602, 52514, 83042, 88173, 75724, 52686]"
114454,"[78261, 62077, 102382, 5014, 45598, 75581, 45242, 23156, 75884, 104676]"
114455,"[102091, 19525, 55472, 33129, 14866, 22928, 75348, 54736, 59217, 78762]"
114456,"[90946, 27758, 90696, 82654, 54221, 5336, 85947, 103737, 32473, 79486]"
114457,"[103560, 27498, 84298, 88548, 12829, 2735, 94158, 6122, 96404, 54791]"
114458,"[49959, 59534, 85111, 87025, 81265, 88571, 20885, 24246, 72994, 1787]"
114459,"[11825, 61587, 63744, 64166, 73162, 95959, 75265, 67250, 109247, 105290]"
114460,"[67712, 61662, 91249, 92881, 32792, 32195, 106544, 86386, 2419, 106520]"
114461,"[82161, 74912, 105904, 16939, 87216, 99199, 95594, 17134, 59286, 43513]"
114462,"[46607, 26657, 20716, 99101, 31193, 40809, 98028, 9169, 71772, 89032]"
114463,"[35413, 3382, 97709, 109768, 14439, 61766, 94240, 5743, 108514, 71432]"
114464,"[67699, 102180, 25943, 89381, 99299, 35604, 43998, 81347, 11233, 31001]"
114465,"[6358, 88445, 68784, 60187, 96678, 14938, 16796, 98859, 12944, 22260]"
114466,"[39421, 13668, 75087, 10425, 64499, 14188, 70531, 93697, 85978, 92294]"
114467,"[35006, 89166, 40495, 76490, 91624, 23770, 45813, 60384, 42958, 56141]"
114468,"[75714, 51400, 104505, 28434, 3445, 89338, 60326, 63902, 83897, 75215]"
114469,"[64771, 23512, 44848, 107531, 61970, 78802, 45300, 104405, 102736, 74162]"
114470,"[8385, 65939, 34401, 29305, 5086, 27638, 79992, 34214, 56268, 43783]"
114471,"[39633, 90931, 87117, 50534, 46312, 78601, 22944, 4053, 97802, 7663]"
114472,"[27394, 73204, 39520, 108746, 33247, 41677, 82909, 83523, 59845, 101051]"
114473,"[60930, 11329, 3356, 82682, 4929, 46613, 90550, 38555, 86589, 102155]"
114474,"[74442, 27429, 14861, 80142, 46939, 56945, 28762, 87296, 81617, 23054]"
114475,"[104930, 92924, 23382, 56608, 9492, 109685, 37719, 82925, 58270, 56837]"
114476,"[50579, 14540, 45065, 27581, 69308, 5949, 85419, 60029, 40546, 37426]"
114477,"[24585, 878, 49797, 86529, 24983, 83992, 508, 104184, 46129, 9883]"
114478,"[81576, 58283, 95039, 73942, 25912, 8190, 95073, 89499, 69310, 86445]"
114479,"[102369, 89661, 60770, 109301, 96172, 9922, 9798, 166, 17791, 106004]"
114480,"[22594, 6904, 98501, 69234, 78453, 2729, 96219, 12986, 16171, 54024]"
114481,"[32377, 63212, 1534, 51721, 76496, 21121, 74164, 4619, 62630, 52617]"
114482,"[96096, 21155, 95249, 41578, 29236, 24769, 48683, 104034, 84468, 37855]"
114483,"[23377, 29846, 83716, 12304, 63254, 9260, 10248, 103077, 29264, 776]"
114484,"[85537, 36986, 87252, 9968, 43500, 13062, 83452, 94170, 12136, 13319]"
114485,"[47005, 74252, 78201, 66147, 32671, 8983, 5079, 49570, 7758, 17150]"
114486,"[50801, 79641, 92986, 52990, 91044, 98366, 103612, 22016, 69760, 89750]"
114487,"[71505, 25224, 74131, 75611, 39316, 3715, 80960, 4354, 54907, 31447]"
114488,"[43332, 39778, 557, 38308, 99755, 80856, 41427, 14992, 98813, 86025]"
114489,"[54693, 105820, 957, 25493, 17729, 65688, 52246, 21337, 5222, 43623]"
114490,"[79494, 77931, 19758, 36159, 14114, 13099, 47144, 49400, 98718, 44880]"
114491,"[13711, 29410, 90957, 29352, 58559, 50109, 85272, 90319, 24249, 58025]"
114492,"[55683, 8790, 1413, 14005, 43993, 69480, 35048, 14580, 102877, 61140]"
114493,"[21055, 64710, 7393, 29263, 67844, 59052, 68164, 60980, 99447, 79823]"
114494,"[62056, 49416, 31907, 96270, 63461, 105230, 61524, 40101, 41912, 75580]"
114495,"[47377, 10654, 19303, 4446, 69357, 105986, 37279, 19714, 43545, 47829]"
114496,"[35602, 23418, 109490, 11438, 52512, 90060, 26322, 24011, 106304, 13473]"
114497,"[47083, 65436, 80439, 89361, 43719, 56383, 26996, 83016, 57666, 92675]"
114498,"[96594, 10795, 83874, 73561, 88121, 96731, 16687, 20726, 91341, 14231]"
114499,"[93986, 16981, 347, 103149, 62170, 65339, 23281, 65525, 91082, 20065]"
114500,"[90695, 11832, 108033, 85448, 94738, 48442, 24332, 78977, 50111, 81503]"
114501,"[105851, 8310, 557, 33908, 68764, 69003, 14992, 86025, 65422, 41647]"
114502,"[77937, 101662, 109008, 107289, 81771, 40718, 85486, 13552, 102648, 61044]"
114503,"[42934, 77771, 51420, 90502, 97619, 104002, 22140, 10895, 2642, 82970]"
114504,"[5651, 49782, 30188, 38742, 4876, 17452, 90717, 27688, 108373, 48988]"
114505,"[96581, 68425, 103427, 31307, 52799, 109124, 81621, 73989, 15560, 47207]"
114506,"[10781, 25185, 65961, 108351, 31977, 101815, 3088, 67871, 69581, 90708]"
114507,"[26950, 41017, 42647, 21165, 88496, 38835, 9588, 44063, 47917, 47164]"
114508,"[10675, 84791, 31350, 56619, 106425, 108121, 76043, 91178, 41802, 66495]"
114509,"[46111, 80293, 84437, 91727, 103606, 3739, 40046, 63833, 15813, 44923]"
114510,"[97510, 77178, 13930, 52655, 42251, 35521, 4022, 106052, 58270, 44478]"
114511,"[96201, 64474, 42099, 56521, 81949, 37616, 107815, 53304, 81355, 84862]"
114512,"[61697, 45273, 42317, 52719, 65113, 89169, 60975, 108891, 105280, 15211]"
114513,"[14518, 53779, 67464, 46799, 48936, 7956, 61463, 23923, 81276, 33364]"
114514,"[68552, 17517, 65254, 99063, 46176, 85663, 52775, 197, 74111, 105821]"
114515,"[6124, 70938, 96467, 23793, 79191, 78678, 35857, 83991, 45663, 61555]"
114516,"[35996, 36820, 31143, 88876, 33360, 11161, 31871, 54770, 103938, 72824]"
114517,"[106843, 89112, 25360, 22691, 107867, 53137, 57498, 48527, 74646, 71663]"
114518,"[8515, 55580, 89702, 83693, 2963, 48602, 93822, 45648, 33457, 18192]"
114519,"[49286, 71615, 79465, 13037, 34058, 7800, 13, 31840, 83719, 60432]"
114520,"[55905, 24222, 10802, 26527, 105645, 68646, 37889, 57821, 31285, 16516]"
114521,"[81326, 47017, 23738, 56793, 68344, 619, 11058, 6429, 57533, 97412]"
114522,"[34807, 34615, 67268, 71644, 59042, 34134, 83692, 64607, 57473, 82894]"
114523,"[76402, 1959, 92312, 106060, 45779, 31700, 58377, 52537, 4153, 82641]"
114524,"[68278, 11891, 65332, 77879, 14921, 41860, 2665, 14755, 29559, 33062]"
114525,"[102459, 26139, 101247, 59310, 15889, 94601, 82351, 37543, 5435, 8648]"
114526,"[5696, 63133, 8788, 58975, 53000, 77576, 88400, 68623, 5120, 103552]"
114527,"[103690, 24084, 99628, 13160, 71027, 98473, 81770, 7389, 52092, 97673]"
114528,"[28956, 1402, 79718, 10954, 42500, 6751, 24524, 23252, 11594, 23370]"
114529,"[16114, 103537, 40003, 103101, 74078, 53998, 92513, 104779, 90073, 19212]"
114530,"[2905, 79667, 78307, 16363, 86980, 59689, 5870, 86356, 92997, 7065]"
114531,"[28570, 8371, 53857, 89740, 106493, 82663, 77800, 74232, 79607, 31959]"
114532,"[97483, 98615, 29332, 64216, 106411, 104011, 21389, 75637, 49840, 42459]"
114533,"[83659, 55039, 91622, 55159, 92121, 6345, 5175, 4103, 58105, 63589]"
114534,"[87622, 15843, 30971, 29214, 88332, 98154, 68692, 50661, 52154, 62623]"
114535,"[62821, 103031, 67811, 16825, 98201, 76801, 48930, 9724, 24249, 44358]"
114536,"[10983, 90965, 4044, 14683, 51295, 32298, 4039, 14519, 96831, 72751]"
114537,"[37511, 87366, 59184, 104718, 2062, 106717, 90011, 53233, 19420, 98023]"
114538,"[99800, 13167, 57196, 84015, 64896, 96500, 26102, 86967, 12217, 70587]"
114539,"[58657, 11122, 6529, 39989, 16835, 75398, 25543, 50138, 47980, 62353]"
114540,"[100484, 42329, 100481, 19081, 95958, 75299, 103072, 55032, 27675, 46175]"
114541,"[26293, 71075, 53622, 2956, 107416, 58359, 30957, 69073, 86755, 61387]"
114542,"[79001, 102723, 108736, 90612, 80030, 18410, 17093, 28709, 97369, 77463]"
114543,"[29960, 35092, 11145, 20211, 74843, 60866, 98178, 16089, 51376, 105513]"
114544,"[98404, 899, 85408, 7597, 48015, 81780, 22607, 72666, 72878, 100685]"
114545,"[59439, 84028, 101287, 100883, 44277, 37972, 48309, 24136, 101763, 96673]"
114546,"[29181, 79120, 56291, 80863, 99140, 67891, 3230, 47028, 96970, 95648]"
114547,"[83941, 73603, 44393, 48943, 35229, 91769, 32641, 97185, 10674, 6278]"
114548,"[82677, 6610, 99146, 5594, 67694, 80686, 55420, 86252, 45307, 109220]"
114549,"[85161, 6912, 53324, 87017, 42363, 103299, 18008, 32192, 35486, 23642]"
114550,"[77339, 84762, 87158, 65505, 51546, 52480, 9182, 7987, 17310, 1194]"
114551,"[55148, 3389, 610, 9625, 41622, 50827, 107303, 76236, 43083, 26419]"
114552,"[73867, 1129, 11057, 7977, 22671, 2609, 109365, 105861, 86174, 30510]"
114553,"[68850, 85613, 105975, 34937, 57344, 54666, 93529, 59758, 70834, 97121]"
114554,"[19139, 59510, 4853, 39267, 93808, 71784, 106307, 8258, 100963, 99642]"
114555,"[25577, 84093, 47735, 11480, 47369, 47821, 84057, 76790, 32935, 83380]"
114556,"[57552, 109367, 85415, 104345, 21338, 87946, 10558, 100047, 25584, 79297]"
114557,"[13309, 63398, 25923, 92543, 77198, 3777, 32311, 72353, 104651, 11204]"
114558,"[32706, 62117, 11566, 84883, 3609, 42770, 66020, 87366, 35902, 5794]"
114559,"[7163, 43708, 62140, 96714, 21398, 58481, 40082, 105695, 77307, 24644]"
114560,"[83095, 2988, 71209, 3672, 8229, 25199, 41021, 3423, 106895, 26787]"
114561,"[19370, 87369, 6746, 67619, 103470, 45933, 35394, 80791, 104181, 99080]"
114562,"[88857, 96966, 53494, 67383, 42205, 66704, 86220, 50318, 107504, 55759]"
114563,"[63425, 94535, 49683, 65518, 86672, 3034, 23093, 61505, 39660, 88872]"
114564,"[77977, 93152, 10815, 82934, 56810, 70231, 90904, 83357, 51109, 93882]"
114565,"[75065, 75092, 86609, 69686, 83335, 35637, 99566, 49054, 7516, 77614]"
114566,"[102447, 90710, 64624, 67994, 102036, 103425, 41035, 105077, 52248, 58802]"
114567,"[82743, 63567, 43894, 10030, 70578, 81405, 68448, 9478, 42022, 83554]"
114568,"[82493, 26540, 97289, 67200, 83976, 35247, 26250, 20002, 77686, 69935]"
114569,"[40633, 82516, 64757, 52493, 57684, 41891, 6236, 73904, 34826, 33136]"
114570,"[67813, 14024, 72109, 46571, 18994, 104807, 64811, 4435, 43875, 8530]"
114571,"[22230, 95172, 55633, 21141, 92266, 54886, 84693, 36638, 37346, 33761]"
114572,"[33987, 48424, 40109, 95152, 22259, 40005, 14392, 823, 69569, 82067]"
114573,"[61055, 104004, 84495, 54421, 7462, 2743, 85830, 65623, 4297, 92504]"
114574,"[108930, 45738, 85515, 85760, 104606, 29519, 40758, 95175, 12536, 7346]"
114575,"[54228, 39068, 88983, 96240, 66635, 96116, 102838, 15123, 21732, 61010]"
114576,"[21263, 26306, 90816, 25831, 28523, 18372, 29494, 9342, 104133, 17880]"
114577,"[72126, 82705, 92917, 104764, 35145, 38029, 83120, 86969, 94959, 73401]"
114578,"[20502, 100132, 35549, 55801, 80113, 27984, 67424, 21369, 16818, 44668]"
114579,"[94803, 98513, 9503, 2638, 66941, 3121, 108965, 56511, 5438, 20688]"
114580,"[108213, 27775, 52744, 53439, 53856, 76113, 49261, 27187, 70539, 73911]"
114581,"[72470, 25236, 91584, 61112, 8655, 64465, 84449, 23848, 84017, 88704]"
114582,"[17534, 84724, 98815, 67429, 96729, 9871, 21124, 28776, 19356, 32194]"
114583,"[98014, 39055, 58811, 71026, 87307, 45380, 26356, 80988, 35448, 104557]"
114584,"[43568, 92386, 78903, 28401, 20864, 27563, 101732, 15866, 91522, 44776]"
114585,"[84771, 14386, 2752, 58632, 30812, 36307, 86212, 97573, 81138, 20254]"
114586,"[59347, 84281, 97114, 103343, 109236, 39462, 14724, 17447, 68730, 13115]"
114587,"[67412, 94732, 61046, 53126, 93672, 29124, 23146, 108334, 69827, 66423]"
114588,"[26875, 5214, 38799, 55854, 36976, 42561, 93052, 8732, 52022, 37191]"
114589,"[78849, 31352, 32506, 91557, 11119, 105233, 84187, 16608, 26974, 101241]"
114590,"[66543, 97120, 52431, 59040, 44607, 67722, 56252, 5100, 25023, 103970]"
114591,"[102077, 68118, 38682, 103995, 91144, 51503, 19528, 45882, 19188, 65511]"
114592,"[65371, 33413, 8672, 92399, 80178, 65475, 28007, 90423, 103542, 81220]"
114593,"[80055, 32904, 81672, 39312, 64895, 33799, 79238, 5489, 49932, 34587]"
114594,"[47268, 74023, 75879, 6329, 40830, 37865, 46377, 96427, 43971, 67467]"
114595,"[33720, 12789, 100272, 4444, 13997, 28874, 26554, 90926, 36316, 104351]"
114596,"[62465, 9709, 23247, 22039, 71549, 41981, 91310, 11236, 48208, 3288]"
114597,"[23303, 93969, 49726, 30966, 64135, 25836, 51169, 60754, 32758, 58252]"
114598,"[91217, 3386, 24792, 100994, 83163, 78974, 36803, 16405, 40376, 10510]"
114599,"[54089, 72039, 33940, 66089, 34304, 73735, 75653, 55930, 56329, 29546]"
114600,"[980, 67701, 40856, 62072, 75316, 54697, 81739, 35194, 73783, 90828]"
114601,"[41615, 31016, 19431, 64112, 63442, 663, 4495, 56156, 18818, 4397]"
114602,"[4999, 109666, 59391, 69815, 24948, 96300, 89212, 30878, 93725, 85534]"
114603,"[101338, 89544, 17224, 101574, 70650, 88308, 94428, 20609, 87780, 74980]"
114604,"[24599, 45821, 41191, 96670, 22826, 75508, 11724, 51614, 74395, 88001]"
114605,"[12200, 52653, 103539, 30416, 33081, 1824, 86340, 105547, 53829, 20322]"
114606,"[10435, 436, 61283, 59445, 101798, 18773, 4033, 72989, 106111, 91271]"
114607,"[13917, 73027, 24258, 1734, 69433, 23103, 91279, 73705, 66721, 7201]"
114608,"[48544, 66102, 81970, 6584, 22946, 88083, 38221, 107996, 74928, 102014]"
114609,"[30336, 23448, 45896, 84211, 89535, 53221, 53557, 50119, 109607, 101260]"
114610,"[76197, 14892, 53224, 15866, 101732, 57563, 64073, 102407, 58315, 71067]"
114611,"[69805, 8977, 102766, 57729, 63162, 37115, 88149, 45073, 7291, 102656]"
114612,"[17987, 39629, 16840, 26086, 46381, 108867, 60812, 565, 24839, 61050]"
114613,"[57299, 50043, 44822, 86402, 35582, 9065, 4344, 17798, 99205, 83347]"
114614,"[83799, 57054, 69191, 180, 13700, 50355, 75091, 105467, 38718, 44965]"
114615,"[60390, 43663, 80166, 32485, 57210, 46537, 70715, 97427, 52712, 59572]"
114616,"[38545, 101797, 61727, 8146, 53470, 106092, 6323, 90849, 80333, 51746]"
114617,"[95837, 8793, 55119, 96890, 71189, 102540, 44106, 83803, 12660, 92266]"
114618,"[32119, 3972, 12807, 61869, 45097, 25394, 40748, 32433, 9570, 99041]"
114619,"[76622, 78895, 83106, 96699, 10970, 55128, 14709, 37542, 34253, 72868]"
114620,"[63120, 15112, 101710, 34130, 46569, 49490, 44265, 80732, 36572, 26559]"
114621,"[30745, 8408, 91965, 35820, 69792, 4094, 90795, 34289, 83831, 54848]"
114622,"[86772, 82515, 61718, 3447, 106698, 34922, 59044, 60502, 4965, 38017]"
114623,"[91262, 36780, 49637, 42665, 75195, 99606, 58151, 15819, 106206, 109399]"
114624,"[6778, 103959, 56919, 94616, 78104, 46307, 17784, 35282, 18500, 91374]"
114625,"[89778, 46470, 42325, 44786, 64505, 84663, 99229, 23098, 33291, 109767]"
114626,"[9870, 73917, 105323, 29100, 35574, 94682, 86043, 47598, 49606, 34225]"
114627,"[62444, 94172, 10742, 78778, 30342, 55206, 26704, 105207, 4649, 14179]"
114628,"[25085, 105208, 58160, 17762, 101462, 48322, 6021, 29799, 6012, 88044]"
114629,"[105530, 61069, 56653, 88726, 12306, 20590, 92203, 66827, 61788, 17859]"
114630,"[95438, 34875, 69790, 49528, 27455, 107205, 95173, 79588, 91794, 88431]"
114631,"[62124, 5253, 23404, 33528, 84915, 16976, 77428, 89472, 72442, 75098]"
114632,"[19616, 17304, 55431, 86630, 35327, 12151, 69648, 98872, 108273, 49187]"
114633,"[101455, 32336, 1917, 52157, 52549, 36345, 17211, 48155, 33226, 49444]"
114634,"[68863, 4141, 9852, 95480, 57521, 65881, 11993, 82476, 3905, 19119]"
114635,"[76630, 21305, 17960, 68364, 87924, 97535, 24564, 70673, 25435, 102690]"
114636,"[86254, 26097, 41155, 46212, 100930, 41067, 65194, 101633, 14823, 108865]"
114637,"[76, 46975, 10090, 59073, 80235, 69651, 103265, 11350, 3577, 100807]"
114638,"[41440, 42218, 3136, 44606, 38765, 18820, 80462, 106115, 68475, 44578]"
114639,"[103423, 34379, 82401, 6659, 68690, 34712, 36602, 85053, 38063, 60785]"
114640,"[50017, 54486, 89257, 82920, 30138, 23561, 79815, 32761, 71576, 80403]"
114641,"[41742, 92949, 51827, 32519, 46829, 71861, 75949, 30886, 15878, 94410]"
114642,"[28901, 90081, 15755, 45769, 20163, 91697, 1188, 54835, 84746, 103014]"
114643,"[41583, 86053, 3284, 346, 82320, 50233, 9074, 59241, 73329, 7416]"
114644,"[63485, 65213, 24445, 44219, 28561, 63949, 39114, 10514, 45001, 13002]"
114645,"[98194, 5169, 13869, 7618, 71767, 35648, 8470, 13344, 107798, 36467]"
114646,"[44519, 32690, 25799, 20516, 22040, 6627, 70674, 66568, 44479, 5001]"
114647,"[31425, 6396, 42420, 107537, 18548, 45220, 76861, 109422, 102227, 48741]"
114648,"[11919, 24653, 23324, 96958, 64074, 84921, 99304, 5693, 64289, 101327]"
114649,"[64395, 72376, 90107, 15579, 40256, 101259, 16450, 65281, 49135, 58645]"
114650,"[47671, 108499, 102895, 14072, 57694, 104300, 98978, 77903, 67487, 35558]"
114651,"[78856, 109452, 32859, 37994, 78231, 3263, 19684, 419, 56440, 6373]"
114652,"[61075, 10230, 7315, 51802, 41315, 101387, 105614, 6352, 26352, 95458]"
114653,"[10597, 30164, 63357, 106027, 9652, 101773, 105089, 27171, 96977, 21687]"
114654,"[98015, 80873, 18583, 63793, 81241, 83947, 40317, 101106, 20139, 71343]"
114655,"[101194, 79674, 47681, 101394, 34678, 5312, 6226, 79587, 95511, 64714]"
114656,"[17540, 38411, 98421, 58262, 8175, 94753, 92094, 94244, 72902, 109591]"
114657,"[14784, 99005, 106179, 19722, 84274, 83584, 33122, 100561, 6476, 52032]"
114658,"[28468, 49166, 87317, 38551, 97902, 9765, 71547, 34462, 51678, 95211]"
114659,"[64000, 66381, 24154, 28432, 105582, 15137, 53024, 36732, 36866, 99342]"
114660,"[67566, 103981, 84473, 55746, 35121, 94535, 65346, 39660, 88872, 47674]"
114661,"[108389, 102948, 9391, 73678, 42383, 26377, 38012, 70482, 88234, 22689]"
114662,"[9051, 18491, 27432, 38951, 71362, 79531, 30484, 64878, 95318, 37213]"
114663,"[24101, 83969, 90000, 82068, 22652, 41093, 12816, 46543, 86296, 101649]"
114664,"[56388, 973, 74540, 96319, 26304, 91434, 64418, 80726, 28987, 21557]"
114665,"[73229, 7971, 2167, 74547, 17349, 88293, 54716, 99003, 13660, 106619]"
114666,"[34432, 70717, 12880, 50105, 37103, 7366, 24205, 3220, 56850, 27087]"
114667,"[3395, 86532, 99191, 75832, 25977, 22431, 66035, 67093, 100838, 28245]"
114668,"[108783, 39358, 99819, 57978, 348, 17525, 92470, 54473, 23141, 21430]"
114669,"[91103, 106463, 82599, 44545, 63052, 100612, 87912, 96990, 10820, 97409]"
114670,"[79365, 101970, 83279, 93135, 68835, 55811, 11301, 47878, 96528, 47716]"
114671,"[15743, 37631, 50575, 100183, 105558, 81763, 207, 82865, 66672, 40572]"
114672,"[99405, 36176, 93683, 78110, 49730, 71680, 2150, 46260, 60061, 57587]"
114673,"[78739, 79335, 78178, 6724, 100563, 72501, 79596, 5958, 53931, 92648]"
114674,"[69829, 98974, 102970, 46662, 28454, 44735, 93923, 19299, 81328, 24342]"
114675,"[21577, 78656, 36871, 86020, 79523, 49311, 106552, 108797, 84131, 65387]"
114676,"[80863, 29181, 79120, 99140, 97982, 46184, 90181, 22076, 56291, 3230]"
114677,"[79603, 24434, 24641, 77995, 3647, 84070, 58158, 65592, 73610, 108546]"
114678,"[43500, 87252, 18204, 9968, 12136, 51462, 13062, 16523, 83452, 62908]"
114679,"[66546, 3970, 80079, 109680, 60602, 80502, 94607, 47980, 49663, 16294]"
114680,"[96829, 80361, 70252, 71057, 77534, 48211, 20871, 87836, 80289, 77401]"
114681,"[35790, 45837, 18860, 33696, 62407, 45332, 65449, 80464, 107503, 76735]"
114682,"[82752, 36311, 3038, 17376, 18309, 37578, 9137, 53025, 86943, 79089]"
114683,"[24002, 45666, 101901, 51391, 8409, 68333, 77277, 39930, 24626, 52657]"
114684,"[27735, 40666, 87830, 94506, 99279, 106821, 30149, 75527, 29688, 7866]"
114685,"[34597, 13451, 51671, 58217, 67631, 41887, 102861, 62845, 31098, 51603]"
114686,"[16012, 70113, 93796, 21972, 74781, 86343, 82272, 101944, 68750, 13099]"
114687,"[37715, 98823, 71470, 73468, 90943, 28143, 109234, 3924, 28981, 91099]"
114688,"[84703, 82856, 40672, 70491, 59961, 11014, 57990, 80268, 36877, 22135]"
114689,"[2558, 40703, 57009, 53126, 69827, 53713, 5246, 97564, 44955, 82024]"
114690,"[21541, 41810, 72921, 19088, 87014, 97835, 5021, 56524, 78407, 88507]"
114691,"[764, 104269, 45784, 90974, 96567, 109004, 85168, 6208, 78938, 89960]"
114692,"[53030, 33620, 105320, 8154, 97856, 74564, 107030, 105164, 45726, 70583]"
114693,"[87175, 22761, 48177, 105897, 32693, 20486, 41391, 11259, 73453, 30647]"
114694,"[67101, 35469, 68164, 64952, 69469, 11249, 65227, 77917, 63606, 58284]"
114695,"[100783, 2292, 14966, 96172, 11092, 29876, 24676, 17117, 91754, 166]"
114696,"[11468, 1904, 52883, 22004, 40724, 90052, 109037, 31329, 98532, 85757]"
114697,"[99200, 105642, 58767, 25531, 106270, 15137, 20904, 17744, 44280, 40414]"
114698,"[2598, 108314, 6998, 98818, 30418, 35387, 37534, 81258, 42673, 92349]"
114699,"[62431, 53949, 3647, 96546, 75187, 19563, 108546, 58158, 3453, 30106]"
114700,"[79919, 28735, 83791, 106687, 9499, 98697, 30187, 23118, 49027, 14030]"
114701,"[70015, 103384, 48347, 54189, 80347, 96418, 92415, 55912, 14139, 45645]"
114702,"[89221, 9015, 35292, 2616, 30009, 105656, 70617, 53573, 50999, 55020]"
114703,"[27735, 94506, 42768, 7866, 40666, 1690, 74397, 95904, 29688, 75527]"
114704,"[64396, 94294, 13818, 11722, 53821, 64142, 56464, 36310, 89258, 74790]"
114705,"[71349, 44574, 106316, 102009, 45062, 81085, 92847, 92075, 88198, 54247]"
114706,"[64695, 19684, 23144, 34681, 78231, 15848, 38801, 109452, 65560, 26151]"
114707,"[17069, 58308, 77232, 66141, 43054, 66575, 1753, 70730, 88043, 41687]"
114708,"[102915, 91720, 45693, 72315, 101845, 85261, 65513, 97222, 28029, 46580]"
114709,"[45594, 79817, 109720, 40323, 58550, 61639, 107720, 77348, 69471, 14675]"
114710,"[36546, 27392, 84619, 30156, 52046, 67890, 108920, 106068, 97201, 83453]"
114711,"[72054, 24621, 45556, 30462, 30161, 57197, 34040, 33760, 52005, 79007]"
114712,"[83329, 106354, 11078, 28022, 93095, 73271, 93276, 49879, 107448, 72454]"
114713,"[95240, 13240, 108134, 100793, 60472, 84403, 53696, 18172, 49773, 74288]"
114714,"[53722, 29851, 99854, 102366, 68539, 34590, 76456, 31114, 73246, 46023]"
114715,"[58154, 22150, 3841, 14922, 78710, 73734, 86940, 65577, 106056, 72526]"
114716,"[52882, 75068, 10617, 93372, 87682, 12475, 39140, 27090, 1426, 17969]"
114717,"[5881, 56982, 40850, 86568, 1896, 34503, 48930, 9662, 12771, 88823]"
114718,"[58311, 61221, 85643, 54545, 36, 23228, 31771, 108109, 75377, 7113]"
114719,"[84028, 101763, 59439, 5, 27768, 101287, 89871, 37972, 17393, 50247]"
114720,"[30662, 70032, 45466, 46389, 83898, 48625, 8486, 82111, 42175, 95502]"
114721,"[65647, 54738, 62914, 65362, 92182, 89669, 29569, 16091, 91633, 60299]"
114722,"[99169, 27706, 89040, 109243, 79554, 102283, 31780, 19172, 101361, 32855]"
114723,"[904, 8865, 33036, 72080, 25416, 73246, 4917, 93063, 29851, 100879]"
114724,"[82870, 102632, 35651, 21907, 49171, 69337, 22485, 94471, 51480, 104449]"
114725,"[68772, 14185, 52740, 19204, 21061, 20348, 25754, 22107, 75558, 21860]"
114726,"[58008, 6766, 43229, 106167, 82466, 64147, 15749, 50963, 104212, 28358]"
114727,"[93859, 42226, 21254, 66482, 59936, 73644, 28986, 22617, 99862, 54674]"
114728,"[75769, 40555, 101589, 7275, 7979, 31412, 2385, 99198, 109356, 36813]"
114729,"[66437, 76382, 52606, 37936, 85802, 65517, 8521, 23721, 75080, 19476]"
114730,"[101182, 31846, 56553, 42751, 11892, 28945, 105339, 26586, 98324, 51232]"
114731,"[100837, 30699, 50490, 50281, 63725, 62998, 57424, 43650, 71661, 25915]"
114732,"[43505, 80908, 90840, 93896, 35985, 19317, 80215, 11421, 69255, 55914]"
114733,"[96601, 85312, 79662, 96412, 68871, 38863, 51983, 95743, 91757, 84150]"
114734,"[55025, 7285, 1305, 93423, 20496, 27683, 82416, 19651, 6068, 32943]"
114735,"[29398, 56675, 85742, 25894, 42238, 44762, 16766, 106503, 107764, 60699]"
114736,"[98323, 54425, 7371, 32342, 35621, 39888, 106653, 39416, 85002, 101535]"
114737,"[5249, 28653, 51302, 41728, 94420, 37824, 48912, 78195, 67858, 64373]"
114738,"[35812, 68901, 89975, 5588, 87888, 7665, 37573, 15057, 16369, 87582]"
114739,"[72665, 18093, 87347, 16508, 4322, 78883, 84689, 109380, 5061, 46755]"
114740,"[70245, 21776, 56510, 573, 16380, 25337, 48055, 70045, 6596, 62719]"
114741,"[2631, 108302, 103366, 51847, 46778, 19834, 77050, 94936, 58988, 91124]"
114742,"[69256, 49783, 1598, 107959, 62272, 67789, 64511, 88290, 59477, 47826]"
114743,"[18641, 175, 76654, 40547, 25302, 66920, 29806, 68412, 93627, 49734]"
114744,"[11731, 27884, 82253, 42196, 109206, 94633, 96720, 21179, 81547, 21627]"
114745,"[63247, 57040, 6578, 36429, 352, 61982, 12885, 8999, 85264, 75773]"
114746,"[28155, 61536, 65550, 3745, 35713, 40018, 84425, 88586, 59280, 65455]"
114747,"[107545, 93053, 58973, 27397, 107956, 36053, 39537, 27510, 102976, 104891]"
114748,"[68473, 22707, 92120, 21101, 82189, 71639, 84548, 11166, 17303, 54227]"
114749,"[6056, 104509, 95160, 26524, 42392, 101092, 35491, 26867, 50817, 70848]"
114750,"[72411, 11343, 102863, 63143, 44056, 37940, 27010, 3317, 81973, 72910]"
114751,"[26832, 78171, 23864, 44873, 39132, 31621, 48282, 108937, 60329, 101897]"
114752,"[27254, 9462, 1738, 61676, 18027, 56481, 31505, 75157, 33123, 38470]"
114753,"[100321, 50958, 37057, 99868, 82344, 85155, 106725, 74060, 5372, 104250]"
114754,"[14338, 88911, 36129, 64087, 48769, 61057, 94050, 104146, 17724, 108512]"
114755,"[106623, 65230, 101853, 43517, 46605, 26728, 82268, 49826, 80945, 80622]"
114756,"[5380, 1086, 8633, 72633, 9173, 92638, 56177, 88587, 9629, 41941]"
114757,"[43315, 7611, 21246, 80086, 26979, 84890, 101496, 28520, 58891, 75576]"
114758,"[101288, 3861, 69307, 85791, 23252, 38914, 52484, 16911, 79718, 35433]"
114759,"[15155, 3053, 64200, 66440, 85594, 70780, 102699, 104458, 49397, 91583]"
114760,"[56597, 64410, 88010, 78500, 77920, 21257, 37920, 17897, 7320, 97231]"
114761,"[68698, 85257, 66465, 83465, 64235, 39697, 37026, 63467, 65410, 22866]"
114762,"[1161, 49919, 39780, 85360, 72087, 83922, 51995, 47209, 4149, 20614]"
114763,"[66389, 10639, 78182, 3565, 29929, 70740, 37112, 56038, 15637, 25042]"
114764,"[4098, 26583, 41754, 84439, 107673, 78719, 14052, 22253, 19911, 12183]"
114765,"[66275, 90089, 7262, 1110, 34750, 105458, 29349, 57348, 63066, 89373]"
114766,"[37569, 45824, 61681, 1841, 29329, 66207, 64716, 20681, 46233, 68328]"
114767,"[97523, 42112, 32399, 99056, 104956, 24958, 107670, 43345, 88072, 2294]"
114768,"[103124, 75825, 21330, 68118, 79210, 7901, 74053, 91144, 10432, 91355]"
114769,"[36164, 28390, 55224, 26292, 1863, 82510, 57012, 98405, 93899, 101557]"
114770,"[41189, 11733, 40407, 34582, 86013, 23201, 55417, 85004, 7931, 8959]"
114771,"[101618, 79717, 57078, 109309, 86864, 10391, 38505, 104941, 56591, 32289]"
114772,"[95737, 33177, 102713, 29427, 102292, 72550, 10167, 59090, 56272, 87318]"
114773,"[1337, 86606, 52167, 100017, 41761, 85398, 76851, 77976, 105753, 29676]"
114774,"[34638, 17456, 20579, 53174, 27134, 94192, 51357, 88606, 56963, 9534]"
114775,"[59438, 103, 94004, 67444, 66163, 30807, 95461, 24196, 42032, 40617]"
114776,"[83872, 106338, 366, 101012, 9589, 43236, 25733, 59133, 30194, 83807]"
114777,"[16226, 2498, 13215, 69645, 60599, 40364, 79944, 35852, 5757, 22481]"
114778,"[40468, 88970, 104276, 68014, 90452, 13035, 78093, 109496, 42761, 5817]"
114779,"[66642, 8860, 89269, 46812, 97878, 90527, 22625, 57827, 28138, 90425]"
114780,"[50230, 18931, 16103, 46798, 58411, 41488, 99685, 100201, 52818, 59485]"
114781,"[63999, 67820, 15524, 53769, 96407, 100239, 83360, 4011, 31106, 16476]"
114782,"[48338, 35170, 16330, 82425, 97560, 108047, 71350, 87029, 2507, 73259]"
114783,"[100238, 109372, 38860, 19630, 95790, 87900, 6675, 6753, 85496, 36596]"
114784,"[62581, 46137, 10152, 42572, 15368, 55826, 13306, 24102, 51422, 59851]"
114785,"[40377, 81138, 59997, 88102, 24285, 66584, 64329, 10202, 41286, 52227]"
114786,"[37617, 60742, 24349, 56685, 53503, 10106, 21615, 91317, 33418, 108515]"
114787,"[35974, 93892, 5200, 52822, 77798, 22315, 107449, 65539, 18097, 38171]"
114788,"[91118, 41724, 44647, 35847, 90049, 26183, 64269, 1027, 32449, 89427]"
114789,"[68822, 80833, 108135, 97223, 44521, 98287, 49915, 1658, 42863, 32132]"
114790,"[84837, 19696, 36848, 1606, 82167, 54268, 11085, 48560, 54095, 97656]"
114791,"[38265, 67836, 62739, 84029, 95, 22034, 25560, 83313, 56857, 86677]"
114792,"[22710, 21804, 37885, 100266, 60844, 10606, 68179, 53211, 103128, 107884]"
114793,"[22102, 25255, 95645, 43527, 63614, 104280, 85001, 39466, 24443, 83880]"
114794,"[40531, 98555, 84177, 68255, 37630, 3498, 68114, 17131, 77355, 11447]"
114795,"[68629, 38428, 78254, 109089, 58375, 7121, 10596, 98157, 47364, 89726]"
114796,"[27821, 52218, 38093, 3418, 67364, 75935, 78569, 59362, 79394, 95805]"
114797,"[19102, 16991, 45670, 39982, 92686, 29972, 45082, 99614, 106831, 38078]"
114798,"[94426, 81520, 68137, 60312, 27404, 102607, 747, 86471, 2474, 4167]"
114799,"[47880, 3281, 24956, 85615, 76251, 68479, 35719, 17689, 75192, 102284]"
114800,"[41964, 56481, 72494, 32883, 71007, 1738, 65532, 61676, 27254, 28122]"
114801,"[12592, 88620, 95511, 67422, 3940, 1850, 22158, 36180, 58809, 62934]"
114802,"[23197, 64823, 40231, 108091, 36006, 42465, 105860, 24396, 63292, 36824]"
114803,"[92036, 52207, 34808, 78096, 2814, 95342, 15074, 10887, 105119, 5469]"
114804,"[96943, 52588, 52022, 69163, 109317, 49005, 60713, 76662, 46893, 1828]"
114805,"[87603, 56221, 95943, 6783, 55276, 33538, 13925, 85174, 86796, 9851]"
114806,"[91676, 67805, 63106, 7576, 67316, 77112, 1901, 41264, 27703, 107217]"
114807,"[19979, 55203, 51937, 38466, 11413, 71357, 90192, 50635, 52667, 61023]"
114808,"[31101, 66307, 50358, 96682, 9064, 109392, 63824, 32485, 40282, 77346]"
114809,"[87459, 46691, 20476, 66703, 106405, 73710, 54939, 14778, 90540, 1559]"
114810,"[31506, 55682, 5952, 49126, 103370, 51957, 43957, 80584, 63586, 75158]"
114811,"[30435, 94845, 70288, 10256, 61141, 30531, 4198, 78926, 56603, 32251]"
114812,"[15806, 83484, 8063, 45991, 63950, 46264, 71123, 3815, 88246, 70664]"
114813,"[2918, 100999, 43937, 79237, 87812, 49597, 103309, 106243, 7223, 92164]"
114814,"[75401, 64631, 49083, 103118, 71640, 54650, 84003, 89631, 10208, 57513]"
114815,"[61641, 42557, 70560, 85576, 7148, 69469, 74994, 9425, 35230, 3891]"
114816,"[46228, 697, 58856, 98094, 38301, 27186, 90153, 90137, 79976, 43982]"
114817,"[92240, 60593, 80836, 26327, 46672, 41615, 23966, 36418, 56015, 71748]"
114818,"[42490, 44622, 5575, 29626, 53168, 78310, 79356, 33919, 29662, 50122]"
114819,"[68195, 15624, 30638, 63678, 44713, 3751, 80932, 74556, 26666, 108416]"
114820,"[32212, 8326, 104540, 54401, 108692, 62484, 13267, 54308, 84616, 92178]"
114821,"[77324, 98387, 3939, 99369, 54178, 104425, 85643, 103579, 65861, 89940]"
114822,"[1654, 36899, 93196, 60353, 15999, 83288, 5477, 104162, 32242, 2952]"
114823,"[19350, 104824, 71502, 37555, 46753, 59620, 77865, 29254, 76829, 31120]"
114824,"[106964, 58739, 37234, 40979, 88429, 36958, 12259, 46405, 31657, 79760]"
114825,"[91744, 70345, 23326, 8084, 10350, 95427, 54223, 44685, 29212, 73794]"
114826,"[100696, 4274, 14192, 19902, 153, 42795, 101577, 11407, 6714, 26831]"
114827,"[16004, 35208, 99648, 89097, 50419, 74734, 56300, 97777, 60519, 51305]"
114828,"[11225, 101126, 38918, 42859, 107291, 105299, 35237, 43320, 102459, 82351]"
114829,"[55206, 34842, 17631, 97025, 80713, 48191, 89461, 83223, 107385, 32250]"
114830,"[89909, 71234, 95331, 82094, 89093, 34186, 958, 52120, 68189, 64310]"
114831,"[100743, 52629, 54221, 67818, 33399, 59244, 24658, 27758, 70972, 4404]"
114832,"[93924, 102744, 72230, 107599, 105581, 11975, 50165, 98547, 15912, 19105]"
114833,"[90645, 58779, 35230, 108388, 42557, 49723, 106735, 48179, 106335, 53955]"
114834,"[16883, 85769, 4629, 54655, 78704, 8087, 53100, 13542, 2152, 45045]"
114835,"[105152, 60624, 77202, 16580, 26711, 10777, 60793, 26082, 21690, 57836]"
114836,"[79848, 78600, 104768, 84758, 36950, 25886, 5236, 59822, 2132, 104724]"
114837,"[37418, 39698, 64423, 60925, 9764, 4644, 49180, 19040, 94042, 91043]"
114838,"[65612, 68253, 68303, 6322, 49056, 24415, 70467, 89807, 60708, 99254]"
114839,"[7770, 38618, 68092, 108041, 43469, 68172, 53717, 55823, 109614, 55712]"
114840,"[85491, 4566, 56188, 82282, 79267, 47337, 46032, 97350, 5961, 19999]"
114841,"[26848, 74975, 13082, 36070, 98090, 89559, 106940, 31396, 23186, 66660]"
114842,"[22611, 17031, 10882, 102187, 73458, 88846, 10112, 95973, 19523, 29962]"
114843,"[28282, 50612, 24116, 19906, 76638, 48257, 104426, 27086, 23057, 54627]"
114844,"[107012, 30478, 105395, 84637, 71375, 13141, 41050, 82098, 18760, 62796]"
114845,"[78143, 53237, 11541, 16533, 106037, 22939, 61571, 11957, 11338, 52133]"
114846,"[37408, 63042, 104272, 8254, 109554, 90257, 41251, 88275, 25131, 45747]"
114847,"[39945, 2524, 1802, 47106, 93576, 80545, 56016, 108419, 69168, 40716]"
114848,"[14757, 65672, 8798, 88759, 82733, 5645, 99468, 20639, 76519, 92937]"
114849,"[68427, 35183, 16870, 27891, 83521, 57120, 70810, 87377, 90111, 64698]"
114850,"[74600, 86367, 36086, 84080, 68580, 62387, 80406, 89239, 42438, 37982]"
114851,"[109244, 63551, 29260, 36565, 65384, 45856, 104711, 49328, 24640, 87608]"
114852,"[20625, 84985, 55680, 63216, 27619, 77669, 65231, 88100, 60423, 67808]"
114853,"[73601, 82244, 19072, 21298, 31431, 55444, 42162, 47074, 100521, 54672]"
114854,"[1187, 2579, 108138, 84109, 21795, 38725, 73398, 91809, 74078, 7196]"
114855,"[18504, 80085, 22757, 104116, 48317, 9711, 20269, 100766, 11832, 54047]"
114856,"[867, 58127, 87509, 23797, 100675, 90162, 75962, 6658, 38513, 41132]"
114857,"[92773, 33089, 109461, 74496, 26303, 105269, 94396, 80310, 100653, 71823]"
114858,"[66628, 81515, 109172, 5299, 121, 38938, 53073, 5010, 9786, 69566]"
114859,"[737, 90942, 12806, 81759, 48340, 41267, 99071, 13790, 25803, 21251]"
114860,"[56054, 69100, 52477, 96591, 88338, 46443, 93731, 87788, 76296, 87604]"
114861,"[87076, 5414, 20338, 90007, 94381, 56413, 37667, 68032, 35067, 24882]"
114862,"[39087, 63712, 94747, 68670, 94143, 92813, 102759, 24167, 18711, 79134]"
114863,"[42882, 78838, 37122, 27159, 68690, 19285, 44328, 97589, 92803, 78389]"
114864,"[72777, 1705, 45947, 107651, 50444, 21518, 19771, 46924, 75742, 14654]"
114865,"[31739, 103723, 53750, 53748, 33574, 38966, 97674, 75226, 11887, 5659]"
114866,"[91235, 43418, 92207, 24303, 102412, 67774, 10535, 35221, 17172, 1379]"
114867,"[33694, 95295, 58271, 79444, 8334, 62560, 3168, 48930, 16825, 67811]"
114868,"[21126, 99505, 53948, 8043, 89505, 106061, 21547, 17440, 50623, 31797]"
114869,"[46532, 17239, 36419, 23433, 104857, 2115, 14545, 10478, 92163, 20110]"
114870,"[107710, 51556, 88884, 94465, 88891, 66006, 99985, 109745, 44921, 94414]"
114871,"[83036, 43560, 2587, 16204, 42397, 91282, 772, 48302, 89653, 36900]"
114872,"[66289, 105668, 108577, 38991, 62263, 68536, 38446, 29112, 9745, 54401]"
114873,"[78646, 45509, 37433, 61827, 70013, 61793, 21425, 65764, 46889, 11488]"
114874,"[84505, 15249, 102454, 93261, 105441, 15043, 3315, 53093, 96626, 109272]"
114875,"[9588, 42078, 77876, 88496, 43383, 72850, 98909, 81384, 8211, 101776]"
114876,"[89491, 5637, 62531, 18023, 9176, 29380, 70164, 23148, 35941, 101330]"
114877,"[102666, 59226, 97739, 51820, 43789, 61143, 93288, 87643, 39401, 89586]"
114878,"[4506, 74966, 49918, 39936, 104211, 65, 30891, 105757, 88347, 55162]"
114879,"[17052, 20909, 60522, 87228, 97385, 70729, 49792, 70187, 69098, 106816]"
114880,"[91713, 53568, 87913, 51018, 87455, 27006, 76987, 18843, 17644, 33064]"
114881,"[24771, 42110, 30169, 103871, 14033, 93438, 101486, 9069, 65716, 16625]"
114882,"[26151, 65560, 23144, 38801, 64695, 34681, 54608, 40049, 101704, 19684]"
114883,"[75756, 54527, 63837, 55855, 2202, 36445, 19284, 58770, 102342, 41097]"
114884,"[28825, 4853, 75632, 47570, 39267, 106307, 10103, 27668, 18253, 87533]"
114885,"[78717, 1910, 86858, 13017, 60071, 50108, 27113, 5601, 87079, 104572]"
114886,"[67231, 106910, 67409, 86294, 66397, 91276, 69540, 80678, 75399, 22311]"
114887,"[107812, 82295, 18196, 914, 65846, 66458, 59950, 12922, 68477, 69161]"
114888,"[82442, 48786, 87794, 44551, 65854, 13996, 10505, 63798, 30711, 32183]"
114889,"[38085, 39509, 17024, 14364, 17251, 35643, 18890, 35345, 42193, 52238]"
114890,"[19266, 100839, 57866, 42709, 7961, 74196, 105497, 5230, 22047, 87669]"
114891,"[35132, 58950, 106449, 100316, 30192, 74090, 108138, 53618, 97277, 10644]"
114892,"[75793, 40466, 8331, 18721, 66244, 68140, 51467, 75584, 37614, 4233]"
114893,"[39758, 87618, 52732, 88628, 102646, 16992, 94008, 102673, 49312, 3705]"
114894,"[91456, 7644, 56909, 12967, 100231, 464, 26052, 61720, 109103, 34945]"
114895,"[5384, 7390, 46171, 48365, 7555, 3614, 48650, 87757, 34958, 98755]"
114896,"[43505, 19317, 42453, 93896, 35985, 80908, 11421, 101095, 49492, 32118]"
114897,"[48427, 17594, 86487, 11356, 50578, 64539, 104221, 42947, 108068, 14471]"
114898,"[28179, 2431, 15735, 1381, 89481, 26007, 85687, 26083, 45992, 802]"
114899,"[38384, 62073, 8531, 78331, 27763, 89219, 41732, 101416, 66724, 90652]"
114900,"[54739, 72653, 12824, 109039, 61740, 74117, 31926, 16237, 103358, 32406]"
114901,"[9219, 68059, 97637, 75950, 75864, 48051, 35563, 35685, 81354, 88552]"
114902,"[40881, 46292, 105727, 22948, 4226, 93418, 41416, 105218, 22344, 38289]"
114903,"[95271, 63392, 66284, 80444, 2387, 12393, 97267, 109687, 98214, 64021]"
114904,"[88024, 46991, 54984, 12561, 46366, 41672, 105810, 83843, 14482, 6118]"
114905,"[32395, 48871, 13672, 18810, 109340, 101040, 68882, 25288, 44732, 82147]"
114906,"[52280, 56479, 9369, 3042, 36839, 88254, 82181, 57507, 26026, 71085]"
114907,"[43366, 33449, 104151, 98750, 36378, 14660, 101613, 72646, 19022, 66145]"
114908,"[68024, 11853, 65369, 64113, 28951, 55054, 6328, 42615, 48305, 65053]"
114909,"[62281, 41518, 15240, 65725, 23155, 15059, 38671, 52361, 9810, 25539]"
114910,"[19786, 36763, 102893, 23522, 28451, 17673, 100037, 108413, 55344, 69880]"
114911,"[74259, 92285, 17390, 19619, 89187, 3036, 9548, 74390, 31860, 34427]"
114912,"[82383, 89678, 39700, 82841, 96362, 37396, 15295, 18225, 963, 107100]"
114913,"[31811, 31815, 31661, 49025, 96641, 51601, 103355, 20515, 63273, 35455]"
114914,"[97523, 88072, 43345, 92706, 42112, 19107, 104956, 74236, 107670, 2294]"
114915,"[1179, 1576, 11576, 25245, 6320, 10764, 52047, 79925, 93764, 6207]"
114916,"[88884, 51556, 44921, 88891, 53245, 107710, 94465, 28167, 109745, 102404]"
114917,"[74815, 52190, 43721, 31119, 74867, 108412, 7157, 7027, 62301, 16792]"
114918,"[84377, 91688, 30505, 42125, 16177, 80420, 10397, 96534, 33310, 47622]"
114919,"[32675, 4171, 47940, 26247, 83774, 17705, 79486, 70596, 37828, 20961]"
114920,"[37505, 92812, 32189, 87648, 50202, 44546, 101571, 720, 37683, 52245]"
114921,"[53812, 22065, 68773, 66581, 18553, 20043, 75002, 58681, 10601, 32503]"
114922,"[50382, 30571, 46275, 14795, 40877, 83542, 70170, 8601, 88887, 71800]"
114923,"[98833, 75897, 37660, 12832, 35796, 104142, 48758, 100041, 9568, 7154]"
114924,"[63653, 97554, 14624, 54303, 41206, 14670, 93752, 76532, 68302, 7011]"
114925,"[27218, 57772, 31141, 38944, 32274, 88312, 77866, 103820, 33255, 51390]"
114926,"[18211, 36826, 89341, 37174, 10250, 13171, 43563, 73931, 5211, 72698]"
114927,"[76217, 65962, 2708, 72401, 68591, 15483, 107907, 41349, 73183, 71221]"
114928,"[98839, 103457, 38958, 61179, 27903, 107299, 81206, 13205, 77256, 27058]"
114929,"[95462, 19529, 68081, 89626, 82403, 40924, 22960, 72518, 51581, 19849]"
114930,"[109741, 76620, 90711, 52631, 73702, 84778, 68837, 28851, 13891, 54217]"
114931,"[96613, 105605, 25735, 42245, 83944, 45389, 76330, 83416, 51454, 61509]"
114932,"[31140, 21776, 53373, 109589, 83133, 48055, 70045, 27980, 57564, 82486]"
114933,"[10387, 91537, 38545, 40762, 39845, 26078, 1594, 69856, 14368, 50567]"
114934,"[70731, 21686, 69832, 18900, 38475, 13244, 33512, 60722, 97995, 89777]"
114935,"[10150, 104564, 58566, 53039, 105200, 105484, 24362, 16702, 73210, 22368]"
114936,"[28610, 68608, 98849, 52664, 66356, 46431, 27662, 3614, 77836, 95269]"
114937,"[42444, 30687, 65220, 90140, 75395, 68810, 102814, 26427, 10131, 2703]"
114938,"[99793, 50426, 46960, 33769, 48515, 41399, 101561, 34617, 103653, 12158]"
114939,"[53590, 109267, 85337, 73722, 18277, 14412, 47228, 16051, 8544, 58094]"
114940,"[23030, 70260, 22390, 63416, 3711, 26290, 86733, 9543, 109731, 12419]"
114941,"[101145, 63296, 87477, 51292, 55628, 82166, 2888, 104236, 30369, 44059]"
114942,"[18045, 49818, 83543, 83318, 83378, 6533, 13400, 62477, 53947, 64929]"
114943,"[54183, 26903, 99817, 36292, 89486, 34419, 76810, 70979, 23893, 43295]"
114944,"[20388, 34771, 67787, 102707, 103442, 30753, 76182, 14426, 19820, 33080]"
114945,"[3031, 50201, 54155, 77868, 28423, 10800, 73204, 27394, 46968, 101051]"
114946,"[74510, 93541, 39939, 71291, 97657, 44248, 88770, 27087, 65826, 24096]"
114947,"[59530, 77030, 24799, 26210, 59906, 99019, 74888, 61308, 50253, 58854]"
114948,"[13774, 81199, 99636, 93432, 5183, 67326, 74407, 21675, 8381, 13519]"
114949,"[28446, 64997, 97831, 77806, 95472, 93389, 88361, 33959, 16384, 16463]"
114950,"[25558, 92229, 91143, 4158, 26052, 54461, 45770, 65225, 17863, 80398]"
114951,"[30537, 72447, 71079, 99801, 80475, 109397, 44205, 67279, 16612, 58608]"
114952,"[77748, 59471, 72404, 5921, 70323, 102075, 6705, 23722, 57813, 52108]"
114953,"[75383, 50943, 106968, 93276, 56678, 74921, 84640, 79221, 56485, 104937]"
114954,"[82833, 8318, 75710, 16714, 42730, 39891, 107715, 21849, 84937, 91545]"
114955,"[40747, 43426, 7912, 70030, 98412, 84590, 11278, 60053, 98949, 8796]"
114956,"[94616, 78104, 6778, 103959, 60568, 46307, 3019, 17784, 66488, 68875]"
114957,"[64926, 11928, 3961, 63047, 68857, 76369, 75202, 35549, 106637, 18861]"
114958,"[87991, 53036, 950, 10943, 101652, 36016, 30359, 78066, 75344, 56212]"
114959,"[60747, 67782, 23304, 96205, 104303, 10464, 63595, 37389, 94497, 80203]"
114960,"[90807, 82269, 86216, 21277, 47075, 30832, 93417, 75532, 88740, 25595]"
114961,"[6847, 5755, 17139, 57237, 73775, 44266, 50223, 8432, 102415, 84578]"
114962,"[34894, 91664, 75501, 18725, 71025, 49923, 107983, 18950, 2367, 16152]"
114963,"[47369, 84093, 25577, 11480, 47821, 84057, 107589, 96462, 91656, 17555]"
114964,"[6982, 70498, 16349, 75802, 86315, 90258, 30586, 81557, 37570, 91244]"
114965,"[68539, 53722, 99854, 102366, 34590, 29851, 15264, 30722, 61134, 104952]"
114966,"[83819, 21723, 47198, 45384, 57981, 71319, 17380, 48943, 44393, 36843]"
114967,"[51746, 24195, 38691, 81676, 53062, 100086, 28476, 25050, 47549, 21489]"
114968,"[74435, 77474, 35060, 78787, 39291, 77740, 47819, 46702, 58395, 35257]"
114969,"[30700, 30427, 108808, 47562, 15269, 73506, 99124, 634, 55109, 106538]"
114970,"[50154, 16122, 32537, 8405, 2386, 59290, 45360, 22254, 100073, 104687]"
114971,"[106569, 93882, 40186, 89815, 81806, 83357, 6741, 61353, 53270, 83343]"
114972,"[106604, 91170, 14279, 56246, 92752, 20413, 87521, 31909, 67122, 14604]"
114973,"[18280, 47631, 60752, 75447, 11444, 24634, 79544, 31176, 103360, 70168]"
114974,"[72056, 38219, 45303, 86443, 66729, 97240, 16864, 108456, 24017, 17220]"
114975,"[46512, 81105, 20504, 14543, 71745, 103053, 105604, 28597, 40016, 52043]"
114976,"[66073, 106714, 102147, 25626, 97606, 10498, 57256, 817, 103997, 6065]"
114977,"[50136, 37951, 72836, 73195, 23328, 102410, 46340, 67966, 70670, 99823]"
114978,"[68353, 13506, 56105, 68594, 109014, 87047, 56094, 8897, 6511, 69011]"
114979,"[101029, 11143, 82712, 19989, 67179, 93501, 108842, 50327, 29913, 45400]"
114980,"[57399, 95203, 5912, 39565, 83728, 49677, 44937, 53878, 40944, 73467]"
114981,"[45251, 96937, 17642, 28699, 86661, 2996, 35264, 29758, 88004, 76814]"
114982,"[85667, 59993, 99118, 104199, 54157, 79574, 70235, 84097, 74149, 71981]"
114983,"[57711, 41846, 58814, 28572, 107303, 1711, 93293, 50760, 103104, 60909]"
114984,"[74788, 988, 101542, 47210, 76600, 24156, 36022, 52963, 67125, 104332]"
114985,"[97959, 48386, 56834, 15791, 48060, 85995, 70088, 51144, 49229, 9332]"
114986,"[104067, 61769, 106344, 5985, 3854, 55615, 25702, 41164, 58745, 109346]"
114987,"[13088, 40026, 55024, 99430, 101644, 61801, 45430, 71513, 15265, 74146]"
114988,"[101209, 100036, 31653, 90131, 98526, 23332, 101349, 13483, 16256, 4810]"
114989,"[37797, 26195, 72913, 40435, 13998, 56150, 65550, 99426, 8542, 58263]"
114990,"[32739, 73565, 64168, 2890, 24426, 89562, 44730, 35, 37496, 43861]"
114991,"[107375, 2304, 74604, 38362, 13256, 52128, 31215, 57294, 85461, 94821]"
114992,"[99016, 24164, 66994, 101002, 48639, 82502, 44959, 52470, 51658, 32802]"
114993,"[32608, 96672, 84398, 29092, 52960, 31682, 50717, 43880, 89499, 99050]"
114994,"[14900, 41839, 88923, 51410, 22226, 37069, 35666, 22272, 1695, 14211]"
114995,"[59030, 106479, 37363, 691, 36812, 88445, 96678, 60187, 53069, 83053]"
114996,"[724, 102520, 87407, 94857, 41222, 58367, 80456, 25705, 1853, 93762]"
114997,"[82058, 66580, 9222, 43967, 87388, 48507, 869, 77101, 80371, 89746]"
114998,"[48991, 41179, 45517, 22201, 108662, 71990, 98766, 77768, 76416, 55420]"
114999,"[44644, 62438, 38600, 92931, 88394, 15449, 8196, 18750, 66537, 109390]"
115000,"[101811, 32888, 437, 68535, 106667, 94851, 55668, 43965, 62944, 86752]"
115001,"[1524, 54283, 63626, 76948, 106130, 103472, 5551, 103018, 71892, 70198]"
115002,"[81025, 73648, 35197, 56729, 48915, 77496, 83364, 102045, 30683, 93580]"
115003,"[25290, 35956, 91413, 63222, 23203, 34406, 27837, 38984, 42033, 10225]"
115004,"[6526, 76308, 100528, 73336, 11960, 34082, 62597, 16707, 105297, 9888]"
115005,"[12281, 92735, 92739, 35561, 102523, 32337, 86513, 102222, 48383, 94482]"
115006,"[33858, 40057, 96042, 99027, 70680, 44660, 19233, 78056, 44423, 7263]"
115007,"[53596, 90726, 49586, 47079, 52353, 55391, 84106, 77647, 37206, 59269]"
115008,"[7883, 3522, 4735, 19239, 37832, 625, 51753, 53149, 89401, 9416]"
115009,"[23359, 56742, 72216, 23904, 95968, 90446, 91333, 61192, 95634, 59284]"
115010,"[16997, 36135, 97970, 63625, 45217, 19813, 1371, 74900, 76925, 56609]"
115011,"[4069, 54913, 59761, 95750, 87328, 33869, 33244, 27122, 75555, 98434]"
115012,"[36229, 103605, 38422, 74174, 24361, 58993, 9833, 21550, 1620, 79481]"
115013,"[71531, 38828, 78288, 49828, 31659, 35725, 102575, 72743, 34561, 50215]"
115014,"[72443, 16352, 63867, 56065, 75375, 82769, 17666, 41036, 109771, 50326]"
115015,"[73000, 61980, 18085, 98855, 44218, 45758, 60705, 19750, 70426, 92344]"
115016,"[43721, 31119, 7157, 21633, 53847, 89715, 105463, 52190, 29299, 75351]"
115017,"[18958, 104536, 39723, 25312, 77291, 92890, 100961, 12668, 2075, 95617]"
115018,"[36697, 93190, 17606, 29401, 58329, 71643, 60872, 32589, 50494, 54622]"
115019,"[47102, 105086, 75796, 5240, 13989, 37817, 73230, 44905, 91146, 81737]"
115020,"[44617, 78316, 22536, 65507, 42799, 10602, 55944, 88160, 952, 46675]"
115021,"[46075, 14304, 88750, 101044, 95142, 92509, 6103, 7076, 48844, 85366]"
115022,"[70123, 63300, 84445, 60636, 83567, 51479, 92237, 86784, 17780, 104360]"
115023,"[15899, 38124, 77123, 68478, 6942, 92841, 36117, 23041, 87465, 5327]"
115024,"[38010, 37791, 27361, 46086, 90706, 50844, 43636, 63620, 83826, 39511]"
115025,"[36702, 22936, 50177, 7662, 81780, 22607, 36369, 29618, 90834, 34846]"
115026,"[66103, 93881, 66284, 84210, 67609, 23496, 2680, 8756, 14115, 77846]"
115027,"[76244, 58243, 50614, 108246, 72552, 37896, 9907, 27193, 102194, 102852]"
115028,"[98131, 38470, 59917, 93033, 100324, 82006, 108115, 90693, 11595, 104010]"
115029,"[17204, 46411, 86317, 61792, 17110, 40375, 30155, 40172, 63156, 41884]"
115030,"[46751, 107703, 1074, 49863, 23703, 89765, 14474, 2928, 34963, 23607]"
115031,"[57169, 10506, 44847, 68514, 3023, 94285, 91861, 18693, 37990, 20909]"
115032,"[54469, 36157, 49869, 76696, 34108, 11625, 12268, 22280, 39648, 74057]"
115033,"[13205, 81206, 103457, 98839, 38958, 12081, 27058, 27903, 102561, 62677]"
115034,"[101348, 79255, 37243, 23200, 776, 49454, 93909, 76070, 31674, 104646]"
115035,"[62073, 15618, 17515, 96902, 107811, 12652, 21394, 5289, 98002, 23104]"
115036,"[65920, 74048, 83903, 41548, 41066, 40931, 62402, 81501, 91997, 1610]"
115037,"[51891, 96033, 24331, 32239, 62763, 72351, 105554, 19023, 67549, 39906]"
115038,"[72409, 18636, 95649, 4003, 105071, 55028, 51142, 17624, 102954, 52505]"
115039,"[96250, 43260, 46232, 38785, 44449, 43208, 20354, 90670, 73019, 6645]"
115040,"[5430, 71653, 67662, 92564, 62683, 68576, 95883, 74765, 85655, 79530]"
115041,"[88966, 64027, 59139, 96533, 63615, 64294, 67462, 82020, 61661, 94436]"
115042,"[91195, 65486, 8085, 83492, 98189, 26526, 109611, 95081, 25847, 24177]"
115043,"[5654, 90771, 29486, 39271, 90867, 42811, 59010, 11826, 15353, 89788]"
115044,"[46265, 54054, 30150, 70062, 34252, 67952, 104779, 88375, 73161, 33025]"
115045,"[88566, 75506, 24863, 34462, 18026, 67306, 37993, 1344, 21959, 47293]"
115046,"[74354, 892, 96963, 32627, 30001, 93850, 75739, 103326, 40966, 96590]"
115047,"[101330, 70164, 29380, 18023, 104066, 5637, 89491, 22743, 62531, 37247]"
115048,"[43133, 43408, 42901, 62737, 29877, 98283, 30791, 91943, 41025, 18858]"
115049,"[28923, 39426, 75493, 97098, 86583, 85601, 55228, 54430, 99211, 85224]"
115050,"[36903, 43713, 87478, 57129, 35061, 103406, 41450, 45647, 62149, 34149]"
115051,"[73540, 108718, 102280, 22575, 56972, 1382, 62370, 48047, 7483, 37788]"
115052,"[61890, 83172, 3670, 52224, 93473, 96820, 53353, 42100, 14879, 42617]"
115053,"[39717, 95910, 42884, 25160, 81357, 100428, 21686, 56423, 11222, 63963]"
115054,"[46439, 33756, 69254, 86070, 85309, 88594, 8252, 64017, 82749, 35495]"
115055,"[109514, 27442, 99588, 79253, 70429, 7592, 80920, 93685, 100638, 2977]"
115056,"[45004, 52921, 32731, 79313, 107762, 60746, 78391, 55153, 107955, 60640]"
115057,"[57485, 43815, 104817, 55034, 57486, 102524, 21178, 88323, 70592, 36011]"
115058,"[75520, 47158, 29990, 89844, 31095, 5725, 62338, 97134, 37827, 24365]"
115059,"[2262, 95824, 73525, 5532, 13081, 4448, 48161, 62329, 50757, 19199]"
115060,"[49564, 59047, 53572, 41084, 18428, 17845, 45237, 66487, 51361, 91769]"
115061,"[11077, 53582, 5163, 15522, 69271, 56427, 50955, 85506, 30208, 24545]"
115062,"[12938, 108415, 44488, 77326, 77142, 64585, 11279, 60261, 53322, 84219]"
115063,"[61094, 94535, 100446, 30203, 29640, 15763, 75604, 97986, 84660, 85221]"
115064,"[92523, 98162, 93823, 106135, 67524, 91333, 1954, 2723, 30855, 47638]"
115065,"[36789, 64659, 39764, 68894, 75524, 24741, 23407, 2227, 33674, 46681]"
115066,"[34088, 38009, 13494, 22453, 74915, 49407, 66061, 28272, 90641, 81421]"
115067,"[81669, 89759, 15201, 109245, 17687, 77555, 99501, 77628, 74217, 88856]"
115068,"[41877, 92639, 71575, 10050, 39003, 66860, 64501, 43481, 33423, 63305]"
115069,"[89706, 72902, 52028, 41611, 94588, 100599, 68645, 7649, 6213, 59447]"
115070,"[107925, 70294, 13683, 70178, 47274, 35797, 37049, 83163, 86084, 7512]"
115071,"[92931, 38600, 44644, 62438, 78114, 69170, 62963, 82498, 106106, 42582]"
115072,"[27391, 109646, 51301, 38112, 33217, 53275, 33131, 86151, 15923, 53876]"
115073,"[78986, 94449, 13705, 46039, 29232, 85490, 69356, 24511, 331, 44737]"
115074,"[65587, 91239, 22704, 81766, 31849, 44199, 37484, 27452, 81456, 99733]"
115075,"[37594, 26625, 98022, 21762, 75503, 62076, 86586, 35174, 15315, 87753]"
115076,"[2697, 29552, 72017, 38350, 77538, 82423, 107619, 105867, 11204, 5851]"
115077,"[89284, 68026, 82450, 72336, 51278, 104755, 5064, 59288, 27677, 109065]"
115078,"[6313, 97836, 61952, 38638, 96386, 24151, 43295, 41482, 17920, 56115]"
115079,"[93459, 92239, 85362, 66804, 26931, 46608, 81756, 53836, 75296, 7052]"
115080,"[29884, 77240, 77867, 57765, 82053, 104964, 75914, 17703, 14730, 57224]"
115081,"[87001, 90589, 67919, 55415, 57307, 29378, 61609, 69350, 9911, 61574]"
115082,"[29626, 53168, 40263, 33919, 44622, 12875, 4378, 42490, 54084, 108495]"
115083,"[97329, 85531, 85126, 10881, 51431, 72209, 90982, 51717, 31833, 7654]"
115084,"[98944, 39347, 105823, 24219, 54725, 12186, 49953, 8379, 38360, 67495]"
115085,"[13838, 15162, 33813, 30186, 78884, 74648, 8239, 39490, 31410, 77581]"
115086,"[91309, 1919, 69844, 44456, 7039, 3239, 37622, 59942, 75490, 42290]"
115087,"[33977, 6781, 107182, 53020, 14114, 102487, 19287, 77931, 30732, 48477]"
115088,"[25027, 52099, 54770, 7024, 34935, 24363, 31871, 62976, 95618, 85771]"
115089,"[18264, 32557, 107380, 45828, 27144, 29384, 58509, 61711, 71993, 9040]"
115090,"[42450, 41989, 6775, 44894, 71769, 98231, 92645, 51253, 12051, 23141]"
115091,"[104857, 92163, 17239, 36419, 23433, 46532, 14545, 26424, 68272, 71744]"
115092,"[82523, 99187, 72652, 102539, 44982, 84034, 61783, 65432, 4233, 98480]"
115093,"[101021, 101248, 62434, 22884, 14703, 96547, 39056, 93197, 78612, 95263]"
115094,"[1176, 59917, 107855, 5979, 75892, 92632, 55864, 104947, 86116, 104010]"
115095,"[75032, 8315, 33698, 5369, 61537, 47215, 33363, 70031, 62409, 56418]"
115096,"[11817, 87817, 73449, 103156, 67154, 97544, 84388, 5625, 44366, 57211]"
115097,"[73733, 90747, 70516, 32574, 23511, 79160, 75985, 42328, 80645, 23761]"
115098,"[56914, 10921, 33600, 109043, 106526, 106221, 21867, 15651, 10942, 21834]"
115099,"[8821, 54793, 17006, 59445, 68993, 10367, 90633, 36896, 92293, 40452]"
115100,"[74071, 98984, 27497, 85875, 11137, 37958, 105184, 458, 85428, 40054]"
115101,"[57407, 4449, 107128, 68337, 19167, 1557, 38830, 89866, 43463, 11605]"
115102,"[23439, 35800, 43162, 32856, 81528, 42370, 81804, 43833, 59401, 70081]"
115103,"[94812, 86901, 87195, 18086, 20858, 19690, 45012, 78361, 99483, 70806]"
115104,"[22746, 32785, 67876, 78535, 44197, 107961, 20336, 33479, 108491, 68988]"
115105,"[89169, 45273, 1688, 1207, 61697, 89813, 60975, 108891, 39668, 42317]"
115106,"[49892, 94068, 68321, 25739, 106547, 18620, 97390, 49855, 73150, 13597]"
115107,"[39971, 34479, 13943, 51047, 57846, 18617, 13967, 9642, 36238, 40303]"
115108,"[64768, 28623, 15046, 44497, 27687, 81440, 80935, 15515, 84939, 71820]"
115109,"[95719, 12061, 103672, 87190, 94332, 3947, 101445, 87812, 36225, 73797]"
115110,"[50472, 75397, 17134, 74912, 22168, 86982, 11022, 75983, 44276, 77830]"
115111,"[75430, 3868, 61303, 41448, 2038, 82172, 47212, 77719, 23400, 56977]"
115112,"[41927, 39933, 36191, 76684, 51741, 137, 48586, 13772, 26913, 2785]"
115113,"[7718, 94001, 61706, 66528, 51570, 78746, 85533, 96636, 11341, 51257]"
115114,"[77338, 61647, 70412, 51653, 74660, 21256, 106647, 53509, 88262, 2993]"
115115,"[38062, 88783, 73686, 84128, 89088, 87094, 2279, 102320, 98534, 35329]"
115116,"[38353, 81032, 77426, 71572, 77489, 17901, 41727, 14895, 25153, 20607]"
115117,"[61204, 46527, 15041, 54451, 12183, 47915, 9946, 26459, 78106, 1222]"
115118,"[26882, 69863, 85438, 7047, 92430, 63760, 7494, 102451, 76665, 12147]"
115119,"[30746, 361, 30246, 24115, 76499, 107533, 11187, 44169, 66815, 19314]"
115120,"[105869, 13211, 73967, 52635, 90278, 1564, 47256, 58558, 23194, 85588]"
115121,"[5788, 88648, 64700, 19853, 83950, 92118, 18055, 84259, 31374, 10707]"
115122,"[47921, 42436, 29487, 4237, 13156, 29692, 63492, 66539, 31728, 68677]"
115123,"[51357, 88606, 103130, 34638, 20579, 27134, 53174, 37046, 9534, 14726]"
115124,"[103120, 3827, 43814, 105087, 21243, 2362, 101262, 71156, 29104, 8771]"
115125,"[95219, 4602, 15784, 13728, 18117, 109635, 74421, 20325, 9048, 79794]"
115126,"[29775, 83819, 25614, 49841, 83328, 87883, 42243, 49121, 23263, 14444]"
115127,"[66573, 108246, 102852, 50614, 72809, 5964, 77692, 24479, 62995, 19511]"
115128,"[43993, 18101, 99990, 28230, 41205, 78582, 195, 48833, 61453, 14005]"
115129,"[107971, 77348, 43889, 88973, 47917, 8204, 5961, 103529, 14675, 86006]"
115130,"[15076, 51523, 44364, 42366, 38417, 3060, 59504, 18491, 27432, 71001]"
115131,"[37052, 26160, 16083, 71654, 1798, 49394, 88138, 2037, 99121, 107529]"
115132,"[69826, 55462, 7980, 51969, 56332, 47087, 74364, 72550, 49700, 32912]"
115133,"[63352, 78416, 25369, 103398, 18529, 5245, 81221, 106742, 70937, 67575]"
115134,"[53882, 16610, 88851, 80755, 85314, 72293, 73982, 85647, 83695, 17220]"
115135,"[8041, 67157, 30319, 63062, 55168, 35917, 109475, 43735, 32620, 98781]"
115136,"[5199, 52289, 82038, 30651, 53584, 19886, 93943, 78099, 57112, 51826]"
115137,"[86980, 106167, 9696, 7065, 5870, 4860, 109173, 15749, 96577, 39857]"
115138,"[79358, 72144, 52076, 43677, 35540, 97848, 8187, 72788, 33860, 90468]"
115139,"[22352, 5666, 62459, 49051, 100468, 89838, 90908, 4576, 29329, 71855]"
115140,"[2353, 65462, 47123, 75176, 81773, 13571, 5174, 44541, 20519, 101059]"
115141,"[88460, 95766, 64597, 52333, 44543, 62441, 26898, 85037, 108572, 8550]"
115142,"[73618, 70363, 25143, 82564, 54458, 16816, 29205, 70301, 95491, 80092]"
115143,"[59129, 7446, 5833, 14980, 103169, 21672, 87635, 108465, 74580, 76325]"
115144,"[73621, 63611, 4363, 98591, 54813, 57469, 67779, 14139, 88227, 85059]"
115145,"[53483, 105529, 22759, 92500, 37514, 15914, 33197, 54851, 34038, 30843]"
115146,"[65003, 66772, 61899, 3504, 55167, 52208, 58837, 72801, 6561, 96489]"
115147,"[69558, 101067, 40917, 99807, 54987, 25352, 93497, 53607, 97271, 91968]"
115148,"[51119, 107487, 15962, 57554, 31783, 93392, 77831, 85639, 75666, 98732]"
115149,"[300, 80554, 59367, 27969, 66175, 52902, 22359, 102225, 51831, 104977]"
115150,"[16408, 25599, 79030, 33185, 18932, 13839, 20672, 7124, 54188, 76369]"
115151,"[61435, 70695, 81532, 93221, 38892, 39946, 63456, 20169, 7417, 92005]"
115152,"[47716, 31445, 44991, 73391, 47926, 799, 40332, 57557, 51923, 105043]"
115153,"[63203, 104234, 77230, 2108, 28351, 86443, 19024, 40066, 74271, 77372]"
115154,"[71903, 83721, 32520, 15227, 107329, 40374, 70798, 50058, 94326, 90537]"
115155,"[58015, 31833, 50422, 24553, 91186, 69751, 102788, 22613, 43535, 89840]"
115156,"[25615, 89542, 86767, 22306, 61599, 63793, 72636, 67358, 13128, 23169]"
115157,"[106084, 105716, 53411, 70249, 85280, 6551, 57051, 74267, 61478, 84025]"
115158,"[34313, 71112, 23497, 45844, 23194, 13211, 72924, 73964, 6371, 109017]"
115159,"[88123, 25828, 73516, 93296, 79312, 14870, 59930, 95803, 9621, 59873]"
115160,"[84216, 74097, 59087, 19774, 43602, 60117, 11574, 107988, 46837, 73798]"
115161,"[57182, 10486, 92341, 65689, 95403, 7996, 21318, 70613, 26925, 78455]"
115162,"[36409, 45422, 67571, 108915, 100918, 39518, 28738, 12567, 36814, 15261]"
115163,"[25604, 36743, 72343, 42839, 26819, 40965, 60949, 76509, 707, 88776]"
115164,"[2617, 90334, 77299, 5987, 58289, 33234, 89268, 102599, 79826, 54532]"
115165,"[65701, 24917, 52645, 65821, 38377, 37680, 24403, 73337, 61745, 12929]"
115166,"[55910, 24382, 42252, 18311, 64483, 90552, 43246, 98358, 66551, 10161]"
115167,"[43204, 99602, 57273, 87368, 94317, 44102, 3892, 64016, 88285, 88007]"
115168,"[54227, 25676, 9452, 95851, 79725, 91553, 28052, 99574, 9946, 26459]"
115169,"[89239, 37982, 57918, 99303, 67256, 47953, 25536, 84818, 62387, 67151]"
115170,"[68218, 108316, 43081, 8518, 8936, 11219, 81688, 70523, 30055, 46767]"
115171,"[72403, 771, 67188, 72925, 93707, 68437, 94836, 28455, 43600, 36689]"
115172,"[14480, 24358, 98904, 70511, 62718, 18882, 9714, 42290, 11824, 43878]"
115173,"[71622, 65327, 30159, 55850, 48284, 76211, 91384, 93203, 39676, 55961]"
115174,"[45486, 103534, 67568, 86293, 109131, 106171, 14205, 70872, 75920, 102032]"
115175,"[12857, 25315, 104559, 67097, 86560, 3948, 90593, 70889, 96206, 28748]"
115176,"[108662, 22519, 105185, 33902, 104894, 7409, 21494, 63254, 70586, 103067]"
115177,"[23869, 92788, 41524, 23351, 77147, 61745, 96783, 65397, 4660, 7355]"
115178,"[3038, 17376, 16500, 82752, 14634, 37697, 18309, 48195, 102657, 37578]"
115179,"[45483, 43828, 45416, 75016, 33088, 7420, 89481, 71251, 67659, 37472]"
115180,"[92261, 91017, 10152, 77023, 36695, 2713, 99216, 106313, 41361, 6467]"
115181,"[26171, 2081, 42721, 67019, 96940, 37003, 5863, 27773, 61661, 94436]"
115182,"[10691, 41456, 9048, 97715, 8383, 28019, 59292, 9380, 32012, 29583]"
115183,"[60782, 98048, 109139, 87899, 13891, 64917, 23975, 105314, 36894, 64904]"
115184,"[94997, 48363, 64607, 79763, 104473, 12071, 42937, 45279, 5195, 46969]"
115185,"[84878, 28593, 6346, 69583, 82486, 17407, 29525, 275, 102547, 87303]"
115186,"[43720, 12115, 79811, 12125, 78416, 86488, 85673, 63727, 82947, 76514]"
115187,"[58099, 87569, 31128, 98988, 9573, 8794, 88851, 73982, 38279, 34746]"
115188,"[6133, 49427, 105265, 16925, 4726, 63853, 96473, 12903, 87497, 455]"
115189,"[23615, 40661, 60438, 1323, 55694, 77315, 95931, 56994, 91264, 105352]"
115190,"[29418, 104975, 60823, 92443, 50686, 52079, 77955, 42701, 85857, 108827]"
115191,"[41724, 44647, 49605, 32449, 73007, 89718, 8271, 22714, 88379, 90049]"
115192,"[34246, 27433, 26454, 90299, 14975, 57483, 93111, 99685, 41488, 11497]"
115193,"[70010, 7627, 78198, 92801, 10704, 59797, 50548, 91066, 14217, 55872]"
115194,"[66412, 17165, 75776, 66298, 90151, 24238, 95085, 47535, 70103, 1556]"
115195,"[82252, 26616, 82384, 360, 72226, 49442, 74834, 87769, 68975, 79866]"
115196,"[92473, 38424, 56750, 61282, 49406, 50264, 77117, 59175, 55484, 66880]"
115197,"[89429, 67337, 82457, 10677, 16425, 10762, 26176, 97893, 104344, 77111]"
115198,"[42351, 19146, 23999, 31233, 42020, 8457, 33064, 72514, 78395, 4748]"
115199,"[21410, 44113, 11916, 14833, 74842, 6760, 49357, 22695, 81993, 28196]"
115200,"[18873, 4686, 6830, 41780, 72249, 7357, 98589, 102088, 16683, 96252]"
115201,"[2776, 23183, 93844, 35287, 54394, 109413, 21450, 106918, 32607, 22117]"
115202,"[104229, 46992, 40277, 84591, 83999, 11095, 4942, 34399, 17382, 67576]"
115203,"[82118, 81337, 13712, 53908, 32645, 20320, 9850, 62362, 31263, 39228]"
115204,"[38525, 13258, 90780, 1990, 79606, 30611, 6829, 30614, 877, 89859]"
115205,"[7553, 70796, 27336, 4688, 68844, 54981, 31425, 34662, 27283, 102418]"
115206,"[68328, 5131, 63787, 96790, 20279, 102878, 77682, 37515, 46332, 54468]"
115207,"[46668, 30291, 65176, 27286, 76059, 31406, 91354, 36590, 99843, 30597]"
115208,"[103373, 43246, 102441, 32109, 57343, 45003, 45974, 47264, 98358, 64483]"
115209,"[5226, 49361, 24668, 86717, 70320, 101600, 23832, 734, 107169, 98080]"
115210,"[62562, 68414, 68031, 86694, 12951, 3429, 101898, 7045, 51650, 56969]"
115211,"[21473, 35171, 62136, 65263, 10507, 42632, 99525, 25233, 59802, 93399]"
115212,"[86218, 73528, 63111, 15204, 103895, 50439, 32331, 12300, 91501, 45011]"
115213,"[54374, 42519, 52072, 3613, 6729, 10200, 15424, 35899, 84263, 87196]"
115214,"[27355, 88486, 48000, 67542, 65103, 62649, 58785, 14638, 48574, 56973]"
115215,"[87976, 70740, 78840, 80242, 60131, 61114, 36934, 22975, 99810, 41515]"
115216,"[81066, 84708, 59332, 94945, 53598, 107688, 2839, 28520, 25206, 3365]"
115217,"[77833, 59107, 83809, 76653, 45568, 61528, 83456, 64774, 15033, 101176]"
115218,"[36387, 59868, 94197, 107550, 22202, 22611, 10882, 85407, 88140, 38668]"
115219,"[25520, 64494, 2080, 39987, 2033, 56181, 93983, 2463, 62097, 29341]"
115220,"[56200, 61903, 13571, 75176, 37010, 81773, 86283, 2353, 98709, 14040]"
115221,"[57750, 37341, 101871, 88636, 445, 24624, 61741, 13265, 105043, 27699]"
115222,"[62810, 245, 84354, 98471, 45565, 46151, 29923, 45320, 50973, 78074]"
115223,"[95589, 66220, 5610, 78917, 108600, 54561, 3820, 41636, 87816, 35208]"
115224,"[95820, 71616, 6074, 87881, 26502, 7964, 48190, 29547, 65549, 41106]"
115225,"[17028, 94969, 106174, 59024, 79596, 95225, 94653, 98659, 20609, 40085]"
115226,"[6288, 80890, 50678, 106720, 4126, 23919, 106995, 56436, 22636, 77226]"
115227,"[23512, 104405, 102736, 64771, 44848, 78802, 107531, 61970, 88454, 6482]"
115228,"[37201, 17692, 26626, 79378, 99410, 91919, 19380, 76466, 20286, 73215]"
115229,"[55823, 56668, 108041, 43469, 14148, 7770, 38618, 68092, 68172, 53717]"
115230,"[84049, 61445, 39425, 10044, 29481, 69562, 27301, 42928, 76314, 88364]"
115231,"[9024, 49408, 28869, 40530, 38841, 37339, 62613, 9300, 9479, 36912]"
115232,"[94981, 106636, 95322, 64321, 36729, 9894, 38413, 32177, 29630, 25369]"
115233,"[45337, 106550, 99465, 102967, 71515, 79275, 79458, 8866, 61778, 89479]"
115234,"[52389, 80271, 59923, 50152, 54562, 459, 32908, 88084, 11743, 24573]"
115235,"[99646, 96957, 1115, 103641, 41603, 101681, 47968, 34485, 47281, 74172]"
115236,"[67555, 40316, 43693, 93604, 19838, 26738, 1450, 35749, 70265, 108301]"
115237,"[84466, 15037, 69609, 104676, 63966, 102382, 33554, 90788, 44530, 24472]"
115238,"[77706, 54489, 9500, 56876, 38651, 4951, 36868, 56080, 89998, 46276]"
115239,"[108758, 56906, 79282, 23566, 67360, 108257, 69295, 37746, 62866, 75254]"
115240,"[89990, 19607, 102437, 54931, 40391, 86344, 37494, 82478, 40716, 34596]"
115241,"[6737, 93833, 82146, 5084, 108160, 40176, 89419, 42003, 86388, 3405]"
115242,"[108980, 106528, 21573, 42738, 97689, 59240, 14956, 72572, 92445, 102580]"
115243,"[95371, 17319, 79519, 10212, 19803, 99717, 33209, 17933, 65002, 29731]"
115244,"[51799, 83103, 98400, 80819, 101285, 81154, 45742, 65123, 27767, 23396]"
115245,"[10215, 18805, 47419, 35801, 53204, 86542, 84376, 40847, 19005, 5947]"
115246,"[98042, 31731, 73988, 32607, 106918, 30569, 42070, 71782, 93844, 89713]"
115247,"[90419, 96182, 97299, 91987, 1279, 49618, 86973, 32078, 6011, 18285]"
115248,"[6177, 104724, 32302, 59968, 9349, 102045, 80631, 17052, 20909, 56729]"
115249,"[101482, 99698, 67329, 41379, 50752, 38626, 69637, 50509, 35577, 69919]"
115250,"[4457, 108964, 83610, 36281, 60097, 67499, 30714, 86891, 99682, 68867]"
115251,"[29737, 71651, 3525, 57573, 56764, 15648, 50844, 43636, 97894, 84728]"
115252,"[96659, 80643, 45582, 68704, 26517, 20933, 81728, 71558, 79843, 48404]"
115253,"[28343, 35354, 22112, 38897, 75457, 63077, 25983, 77968, 4022, 89395]"
115254,"[4797, 44340, 105556, 56026, 102199, 33842, 18945, 47090, 45632, 66872]"
115255,"[26675, 73002, 30019, 92251, 103040, 42141, 100153, 86049, 10757, 99647]"
115256,"[66377, 56353, 80276, 47220, 9985, 89790, 49385, 50863, 75548, 38878]"
115257,"[87040, 55184, 64834, 54552, 38567, 64116, 35511, 62712, 66232, 77011]"
115258,"[34287, 81939, 6824, 30086, 72813, 21749, 63051, 32416, 80043, 38041]"
115259,"[64463, 5189, 5988, 43534, 105687, 25603, 101493, 73303, 48839, 54631]"
115260,"[13872, 18178, 70310, 89113, 16909, 51963, 27627, 15577, 96541, 32268]"
115261,"[49105, 79691, 545, 86489, 87969, 15202, 4878, 713, 52975, 3986]"
115262,"[1569, 53444, 49064, 23001, 26366, 6792, 79650, 78657, 28546, 103499]"
115263,"[26639, 28134, 74012, 10093, 93358, 94932, 75183, 60918, 25863, 49381]"
115264,"[691, 36812, 107554, 8062, 81613, 49661, 40742, 59030, 106479, 33492]"
115265,"[79479, 11135, 109403, 84022, 101252, 31916, 38935, 37755, 21526, 61051]"
115266,"[89006, 54108, 88517, 25658, 63037, 88216, 91365, 79821, 92062, 39350]"
115267,"[50937, 11687, 57065, 67106, 16676, 104448, 54637, 58965, 5436, 96568]"
115268,"[33080, 75711, 85694, 102707, 59805, 76182, 67787, 62226, 91095, 12512]"
115269,"[41827, 33043, 9078, 47041, 30740, 44196, 104841, 17361, 77455, 25269]"
115270,"[40844, 56548, 18183, 49432, 51112, 87485, 95062, 42066, 15801, 1111]"
115271,"[80667, 77344, 81041, 99662, 32573, 5249, 28653, 59243, 69136, 24569]"
115272,"[13218, 18629, 47181, 30623, 93282, 94778, 58710, 15082, 93745, 31649]"
115273,"[91232, 106446, 59178, 51949, 13835, 12690, 55506, 56548, 91104, 88766]"
115274,"[27905, 33608, 62795, 108605, 91781, 25562, 61826, 88689, 93269, 40186]"
115275,"[29644, 10375, 17557, 34742, 88254, 34168, 2000, 66982, 84699, 14550]"
115276,"[55302, 70059, 105961, 80037, 6163, 102903, 90004, 19821, 18956, 59264]"
115277,"[104916, 80845, 16859, 25672, 57232, 89332, 104193, 72296, 42749, 88727]"
115278,"[3016, 21074, 2907, 31281, 43571, 103823, 31728, 61899, 53690, 47486]"
115279,"[9269, 57835, 94237, 30347, 45443, 83109, 49329, 14525, 59474, 19248]"
115280,"[191, 83920, 63464, 18461, 54113, 16288, 32860, 68591, 24061, 40730]"
115281,"[34367, 33165, 106916, 36483, 42871, 75612, 75149, 28972, 60459, 22327]"
115282,"[34964, 68214, 89238, 15944, 11804, 38042, 70909, 86935, 72764, 30609]"
115283,"[59901, 86764, 68985, 31988, 96697, 8009, 5419, 70647, 34060, 47219]"
115284,"[40474, 91373, 45301, 62952, 67405, 76598, 75727, 92598, 61002, 72514]"
115285,"[92532, 61407, 87333, 108980, 72572, 73497, 102580, 92445, 42738, 97689]"
115286,"[11780, 34077, 39666, 67675, 73558, 70515, 6067, 13283, 18319, 96340]"
115287,"[66853, 75698, 23901, 43213, 102226, 65302, 99337, 73088, 13029, 24263]"
115288,"[33567, 27825, 67342, 5344, 70106, 64893, 90601, 54064, 13376, 103780]"
115289,"[101230, 22493, 24067, 23315, 31305, 82102, 101725, 92983, 72771, 13474]"
115290,"[52433, 85708, 25821, 53469, 34303, 66773, 45032, 10821, 90346, 34196]"
115291,"[23681, 86335, 51432, 19144, 94221, 73656, 21884, 54373, 29794, 34874]"
115292,"[59780, 13524, 106000, 90157, 104569, 100471, 11487, 7343, 80638, 37960]"
115293,"[68738, 22311, 66024, 92587, 18134, 14729, 47077, 71058, 106284, 105519]"
115294,"[35614, 102230, 63896, 81602, 89512, 17863, 15913, 1936, 66867, 109507]"
115295,"[104924, 61851, 8955, 109597, 90042, 26436, 10493, 14745, 20397, 19136]"
115296,"[80265, 44589, 108559, 91752, 64745, 100403, 4948, 59345, 19630, 13327]"
115297,"[44269, 2069, 91846, 17234, 104419, 54661, 92704, 75539, 44736, 47474]"
115298,"[63732, 43474, 47599, 15138, 5472, 49685, 72376, 73698, 31298, 15579]"
115299,"[82727, 23316, 70191, 14511, 25320, 15668, 63612, 15321, 61692, 79247]"
115300,"[97693, 107211, 22802, 19992, 79110, 46568, 38086, 104361, 59791, 103854]"
115301,"[93066, 40548, 9481, 29143, 45943, 103541, 12093, 10656, 42425, 30409]"
115302,"[15526, 34905, 88992, 26566, 103523, 104892, 38515, 76626, 106144, 1]"
115303,"[98741, 105456, 102450, 96398, 99012, 36635, 5068, 4594, 24774, 74893]"
115304,"[58159, 103177, 10990, 68614, 14328, 98462, 40341, 80861, 40101, 81917]"
115305,"[69651, 46975, 59073, 80235, 56297, 76, 78332, 22522, 50983, 10090]"
115306,"[33982, 30290, 95054, 9607, 23461, 150, 69406, 14817, 49847, 60566]"
115307,"[23089, 109545, 15441, 60744, 23272, 105018, 57017, 89434, 55191, 82619]"
115308,"[100327, 12999, 57230, 102850, 73767, 55261, 100684, 80318, 70210, 90277]"
115309,"[37204, 64146, 47245, 50080, 39085, 76884, 10395, 9822, 86131, 81201]"
115310,"[62347, 72946, 88582, 64524, 8173, 103410, 24190, 72304, 87652, 19047]"
115311,"[48625, 8486, 82111, 19600, 105257, 46389, 101056, 70032, 56761, 71931]"
115312,"[63286, 67035, 67101, 81997, 44498, 76423, 43657, 89743, 57290, 104763]"
115313,"[11878, 87230, 74590, 47534, 65228, 3157, 108743, 92458, 61000, 66671]"
115314,"[94840, 54681, 7694, 70218, 102046, 58003, 79515, 1480, 28997, 17444]"
115315,"[63179, 46585, 32341, 71923, 8066, 84307, 27889, 85815, 4296, 50285]"
115316,"[59320, 59313, 45981, 35719, 48440, 102284, 6302, 3281, 26294, 21571]"
115317,"[11234, 104135, 65470, 55506, 61311, 16014, 79555, 41899, 71807, 88766]"
115318,"[66925, 66694, 102473, 80824, 84312, 49093, 90557, 71527, 67340, 1485]"
115319,"[1452, 71669, 19637, 38909, 14777, 58475, 25974, 45392, 52894, 75116]"
115320,"[34678, 5312, 101194, 64714, 15883, 93207, 73037, 50216, 47681, 79674]"
115321,"[98657, 86561, 85396, 35391, 44167, 57003, 6104, 83820, 6788, 103489]"
115322,"[48449, 85447, 2824, 102141, 103353, 55216, 83841, 81534, 19007, 95263]"
115323,"[56379, 14395, 45016, 46816, 8983, 20586, 102455, 15404, 59093, 17835]"
115324,"[11850, 9758, 50915, 108328, 7666, 25498, 8174, 66017, 86232, 67657]"
115325,"[28598, 22700, 32769, 56630, 22358, 1887, 35921, 35585, 47027, 72943]"
115326,"[86261, 83779, 19631, 4973, 51699, 89387, 59861, 10513, 24070, 42709]"
115327,"[44434, 26342, 51965, 61986, 46041, 40607, 45676, 31278, 55557, 15731]"
115328,"[73898, 78535, 20336, 33479, 108491, 5893, 22746, 62837, 93181, 32785]"
115329,"[95282, 13517, 32685, 28551, 42838, 43169, 6241, 82594, 103263, 72025]"
115330,"[5378, 87651, 105952, 58661, 72853, 80204, 49613, 33122, 45033, 44611]"
115331,"[24246, 49959, 59534, 88571, 20885, 1787, 72994, 1803, 26390, 42092]"
115332,"[69920, 107851, 28306, 68792, 86460, 12684, 45034, 79111, 2832, 99154]"
115333,"[82634, 38144, 13137, 76110, 21269, 91541, 13814, 28800, 18125, 68350]"
115334,"[46055, 11184, 62855, 92310, 14062, 106077, 72904, 49398, 541, 7154]"
115335,"[70021, 98152, 28271, 97577, 40694, 51759, 14397, 108490, 37780, 61919]"
115336,"[35906, 12320, 46204, 96509, 91885, 2893, 61709, 70130, 40494, 84410]"
115337,"[67387, 104662, 8312, 12181, 74292, 72187, 72047, 57228, 80664, 86351]"
115338,"[12681, 72873, 98340, 106758, 18209, 106409, 52823, 54314, 94958, 74567]"
115339,"[25117, 57476, 27952, 37411, 47393, 64748, 100383, 36665, 75304, 82782]"
115340,"[19174, 21262, 18696, 70148, 50594, 42781, 46582, 47045, 45235, 18484]"
115341,"[57103, 6802, 62957, 36110, 108697, 33625, 71287, 16172, 70046, 79856]"
115342,"[103264, 31187, 26518, 63728, 90133, 42464, 5201, 60815, 40284, 92811]"
115343,"[38944, 95513, 85728, 80024, 38422, 107579, 73544, 32274, 1710, 2124]"
115344,"[109644, 68751, 82273, 8801, 18080, 75369, 107262, 79073, 3735, 35507]"
115345,"[80957, 19430, 14857, 69118, 64595, 77956, 1470, 37618, 60108, 106703]"
115346,"[47918, 46983, 103508, 103091, 70350, 106437, 50818, 10851, 50744, 94479]"
115347,"[47775, 10941, 80703, 67875, 12769, 90805, 83231, 66341, 22996, 41742]"
115348,"[70262, 91536, 101808, 64257, 9829, 76475, 4769, 22023, 68953, 69366]"
115349,"[68508, 82495, 15084, 7182, 50897, 58829, 5851, 11917, 49382, 35322]"
115350,"[59187, 55269, 26861, 26749, 42609, 64099, 59428, 27836, 455, 70198]"
115351,"[52130, 19607, 51337, 106302, 72907, 24225, 50226, 108363, 102768, 36531]"
115352,"[47815, 61089, 70397, 58340, 14184, 93942, 63223, 31642, 49331, 108725]"
115353,"[30423, 28292, 20785, 64291, 26824, 14360, 52228, 8420, 15172, 69182]"
115354,"[27570, 29987, 20610, 50727, 101267, 70063, 89719, 32680, 107769, 99571]"
115355,"[32572, 85540, 73130, 10513, 42592, 19305, 97076, 34751, 25188, 47267]"
115356,"[91844, 68428, 21343, 3065, 11045, 11929, 53299, 98959, 62749, 46164]"
115357,"[61528, 59730, 45568, 15033, 64146, 48336, 83809, 83456, 2377, 51042]"
115358,"[108472, 19187, 75038, 49337, 96075, 109410, 39984, 87934, 74056, 78836]"
115359,"[21264, 36742, 19125, 76409, 41880, 37513, 101530, 50214, 104864, 105989]"
115360,"[85814, 56175, 47576, 26899, 77815, 49055, 43438, 11399, 72407, 33640]"
115361,"[47066, 47523, 87456, 102055, 51012, 36717, 39290, 7405, 100841, 13522]"
115362,"[71864, 79928, 101594, 107535, 45176, 76864, 5033, 75238, 89251, 2192]"
115363,"[42856, 70593, 70996, 53051, 5969, 3287, 45982, 63410, 77223, 106321]"
115364,"[46936, 54016, 17875, 49960, 15032, 3408, 25163, 97691, 83478, 12667]"
115365,"[97446, 5287, 11771, 7489, 57649, 95640, 2155, 33391, 20177, 85035]"
115366,"[47839, 99096, 10976, 83812, 25901, 53626, 55701, 18939, 41370, 70017]"
115367,"[89394, 95564, 49867, 88055, 50991, 34515, 20272, 651, 14476, 90679]"
115368,"[14167, 11381, 104993, 5794, 63366, 16541, 28329, 19646, 33635, 54254]"
115369,"[96843, 67017, 11986, 21824, 26726, 39216, 37300, 1047, 77702, 18061]"
115370,"[51192, 11300, 106983, 92223, 22812, 49541, 77911, 102225, 79122, 51248]"
115371,"[37447, 99566, 75488, 15672, 17504, 36869, 173, 67860, 51174, 51399]"
115372,"[21632, 77342, 61610, 72089, 9476, 35449, 42237, 36638, 64646, 98769]"
115373,"[72665, 52017, 96338, 48041, 18093, 16508, 87347, 5061, 100868, 80891]"
115374,"[17245, 45819, 61332, 71700, 78035, 54441, 11637, 102918, 11935, 69565]"
115375,"[28324, 37602, 40000, 79706, 104983, 4949, 95194, 10201, 91675, 57208]"
115376,"[46317, 106680, 93961, 85488, 12185, 109237, 5660, 104749, 39502, 47133]"
115377,"[352, 75773, 6578, 61982, 90222, 96716, 85656, 106227, 41902, 57946]"
115378,"[15776, 42524, 69871, 109140, 46010, 19343, 480, 98924, 90928, 78876]"
115379,"[21447, 30515, 32010, 53448, 64728, 28842, 90465, 78570, 104646, 94604]"
115380,"[77508, 34055, 64193, 54330, 86786, 105793, 64032, 183, 90874, 91002]"
115381,"[70688, 22677, 30075, 31331, 101840, 38471, 88554, 48364, 76131, 86473]"
115382,"[62478, 99238, 40626, 48575, 41424, 82544, 3597, 39847, 76510, 80086]"
115383,"[20626, 68861, 27210, 14766, 32926, 23958, 27189, 22372, 45729, 31750]"
115384,"[74977, 96440, 64040, 49437, 88498, 109302, 58436, 100604, 32857, 48950]"
115385,"[19034, 66440, 96222, 36874, 84482, 7940, 79409, 93639, 16662, 18045]"
115386,"[70696, 60644, 40796, 9866, 8123, 22284, 49938, 64806, 58459, 8966]"
115387,"[13971, 38833, 88525, 60530, 21574, 101558, 12300, 77515, 103772, 57112]"
115388,"[87046, 72063, 102554, 99816, 25951, 104349, 14820, 105005, 77221, 17641]"
115389,"[93604, 108301, 9117, 92553, 21242, 19754, 45692, 83414, 1538, 32819]"
115390,"[41352, 40236, 90361, 62858, 47598, 29438, 101497, 49606, 34225, 105323]"
115391,"[93611, 51702, 6486, 1602, 39135, 84055, 69683, 54519, 101694, 82969]"
115392,"[15794, 38172, 55106, 45642, 81879, 28255, 100712, 8495, 65804, 1870]"
115393,"[11873, 4301, 44641, 22051, 20928, 44133, 94982, 85833, 34602, 83690]"
115394,"[31247, 43643, 57686, 58365, 107120, 81442, 33196, 53276, 35952, 43992]"
115395,"[57208, 57891, 106087, 91675, 100062, 59279, 96590, 104983, 41475, 36371]"
115396,"[8657, 49691, 75250, 105245, 46571, 35112, 102097, 58902, 67590, 23464]"
115397,"[50172, 41937, 96256, 44137, 35613, 74104, 92160, 49595, 44437, 13608]"
115398,"[19682, 104699, 86603, 41735, 32614, 69587, 69732, 30988, 14859, 5463]"
115399,"[100135, 9942, 100622, 21098, 102954, 109423, 26786, 40918, 91621, 105071]"
115400,"[71923, 27889, 85815, 90576, 8066, 63179, 60547, 46585, 72368, 42610]"
115401,"[12284, 49827, 102701, 64680, 109629, 30850, 47379, 31391, 56126, 8435]"
115402,"[95407, 36284, 10318, 8304, 69033, 3547, 88777, 14218, 21997, 50583]"
115403,"[70972, 66426, 67977, 59717, 78065, 27758, 53892, 35937, 70582, 103737]"
115404,"[94288, 6200, 18072, 72561, 62490, 74342, 29125, 66661, 99382, 91425]"
115405,"[62801, 87984, 31028, 68037, 86762, 99716, 77277, 5931, 61240, 89400]"
115406,"[64925, 72156, 68262, 89329, 30967, 36450, 77822, 64145, 45758, 100968]"
115407,"[67800, 841, 89047, 24689, 33712, 11596, 106291, 10520, 72895, 87988]"
115408,"[73207, 40281, 54028, 1899, 31740, 37081, 45445, 23641, 39872, 41857]"
115409,"[54031, 105683, 10533, 82235, 55130, 2488, 90846, 34714, 53680, 1237]"
115410,"[47855, 75851, 96287, 52915, 54170, 76137, 23360, 27980, 57564, 77957]"
115411,"[87743, 47522, 66475, 29909, 48453, 25643, 102708, 78369, 31497, 6385]"
115412,"[89728, 65243, 107367, 14504, 2600, 42903, 95337, 100573, 86465, 36333]"
115413,"[36921, 92620, 78046, 107574, 17850, 46502, 17536, 82977, 33006, 61965]"
115414,"[86729, 33664, 66367, 23552, 56254, 92634, 68720, 74358, 73333, 57603]"
115415,"[46318, 24397, 38126, 76000, 65393, 46466, 97287, 11397, 69211, 59487]"
115416,"[82148, 37629, 42916, 84732, 4502, 9997, 32588, 40333, 17369, 108744]"
115417,"[76533, 6324, 33575, 106322, 88786, 90654, 37946, 7215, 69415, 20489]"
115418,"[107706, 94606, 72702, 62030, 107729, 102125, 87527, 51310, 13113, 85023]"
115419,"[40419, 6717, 103029, 5540, 33877, 76298, 3394, 17581, 102818, 28838]"
115420,"[52068, 23709, 69164, 32901, 6297, 45204, 107414, 71229, 27396, 32979]"
115421,"[29036, 9803, 7147, 741, 36294, 67085, 36130, 14352, 108943, 91469]"
115422,"[1099, 104936, 84679, 15071, 69504, 77186, 35491, 18331, 42561, 69163]"
115423,"[83859, 43785, 39185, 43838, 49641, 86704, 29940, 109192, 71912, 86645]"
115424,"[32942, 77447, 27899, 90346, 26162, 45032, 25821, 85708, 52433, 83450]"
115425,"[11426, 88754, 5756, 74644, 60517, 55898, 95017, 108291, 24064, 14197]"
115426,"[92153, 105815, 6007, 36249, 67443, 98593, 91517, 37269, 109148, 68301]"
115427,"[73963, 61597, 11278, 61744, 96485, 70964, 90949, 107412, 23411, 83298]"
115428,"[107932, 54968, 1964, 30900, 107439, 99416, 93547, 21458, 70703, 37534]"
115429,"[98904, 94015, 73577, 40139, 35177, 50377, 101339, 99157, 25331, 38095]"
115430,"[27218, 57772, 92010, 31141, 59352, 33255, 49775, 81976, 103820, 2124]"
115431,"[108070, 5099, 68505, 108580, 9987, 14756, 8726, 62769, 62672, 81134]"
115432,"[67609, 55392, 29051, 71868, 71395, 44769, 30035, 84210, 78491, 64595]"
115433,"[91759, 792, 63039, 55843, 52163, 42923, 59506, 52805, 12161, 35309]"
115434,"[75438, 36976, 38799, 42561, 4365, 5214, 78138, 26875, 77118, 70640]"
115435,"[43114, 87638, 88077, 6695, 72891, 85903, 93754, 93250, 84461, 6597]"
115436,"[77119, 2238, 84875, 8684, 76835, 35896, 53074, 53278, 59590, 23607]"
115437,"[20552, 3417, 104414, 98920, 34819, 77938, 54398, 101831, 32278, 22940]"
115438,"[4017, 14933, 109684, 12143, 90088, 64644, 89236, 50743, 12182, 47680]"
115439,"[68062, 19875, 11010, 71487, 29451, 104808, 39786, 80550, 42747, 17195]"
115440,"[101313, 26062, 25415, 18907, 102067, 99885, 17371, 27266, 42879, 64456]"
115441,"[84826, 96997, 71356, 78319, 75126, 10534, 39005, 3148, 29066, 13949]"
115442,"[26160, 2037, 107529, 8976, 88138, 4201, 104070, 89543, 33744, 32851]"
115443,"[34239, 27047, 16263, 68452, 37025, 5304, 35179, 96130, 4380, 57763]"
115444,"[10799, 1717, 75561, 15385, 9071, 60534, 100887, 106626, 52078, 10996]"
115445,"[101948, 56140, 71169, 65252, 108504, 64170, 82418, 25896, 77660, 3039]"
115446,"[104047, 103622, 108214, 19805, 58486, 16092, 37297, 74911, 14107, 1668]"
115447,"[2281, 81605, 87138, 32176, 2457, 76338, 80390, 16805, 78658, 92809]"
115448,"[63982, 51447, 81431, 101412, 61756, 2381, 39234, 9075, 54204, 243]"
115449,"[83957, 48669, 34226, 87574, 77276, 76694, 21834, 96647, 48291, 26703]"
115450,"[84573, 61787, 108975, 29237, 76041, 89982, 61279, 56172, 16051, 103493]"
115451,"[39329, 94993, 76270, 84243, 64575, 24571, 56654, 4875, 26786, 42350]"
115452,"[58159, 68614, 49416, 63461, 62056, 62251, 10990, 61524, 40101, 80861]"
115453,"[21460, 74049, 16936, 98255, 71690, 34677, 22634, 15406, 3533, 101457]"
115454,"[61497, 83976, 104134, 23601, 59017, 1824, 38397, 34687, 7758, 39965]"
115455,"[65002, 17319, 99717, 33209, 33560, 20415, 79519, 1079, 10212, 78365]"
115456,"[43282, 2360, 49929, 84577, 104626, 70340, 22144, 29693, 3149, 52745]"
115457,"[358, 96134, 37284, 24075, 97957, 61813, 87179, 17109, 80089, 78892]"
115458,"[91852, 79124, 36152, 7256, 65851, 53178, 65441, 98883, 97374, 24682]"
115459,"[40343, 80514, 72784, 16024, 86422, 34024, 53351, 77983, 103956, 40565]"
115460,"[30092, 67947, 29524, 96488, 102184, 46178, 22362, 97628, 68811, 44831]"
115461,"[71533, 31970, 96943, 23372, 38448, 85222, 89355, 1828, 22213, 81778]"
115462,"[30026, 83878, 19347, 44153, 52262, 52213, 19203, 57404, 36549, 45535]"
115463,"[21938, 35506, 33985, 109544, 93202, 106296, 72883, 33911, 80720, 89633]"
115464,"[41758, 64174, 69781, 109221, 55142, 52560, 18814, 8296, 109101, 4702]"
115465,"[24983, 86529, 83992, 49797, 24585, 878, 42376, 82130, 46129, 43688]"
115466,"[85606, 75525, 35564, 57003, 44167, 51659, 53759, 103489, 97391, 79681]"
115467,"[48176, 98190, 43805, 27228, 54728, 55612, 91453, 38044, 7478, 45455]"
115468,"[95003, 65904, 26929, 60905, 38630, 49957, 85525, 35059, 59466, 4756]"
115469,"[67783, 17416, 14884, 103292, 7019, 40430, 74594, 51513, 22593, 66189]"
115470,"[7699, 6943, 60787, 77525, 38542, 90705, 94254, 25508, 47215, 24285]"
115471,"[5098, 49493, 96974, 64262, 32643, 36413, 75926, 22821, 12054, 13901]"
115472,"[76262, 105685, 93131, 64375, 54226, 31284, 72276, 55895, 50329, 74925]"
115473,"[95606, 105191, 3956, 26092, 49111, 53587, 28748, 77685, 25315, 93559]"
115474,"[73541, 2580, 59708, 33174, 66684, 91540, 104735, 80835, 76003, 88858]"
115475,"[79509, 97004, 33768, 81373, 78516, 101543, 10100, 77687, 9154, 26705]"
115476,"[58272, 37810, 58943, 96447, 54599, 57859, 102971, 73045, 63917, 34290]"
115477,"[40193, 3191, 9542, 5030, 75004, 24676, 29876, 38617, 41075, 12461]"
115478,"[79667, 78307, 2905, 88408, 93347, 15749, 10836, 30015, 69679, 59689]"
115479,"[74213, 95834, 27583, 25362, 106249, 63972, 79429, 73749, 2610, 18755]"
115480,"[10360, 65375, 54386, 64278, 26264, 16462, 65212, 79185, 71870, 47350]"
115481,"[66268, 46382, 74578, 60994, 97401, 34034, 40057, 25193, 1581, 103220]"
115482,"[31359, 10203, 59337, 95233, 90250, 3847, 87930, 64910, 31790, 109123]"
115483,"[96691, 71652, 80469, 97712, 7912, 90657, 88446, 86362, 23470, 57226]"
115484,"[8813, 53745, 87531, 55919, 34696, 61485, 75405, 21432, 92581, 62079]"
115485,"[13079, 33606, 37321, 18403, 54869, 109100, 43070, 80467, 42635, 23349]"
115486,"[48387, 28553, 50964, 64239, 32554, 59657, 62990, 9167, 43292, 39294]"
115487,"[62488, 51205, 101171, 13362, 5150, 99277, 103247, 31144, 5861, 66267]"
115488,"[50610, 87100, 93216, 37963, 646, 90884, 104959, 58255, 61208, 81390]"
115489,"[9655, 104303, 10464, 63595, 59995, 66181, 12135, 65874, 48790, 66108]"
115490,"[49798, 61507, 59683, 90646, 106258, 6448, 62211, 35665, 62907, 51094]"
115491,"[16613, 98290, 22627, 15982, 94853, 24463, 198, 76995, 39450, 74490]"
115492,"[95635, 102215, 70494, 73872, 109096, 47487, 12770, 89074, 39716, 94841]"
115493,"[45210, 98210, 75913, 87177, 45573, 5365, 41943, 69589, 3794, 29523]"
115494,"[62, 92316, 751, 88373, 107205, 70764, 103758, 1698, 75770, 11559]"
115495,"[43119, 69587, 76687, 26995, 59957, 8181, 48017, 79277, 91265, 33317]"
115496,"[28738, 12567, 28026, 36814, 12800, 15261, 2990, 78958, 5328, 36409]"
115497,"[59303, 15820, 80540, 65763, 103069, 10036, 59546, 90129, 23160, 20555]"
115498,"[34330, 35807, 77074, 80154, 69773, 20622, 60532, 63281, 104188, 47997]"
115499,"[66094, 62197, 109142, 54731, 105023, 99429, 35347, 3336, 70495, 27377]"
115500,"[108483, 71266, 55936, 46154, 65682, 65764, 46889, 78441, 21425, 47255]"
115501,"[39016, 90823, 21424, 443, 39472, 44139, 65733, 52954, 35185, 48667]"
115502,"[106184, 104884, 78054, 6260, 35287, 44604, 83722, 30343, 52335, 20132]"
115503,"[29277, 5625, 92950, 16162, 71035, 15730, 44366, 23714, 105, 32127]"
115504,"[6905, 12770, 47487, 3192, 87349, 68727, 61714, 70866, 23649, 58977]"
115505,"[73100, 43102, 77389, 102507, 84671, 11264, 42586, 70194, 67674, 48394]"
115506,"[7083, 40870, 107125, 100011, 36851, 24944, 25494, 35884, 87674, 83455]"
115507,"[86659, 9492, 58934, 109685, 55623, 56608, 85078, 44616, 82925, 87468]"
115508,"[53822, 85227, 32573, 63005, 59243, 44950, 56478, 37190, 28653, 5249]"
115509,"[45895, 41448, 108377, 72967, 40726, 27833, 64562, 62956, 32023, 83221]"
115510,"[88891, 20091, 12834, 89109, 51556, 100066, 59786, 96710, 75940, 65658]"
115511,"[90208, 109753, 38804, 19417, 71506, 843, 43767, 100450, 29947, 43932]"
115512,"[71929, 5034, 80604, 106306, 90640, 65236, 5277, 49469, 81963, 74620]"
115513,"[18859, 70478, 47895, 93587, 105632, 31264, 46275, 74855, 71800, 50382]"
115514,"[81110, 36336, 56471, 62171, 55749, 5723, 60184, 86959, 13063, 61363]"
115515,"[7493, 45981, 63429, 21571, 81574, 86881, 26294, 6302, 47880, 35719]"
115516,"[103517, 68947, 69841, 101578, 96155, 40751, 100278, 90742, 37173, 101821]"
115517,"[103600, 16589, 54976, 83866, 56758, 108371, 72355, 45061, 100099, 3883]"
115518,"[26450, 88397, 17064, 25021, 73589, 94634, 79408, 69463, 66329, 30095]"
115519,"[102323, 11482, 17580, 11738, 54246, 31953, 91263, 44706, 5983, 47902]"
115520,"[62016, 64686, 95422, 87484, 27837, 109009, 108942, 80609, 46728, 38708]"
115521,"[18327, 23369, 97067, 64952, 103346, 53955, 52792, 55375, 15225, 21408]"
115522,"[37883, 51951, 22105, 57934, 49891, 102786, 46716, 798, 107075, 41130]"
115523,"[37947, 28025, 86753, 23492, 22230, 93749, 77484, 13905, 108944, 35449]"
115524,"[67225, 53619, 54401, 76945, 108488, 30698, 96826, 99513, 88552, 40768]"
115525,"[69822, 66833, 82119, 39566, 28759, 29782, 46658, 100439, 62336, 48647]"
115526,"[34352, 45108, 97007, 51332, 6499, 36073, 84105, 39097, 109000, 59889]"
115527,"[90757, 64917, 98048, 51896, 39461, 49188, 9458, 64904, 13891, 91012]"
115528,"[20820, 86077, 26860, 109274, 17270, 38285, 77529, 65499, 2338, 94109]"
115529,"[5159, 18093, 54109, 88260, 8096, 10720, 30974, 56515, 84689, 72665]"
115530,"[79128, 81285, 56373, 46895, 1996, 71970, 99206, 52541, 93189, 43466]"
115531,"[64493, 107773, 15019, 75134, 13708, 31173, 91576, 58962, 109658, 73394]"
115532,"[92882, 3138, 28061, 19610, 87105, 35382, 65712, 4361, 98293, 105093]"
115533,"[24165, 1951, 45238, 1457, 72077, 63549, 95500, 101419, 86610, 91319]"
115534,"[108687, 41934, 1108, 54643, 107356, 27824, 101437, 100808, 52546, 6180]"
115535,"[93379, 56655, 22224, 89637, 58679, 34048, 39988, 21045, 44093, 16441]"
115536,"[93775, 103537, 84848, 79989, 69570, 16114, 40003, 9123, 30434, 31974]"
115537,"[647, 73609, 58854, 25390, 92589, 79818, 69875, 82183, 26923, 9376]"
115538,"[83363, 30420, 92140, 27986, 87179, 13585, 80089, 93618, 33892, 30535]"
115539,"[108189, 105606, 18558, 17609, 87035, 83468, 36160, 90896, 22082, 106802]"
115540,"[51062, 105955, 38270, 50916, 64415, 72872, 46661, 101093, 96868, 39692]"
115541,"[38525, 39635, 13258, 70070, 89859, 35648, 13693, 3605, 1990, 93704]"
115542,"[88193, 24282, 62608, 57327, 96550, 97341, 81021, 22036, 62365, 61770]"
115543,"[72261, 88067, 90861, 101054, 92003, 15843, 107200, 79528, 43349, 65432]"
115544,"[90590, 19463, 73831, 36914, 100859, 71503, 100524, 98397, 109523, 100923]"
115545,"[43793, 578, 40991, 86779, 50646, 58247, 65779, 26649, 64514, 55920]"
115546,"[4223, 70762, 22164, 51070, 11256, 57395, 38252, 37831, 92181, 4395]"
115547,"[81119, 16365, 102498, 106278, 20263, 82670, 85124, 99427, 19077, 78328]"
115548,"[76271, 3236, 95890, 2962, 86680, 41875, 51930, 65966, 13371, 101715]"
115549,"[20306, 19249, 101074, 52995, 108342, 17542, 3622, 78479, 109469, 21175]"
115550,"[99528, 18525, 62819, 92640, 10229, 13989, 73269, 18378, 87908, 21301]"
115551,"[77928, 22294, 82496, 6567, 24867, 60091, 19941, 57827, 88353, 89269]"
115552,"[45067, 72536, 60228, 82882, 30172, 36207, 48768, 68002, 4085, 72972]"
115553,"[57158, 64915, 86347, 59910, 66907, 16965, 71073, 35993, 70457, 58478]"
115554,"[30490, 60509, 84904, 108292, 55175, 89041, 22190, 60652, 11250, 12873]"
115555,"[35637, 76826, 106684, 25166, 91587, 88142, 7516, 86609, 102409, 75065]"
115556,"[3838, 25581, 63677, 66676, 47263, 91485, 47330, 46830, 104205, 37407]"
115557,"[10015, 40189, 8102, 37102, 7772, 65640, 87601, 96765, 17167, 33331]"
115558,"[98548, 103147, 2587, 49915, 772, 48302, 103392, 44171, 42397, 100937]"
115559,"[29289, 104868, 35190, 47498, 66298, 96811, 39445, 83019, 5170, 106102]"
115560,"[103117, 47464, 93864, 46189, 67037, 17221, 39991, 72314, 83470, 73070]"
115561,"[79381, 89737, 11362, 86768, 91707, 107185, 21557, 22508, 32517, 89038]"
115562,"[12371, 67223, 70778, 84058, 56302, 97677, 35738, 31003, 82708, 65173]"
115563,"[90761, 54130, 24835, 10656, 33597, 37794, 64236, 42425, 45943, 95633]"
115564,"[60818, 83605, 106611, 27127, 82973, 73569, 85600, 7226, 85583, 86944]"
115565,"[67268, 62264, 24296, 79763, 3602, 83692, 64607, 91670, 36822, 101289]"
115566,"[77967, 104439, 48977, 61768, 83639, 64391, 81140, 83253, 63127, 82488]"
115567,"[67986, 87285, 98016, 87002, 51366, 12739, 26948, 93309, 12422, 98423]"
115568,"[105931, 53695, 97527, 63112, 46373, 27936, 42756, 60287, 68008, 82063]"
115569,"[40985, 6876, 20974, 48168, 10979, 60583, 50527, 10412, 65106, 3615]"
115570,"[1718, 107540, 39124, 33117, 94597, 24875, 43609, 103825, 61886, 76515]"
115571,"[35912, 47093, 35960, 51266, 103169, 50038, 97518, 52444, 28672, 23890]"
115572,"[67620, 51571, 4324, 26163, 5880, 104377, 81657, 69411, 44432, 7364]"
115573,"[11174, 18247, 96618, 105918, 25930, 31423, 9375, 76459, 22848, 31399]"
115574,"[10512, 28492, 38577, 78247, 99149, 36605, 87507, 29602, 86998, 53225]"
115575,"[92889, 81107, 23737, 86783, 90239, 3237, 24432, 19475, 134, 27041]"
115576,"[23130, 81746, 39000, 24049, 56150, 87287, 51078, 4315, 104714, 31165]"
115577,"[106568, 11820, 50066, 6304, 5765, 23381, 20711, 79204, 87681, 100378]"
115578,"[64784, 99922, 94967, 30653, 70374, 98857, 77694, 78791, 101565, 16178]"
115579,"[81526, 101792, 50188, 96307, 94248, 79352, 38167, 9195, 90227, 8574]"
115580,"[29961, 6959, 102070, 83058, 29491, 55898, 13833, 95017, 90644, 88754]"
115581,"[92443, 60823, 29418, 44620, 94239, 101085, 28881, 81287, 72486, 85857]"
115582,"[65663, 73843, 73307, 47960, 107780, 101303, 55043, 36764, 75008, 54521]"
115583,"[52556, 11792, 2713, 52456, 102081, 101838, 51413, 35801, 87434, 105340]"
115584,"[58985, 94467, 30431, 66839, 3449, 2475, 78649, 60202, 61934, 46902]"
115585,"[24560, 6743, 68813, 25157, 3616, 70338, 5076, 80029, 64634, 50662]"
115586,"[107217, 75961, 54347, 54615, 16348, 20409, 13678, 639, 63108, 83554]"
115587,"[54532, 105855, 108127, 41662, 36971, 49604, 7412, 105302, 94322, 63314]"
115588,"[21257, 37920, 5017, 67773, 78304, 88010, 19942, 81979, 64410, 97231]"
115589,"[31528, 31340, 2674, 108683, 95665, 94761, 97549, 38998, 90023, 75300]"
115590,"[47294, 39537, 22163, 61857, 107545, 100550, 102976, 36844, 14383, 90819]"
115591,"[54146, 6537, 85757, 37320, 95546, 17538, 47872, 102425, 65361, 22355]"
115592,"[71477, 23078, 108080, 34166, 24903, 59804, 102093, 2300, 65664, 72484]"
115593,"[61014, 86771, 101552, 90478, 94944, 87227, 106612, 55621, 82697, 49448]"
115594,"[106971, 39657, 19795, 63710, 24590, 45166, 82597, 25078, 66376, 18138]"
115595,"[48605, 73959, 42889, 100072, 73729, 29867, 35142, 77073, 72840, 29310]"
115596,"[98675, 90500, 28559, 20507, 103546, 47702, 69182, 54748, 47201, 62255]"
115597,"[90197, 38338, 15029, 57882, 88502, 79242, 81982, 82885, 59486, 102424]"
115598,"[45106, 11974, 44353, 15783, 29897, 108085, 109543, 93732, 83753, 39507]"
115599,"[66377, 56353, 80276, 47220, 9985, 89790, 49385, 50863, 75548, 38878]"
115600,"[54381, 20080, 66424, 55225, 23158, 90775, 50854, 36932, 27044, 27576]"
115601,"[11317, 46302, 72969, 80177, 62445, 43854, 41774, 49043, 33729, 48583]"
115602,"[12672, 40833, 60108, 69439, 22861, 100651, 69118, 31661, 9557, 92817]"
115603,"[100810, 30803, 49284, 58607, 20574, 29540, 76361, 70673, 13223, 24799]"
115604,"[23291, 50607, 31452, 72962, 21518, 51410, 93830, 82897, 34966, 68707]"
115605,"[22201, 48991, 41179, 108850, 45517, 43870, 99146, 52044, 40640, 71990]"
115606,"[108497, 93762, 107949, 38970, 96054, 61790, 63520, 105551, 77894, 25705]"
115607,"[29140, 76037, 96443, 68308, 7127, 49958, 50318, 67476, 11961, 107131]"
115608,"[13471, 41506, 58960, 60010, 979, 61164, 97976, 106031, 59679, 27822]"
115609,"[3676, 28784, 56409, 88349, 23320, 26543, 45280, 71009, 2187, 104584]"
115610,"[10292, 93462, 51529, 70211, 107837, 66587, 5961, 36640, 31755, 22030]"
115611,"[31634, 44676, 60080, 97581, 83232, 20094, 68121, 89861, 16018, 109567]"
115612,"[81009, 57898, 104198, 59511, 74543, 57069, 52218, 32051, 44252, 38093]"
115613,"[44293, 59287, 95278, 109432, 90571, 64386, 3562, 5243, 14823, 19374]"
115614,"[75596, 31262, 97950, 79778, 43391, 95162, 97891, 35751, 12243, 105776]"
115615,"[87235, 33634, 73189, 19193, 68033, 73817, 89135, 32980, 39575, 73998]"
115616,"[34470, 63271, 99869, 63061, 68635, 34143, 9798, 11128, 75574, 34739]"
115617,"[31535, 20218, 24790, 63750, 64838, 93202, 82311, 20051, 80506, 66600]"
115618,"[68435, 68023, 67861, 47592, 8406, 40699, 31924, 31589, 97162, 13114]"
115619,"[47777, 6768, 25011, 95206, 104252, 27530, 38680, 46570, 91511, 106807]"
115620,"[38045, 3240, 61497, 7731, 55765, 45876, 80061, 77317, 14307, 80470]"
115621,"[40324, 72944, 96272, 61837, 85789, 35069, 69835, 93722, 31198, 88170]"
115622,"[880, 26553, 28298, 33899, 91392, 81905, 97873, 59109, 108163, 69389]"
115623,"[88818, 24615, 17412, 11813, 79868, 51334, 14363, 82703, 9640, 30372]"
115624,"[47528, 64635, 22855, 29913, 67179, 108842, 93501, 1718, 16129, 18524]"
115625,"[45720, 13516, 75721, 59818, 68900, 68638, 70069, 668, 56470, 13407]"
115626,"[54123, 65729, 37104, 30317, 62329, 29407, 88001, 62937, 92197, 86618]"
115627,"[82491, 28423, 104231, 74696, 81111, 33247, 27394, 49550, 3031, 82909]"
115628,"[72326, 55740, 46335, 59321, 70574, 65992, 10383, 5608, 58173, 56674]"
115629,"[47900, 14242, 6670, 48762, 7473, 107374, 10043, 86974, 35957, 46696]"
115630,"[37803, 38986, 38053, 697, 17324, 17295, 1806, 29108, 42939, 88892]"
115631,"[24091, 87765, 6505, 47096, 72379, 37698, 80607, 57634, 70219, 29821]"
115632,"[1265, 46141, 40143, 48677, 23270, 4074, 83938, 64366, 1049, 39273]"
115633,"[14041, 44211, 263, 91766, 32615, 103994, 53475, 106677, 24836, 108718]"
115634,"[13290, 26541, 50211, 81935, 428, 31664, 12285, 4718, 3697, 85948]"
115635,"[65011, 60454, 70373, 40093, 9558, 25922, 64875, 107110, 16174, 23489]"
115636,"[62172, 47421, 85990, 69653, 58587, 3962, 86791, 75711, 85694, 18322]"
115637,"[37089, 7052, 89415, 60868, 98041, 93459, 81857, 18289, 45832, 26931]"
115638,"[75544, 95901, 104387, 44040, 107700, 2560, 86993, 97694, 38947, 19110]"
115639,"[99122, 39183, 7507, 50243, 59338, 49748, 107376, 57012, 82510, 24928]"
115640,"[37139, 101052, 49050, 109266, 51825, 102941, 76165, 36024, 1338, 3173]"
115641,"[1105, 23660, 24806, 109209, 20999, 54988, 65384, 93422, 73466, 73001]"
115642,"[68308, 24584, 12310, 50318, 107235, 49958, 7380, 107504, 30308, 65115]"
115643,"[23981, 54316, 21058, 109473, 31763, 90567, 54264, 38819, 55630, 75634]"
115644,"[69644, 9193, 73523, 63596, 2593, 2900, 60882, 94443, 62531, 3153]"
115645,"[81321, 74291, 99362, 3045, 1976, 9037, 9044, 66681, 58240, 56516]"
115646,"[77938, 54398, 101831, 20552, 64242, 3417, 98920, 34819, 27249, 82409]"
115647,"[1688, 29869, 311, 71040, 45273, 10618, 89169, 60447, 13543, 42210]"
115648,"[1919, 58396, 75259, 67793, 44456, 7039, 3239, 69844, 34354, 5734]"
115649,"[89173, 95880, 72315, 12599, 26746, 105741, 96614, 4654, 56168, 102492]"
115650,"[99750, 80311, 45761, 71508, 88804, 85271, 56264, 37731, 73794, 20212]"
115651,"[46305, 83090, 18651, 43388, 43146, 72270, 59891, 9748, 18189, 23037]"
115652,"[31501, 56052, 25169, 15912, 103345, 93924, 30320, 53551, 31690, 51862]"
115653,"[67100, 17425, 10141, 16617, 43310, 16372, 39779, 37044, 61911, 43749]"
115654,"[101677, 80270, 31072, 93148, 89926, 64346, 32263, 51384, 55048, 18409]"
115655,"[79263, 68148, 105119, 72488, 8714, 60366, 14003, 9666, 105647, 95465]"
115656,"[86976, 53, 99703, 11601, 83715, 76552, 49749, 76162, 93738, 48856]"
115657,"[101974, 98172, 46554, 77935, 9738, 11830, 73689, 44578, 24014, 27331]"
115658,"[98261, 54477, 5100, 25, 94647, 85045, 80659, 6151, 65446, 44807]"
115659,"[99281, 87950, 51733, 98632, 68788, 23174, 66608, 80033, 52424, 17089]"
115660,"[80682, 108749, 14441, 88384, 91468, 20220, 41612, 45995, 70119, 86697]"
115661,"[109550, 33309, 44889, 68559, 79664, 100452, 41676, 97540, 22993, 107711]"
115662,"[13273, 27206, 96749, 102741, 86200, 72799, 11837, 72345, 108947, 46908]"
115663,"[3429, 68031, 49925, 86694, 60018, 12951, 62562, 68414, 53326, 102836]"
115664,"[13978, 100039, 35087, 29965, 13329, 23115, 80394, 78312, 78024, 33083]"
115665,"[26485, 52328, 13459, 86808, 107597, 81468, 11062, 55055, 47817, 30801]"
115666,"[108707, 107206, 61656, 66050, 105654, 82944, 68096, 12378, 67732, 109553]"
115667,"[49155, 43161, 7625, 90914, 81535, 26634, 26099, 71743, 69191, 86446]"
115668,"[30183, 19307, 13856, 61669, 61309, 29917, 10407, 47334, 2428, 68746]"
115669,"[63043, 26000, 39867, 68758, 62917, 5144, 83088, 18895, 47833, 27903]"
115670,"[99737, 74473, 25263, 81630, 76414, 1593, 11818, 67144, 56874, 46272]"
115671,"[3691, 57531, 69508, 58527, 6114, 11991, 109377, 37954, 28056, 64936]"
115672,"[1725, 25738, 85160, 50992, 56122, 38838, 44493, 39302, 66366, 44349]"
115673,"[64541, 95194, 4949, 59305, 56830, 21692, 22195, 99793, 50426, 65999]"
115674,"[38496, 4168, 7809, 63790, 50771, 64441, 19844, 27080, 31036, 63555]"
115675,"[680, 61096, 38399, 91451, 38407, 57850, 42139, 92007, 17243, 75150]"
115676,"[86772, 106698, 57470, 82515, 61718, 74273, 37007, 38017, 34922, 23361]"
115677,"[47983, 56880, 101864, 45962, 6384, 34307, 26841, 81451, 56472, 4552]"
115678,"[94255, 14070, 99683, 77518, 103954, 2880, 56813, 21122, 9960, 36370]"
115679,"[80986, 24709, 79611, 14144, 76627, 17094, 48534, 27800, 20071, 56512]"
115680,"[40608, 37150, 88376, 24681, 28006, 34897, 64574, 4993, 71464, 90720]"
115681,"[15132, 63791, 92825, 43467, 56475, 26646, 95747, 62806, 86321, 45127]"
115682,"[109444, 92842, 55702, 3193, 15379, 28771, 39411, 102750, 268, 69974]"
115683,"[99995, 54711, 36922, 78659, 67425, 88388, 38712, 7020, 103314, 57217]"
115684,"[50297, 15164, 81349, 83576, 19118, 51976, 62900, 105695, 4570, 1829]"
115685,"[35920, 102291, 54649, 106820, 13305, 69628, 61157, 83480, 66318, 28621]"
115686,"[10016, 94048, 71199, 48530, 1026, 51821, 103535, 61233, 14559, 59846]"
115687,"[101789, 64478, 90703, 70619, 17937, 15180, 68719, 106030, 14252, 20472]"
115688,"[69618, 97234, 77187, 46042, 34678, 5312, 101194, 70522, 1587, 78715]"
115689,"[40936, 26768, 9687, 66001, 82620, 57451, 101474, 83330, 13097, 107024]"
115690,"[60544, 81620, 79226, 85889, 23833, 18707, 45409, 99355, 5490, 4377]"
115691,"[12206, 109235, 45219, 47250, 42018, 61559, 49028, 11597, 100632, 81102]"
115692,"[76012, 43059, 63025, 74531, 29719, 3920, 61135, 89110, 39222, 23240]"
115693,"[45083, 34388, 92526, 3920, 2896, 80175, 39171, 59733, 10368, 68524]"
115694,"[70399, 17010, 91930, 80884, 5125, 95695, 100868, 12169, 9486, 70642]"
115695,"[69882, 92865, 100420, 105372, 5328, 107586, 18574, 12800, 15261, 96679]"
115696,"[84125, 43803, 96248, 11540, 95201, 55246, 48864, 27137, 54955, 45198]"
115697,"[56469, 53964, 19444, 52541, 20086, 43884, 95329, 1996, 23119, 80559]"
115698,"[30982, 32632, 92956, 107614, 81700, 56913, 90756, 70807, 103112, 79289]"
115699,"[30055, 75278, 17438, 94306, 63997, 87834, 80234, 106516, 70875, 94222]"
115700,"[44806, 96183, 13456, 94189, 73951, 75085, 69006, 12897, 102128, 109624]"
115701,"[8099, 8218, 51229, 46764, 54662, 65418, 102607, 94106, 101448, 66784]"
115702,"[53583, 9662, 17842, 19218, 89384, 37585, 17264, 9070, 44659, 94159]"
115703,"[39250, 66622, 59724, 67216, 15537, 13929, 80196, 103572, 107989, 55972]"
115704,"[53330, 79719, 99526, 89184, 12457, 3636, 76279, 107533, 3418, 59094]"
115705,"[45063, 33072, 57881, 101273, 16904, 53344, 73663, 61918, 20421, 56632]"
115706,"[62589, 103397, 80171, 54637, 41984, 67708, 4078, 82863, 8221, 65834]"
115707,"[48183, 54853, 17565, 58700, 36754, 28932, 105838, 83674, 39981, 34109]"
115708,"[15030, 102728, 4122, 30282, 89209, 92375, 52442, 6312, 52360, 75636]"
115709,"[78285, 103583, 57936, 77853, 93734, 90509, 52244, 313, 92457, 96579]"
115710,"[3310, 22795, 105364, 42945, 36119, 20179, 19239, 83339, 38056, 100912]"
115711,"[65941, 42920, 95399, 29641, 105599, 63448, 37874, 40006, 56769, 102608]"
115712,"[52490, 20234, 15338, 46438, 20606, 58847, 39517, 53481, 107974, 42234]"
115713,"[13787, 91872, 10615, 98653, 5857, 108118, 86302, 37640, 103740, 18290]"
115714,"[18201, 89255, 8068, 92068, 33104, 3251, 106633, 12180, 102724, 46631]"
115715,"[66448, 83807, 71137, 96306, 94990, 108781, 67397, 80426, 1993, 45152]"
115716,"[34389, 101444, 100164, 39504, 14875, 1648, 36395, 66036, 49791, 106753]"
115717,"[91393, 64558, 23150, 18279, 8126, 2025, 7556, 70740, 36353, 53611]"
115718,"[100202, 44375, 105471, 71021, 35644, 26699, 13037, 79278, 79999, 94097]"
115719,"[6863, 101376, 108111, 8464, 6924, 38068, 18027, 1176, 43718, 59917]"
115720,"[31811, 51601, 31815, 35455, 96641, 20515, 55766, 47759, 61092, 31661]"
115721,"[27091, 17502, 37530, 36537, 19844, 84789, 71908, 13083, 3921, 45357]"
115722,"[13006, 51208, 2818, 49372, 39479, 24842, 97804, 94456, 63187, 36539]"
115723,"[79705, 48752, 94715, 28161, 77263, 24938, 86304, 82272, 74743, 38994]"
115724,"[16080, 11822, 53639, 27968, 63046, 90071, 94209, 88905, 22124, 96989]"
115725,"[17710, 43889, 47615, 101512, 104528, 98909, 36181, 27043, 18880, 8204]"
115726,"[26860, 103813, 20867, 104777, 20820, 48418, 11193, 38285, 77529, 33545]"
115727,"[41851, 31866, 4126, 2348, 95611, 48255, 67618, 102832, 77505, 13490]"
115728,"[25049, 71576, 102044, 31407, 71687, 79815, 85282, 45899, 104612, 1609]"
115729,"[57123, 13766, 37091, 11211, 14525, 38218, 99746, 24504, 12291, 79793]"
115730,"[104303, 10464, 63595, 9655, 12135, 59995, 65874, 66108, 48790, 66181]"
115731,"[56050, 109077, 76863, 99388, 96343, 59209, 75337, 1160, 7956, 58874]"
115732,"[55735, 51256, 79399, 103512, 71575, 92639, 22336, 87519, 21919, 7064]"
115733,"[61002, 29070, 45301, 42020, 46666, 40474, 70122, 91373, 67405, 2178]"
115734,"[65008, 108822, 40070, 16625, 108933, 73054, 52541, 106531, 24771, 96166]"
115735,"[46371, 65428, 96354, 39415, 38790, 12433, 82826, 32007, 5504, 36980]"
115736,"[53738, 24679, 44060, 102498, 42120, 16151, 76836, 66590, 16365, 9108]"
115737,"[65135, 79146, 98029, 82735, 84483, 52466, 12857, 36224, 77028, 64156]"
115738,"[53547, 1162, 78782, 80934, 42190, 42854, 44700, 79950, 106897, 12607]"
115739,"[52953, 14690, 45190, 100704, 15569, 17770, 24388, 63860, 42656, 109603]"
115740,"[30218, 87979, 25136, 99812, 40494, 92422, 66843, 48664, 90744, 25108]"
115741,"[105266, 37399, 22934, 89544, 52632, 54150, 59377, 51155, 100293, 10472]"
115742,"[73416, 64415, 55489, 44938, 96868, 43974, 91016, 24444, 38270, 97326]"
115743,"[13018, 98068, 72159, 72604, 24413, 12502, 18066, 9078, 10870, 61838]"
115744,"[8511, 75594, 74027, 25785, 30895, 70909, 45702, 86612, 102884, 55577]"
115745,"[37418, 74015, 70568, 96683, 71779, 30510, 9764, 23898, 9080, 81788]"
115746,"[91419, 25140, 77743, 57681, 85974, 64371, 71859, 56304, 13615, 3269]"
115747,"[54529, 95178, 74626, 106406, 31605, 43574, 49967, 66566, 108201, 98324]"
115748,"[3218, 75491, 22755, 64437, 72980, 96399, 102102, 53209, 13950, 79258]"
115749,"[50112, 41159, 67063, 29934, 99541, 75205, 55455, 16008, 50431, 50119]"
115750,"[18467, 39844, 46193, 7426, 19027, 75966, 70346, 13272, 78493, 1009]"
115751,"[21316, 52009, 105928, 98129, 106615, 71816, 57280, 80560, 26399, 7422]"
115752,"[79579, 69413, 692, 34182, 4090, 69887, 85620, 36044, 10561, 99312]"
115753,"[1068, 26372, 21945, 33431, 102120, 84056, 107167, 71675, 14362, 16863]"
115754,"[60677, 11655, 65498, 4262, 83594, 35887, 33827, 7728, 102021, 41377]"
115755,"[100754, 84957, 70768, 104419, 103359, 4491, 103282, 50784, 22255, 54661]"
115756,"[85600, 27127, 82973, 86944, 103944, 106611, 46850, 40939, 70195, 98110]"
115757,"[54708, 108756, 92624, 28067, 30585, 59970, 68632, 75780, 36512, 83945]"
115758,"[16194, 9442, 104327, 12206, 72274, 51133, 64009, 35222, 15193, 21954]"
115759,"[13169, 64549, 36116, 8244, 60285, 66164, 62568, 9496, 41148, 45863]"
115760,"[91189, 92913, 57156, 93828, 53150, 86994, 27672, 26818, 83603, 106244]"
115761,"[93279, 52469, 54174, 31457, 19397, 86233, 11632, 18977, 30824, 57238]"
115762,"[105529, 38511, 39026, 15453, 48825, 18417, 36095, 63435, 8398, 109566]"
115763,"[42492, 63874, 38264, 49650, 70645, 9186, 21712, 35315, 26031, 50936]"
115764,"[68432, 90383, 32464, 81420, 15050, 106817, 104928, 45251, 47262, 23006]"
115765,"[59664, 53957, 55742, 1414, 73462, 108266, 105917, 26027, 950, 56212]"
115766,"[65199, 72153, 83435, 63927, 4584, 93806, 8445, 91686, 85041, 77698]"
115767,"[37191, 1828, 80162, 19486, 77801, 70928, 14137, 54470, 8081, 67088]"
115768,"[61572, 23876, 54191, 84901, 40475, 79023, 59297, 79598, 19433, 72098]"
115769,"[81466, 16391, 47225, 25807, 20664, 60412, 98829, 86829, 53182, 25662]"
115770,"[47735, 104649, 32935, 31561, 108556, 35213, 35175, 87808, 17299, 86553]"
115771,"[95066, 15743, 6813, 77129, 32343, 55356, 82865, 74881, 21530, 13240]"
115772,"[25990, 35251, 68224, 101930, 21296, 1770, 47344, 31714, 78429, 22499]"
115773,"[72471, 93897, 27834, 108544, 24140, 109308, 49378, 41282, 57249, 104581]"
115774,"[57008, 1394, 92586, 91769, 43803, 56508, 17845, 91659, 45237, 51706]"
115775,"[70546, 51700, 63301, 71554, 73413, 2523, 17168, 35676, 90632, 96243]"
115776,"[100686, 55202, 11616, 92925, 60176, 26693, 41737, 4149, 106705, 70615]"
115777,"[49974, 60309, 23999, 39385, 23123, 89797, 65205, 60489, 1509, 61332]"
115778,"[10613, 15657, 96798, 42084, 50954, 60577, 32129, 36578, 66626, 87749]"
115779,"[74988, 105690, 94459, 50743, 104829, 64644, 90791, 45838, 33671, 16479]"
115780,"[84450, 92054, 24512, 29674, 42341, 60639, 107612, 67413, 48414, 10706]"
115781,"[39650, 77881, 85563, 65950, 59758, 33202, 26972, 103063, 43436, 105167]"
115782,"[78453, 55913, 6904, 69234, 2729, 108217, 98501, 88264, 49928, 27744]"
115783,"[88983, 21732, 102838, 23088, 54228, 24386, 108417, 20271, 21506, 25397]"
115784,"[52642, 68616, 29589, 48450, 109416, 86083, 68574, 42428, 103380, 100912]"
115785,"[104302, 30734, 108037, 4259, 55558, 102690, 25435, 64770, 104477, 107755]"
115786,"[26286, 9564, 35614, 55280, 105407, 18729, 3367, 24596, 31405, 91912]"
115787,"[89468, 97767, 87299, 75894, 47162, 4012, 33025, 93710, 66923, 109467]"
115788,"[23362, 71211, 44016, 83923, 5413, 56621, 56791, 11914, 33452, 101524]"
115789,"[95416, 95850, 79324, 2566, 56875, 47309, 44520, 26136, 65706, 43206]"
115790,"[56979, 82440, 99480, 82345, 86063, 106026, 62747, 69340, 87512, 25574]"
115791,"[59083, 98009, 71091, 83043, 104694, 6755, 30280, 29828, 89707, 31456]"
115792,"[47466, 8638, 66539, 473, 68677, 69049, 42436, 23846, 74985, 70735]"
115793,"[67836, 68064, 79082, 89869, 45154, 2982, 95536, 101623, 50657, 57037]"
115794,"[90696, 82654, 54221, 37001, 93778, 85947, 53892, 14145, 12098, 24658]"
115795,"[106227, 83875, 90222, 91253, 85656, 14310, 79739, 36429, 39890, 39904]"
115796,"[72825, 44170, 42940, 82115, 37681, 13763, 38943, 60494, 101800, 84795]"
115797,"[32249, 70066, 105725, 70312, 3160, 89849, 21293, 3512, 644, 70714]"
115798,"[74219, 8872, 21352, 72818, 87160, 55991, 53410, 77672, 67272, 56924]"
115799,"[84803, 42331, 85790, 7311, 46424, 76989, 23277, 26511, 44696, 2007]"
115800,"[82126, 26876, 90656, 86826, 5883, 52352, 91357, 70244, 50790, 94378]"
115801,"[58964, 74780, 71391, 97496, 68968, 108479, 74512, 56729, 97956, 57416]"
115802,"[47722, 108283, 39613, 5984, 64718, 24215, 40213, 60979, 98314, 61457]"
115803,"[8215, 2902, 40092, 76125, 26117, 16902, 69280, 48594, 8686, 26185]"
115804,"[88226, 1869, 46735, 72415, 58666, 50923, 93373, 81885, 9352, 71552]"
115805,"[74098, 70613, 78455, 57182, 95403, 65689, 7996, 21318, 70994, 90554]"
115806,"[20442, 60935, 20494, 45123, 14306, 90574, 107391, 3142, 16493, 86431]"
115807,"[3790, 79588, 69097, 105948, 29931, 78588, 1145, 5813, 69685, 98983]"
115808,"[78747, 7873, 10136, 81666, 84434, 76843, 11018, 83742, 30049, 677]"
115809,"[81442, 18955, 58365, 43643, 53276, 33196, 35952, 43992, 87112, 95066]"
115810,"[38643, 47260, 102104, 63724, 79804, 2818, 44510, 23606, 97989, 20137]"
115811,"[54217, 28851, 84778, 60782, 73702, 109741, 17973, 76620, 52631, 90711]"
115812,"[28426, 11031, 29432, 80417, 85808, 50193, 90403, 96685, 75812, 94175]"
115813,"[60683, 5830, 30224, 78937, 75081, 44941, 96480, 53397, 70859, 96268]"
115814,"[73690, 13798, 93564, 64668, 39637, 85992, 99842, 29221, 97433, 92352]"
115815,"[96531, 94052, 106539, 101671, 71735, 104014, 98992, 99749, 78931, 2097]"
115816,"[42170, 53292, 47407, 53420, 69653, 58587, 28975, 42049, 31356, 85120]"
115817,"[2333, 69516, 89641, 34929, 105588, 82274, 105194, 97548, 108321, 72586]"
115818,"[39327, 49428, 28605, 65318, 52175, 93660, 12721, 48777, 37280, 105178]"
115819,"[45463, 43358, 74449, 101488, 66835, 100517, 66461, 87028, 37862, 47837]"
115820,"[95216, 19587, 58349, 70146, 81933, 74678, 82792, 68153, 106198, 53018]"
115821,"[10943, 101652, 59664, 55742, 1414, 950, 73462, 30359, 37663, 61072]"
115822,"[10913, 83534, 75521, 59735, 70577, 13396, 98251, 32602, 10906, 98079]"
115823,"[37613, 70207, 87322, 39623, 55647, 22015, 90857, 9238, 61429, 81595]"
115824,"[77155, 82208, 58184, 102601, 35129, 105374, 70840, 69770, 67523, 16951]"
115825,"[73273, 90224, 5222, 78551, 3475, 9018, 4947, 98508, 17729, 12758]"
115826,"[5023, 27617, 105227, 9699, 84596, 67354, 52886, 19037, 11489, 28669]"
115827,"[1921, 74760, 78912, 6645, 86020, 93234, 23642, 94398, 54096, 85339]"
115828,"[98269, 91457, 108970, 83326, 95201, 98857, 93003, 25796, 94213, 70357]"
115829,"[91880, 94226, 75999, 70869, 16743, 104926, 84811, 11565, 75389, 42461]"
115830,"[34932, 78271, 90362, 44532, 11777, 80399, 18094, 82746, 69194, 103797]"
115831,"[54872, 24299, 96910, 3111, 91564, 20617, 37328, 84136, 72115, 19967]"
115832,"[105222, 86192, 80468, 103315, 93097, 106993, 36054, 42176, 25801, 102988]"
115833,"[79869, 44209, 41279, 75504, 76408, 74776, 47367, 76068, 37107, 28930]"
115834,"[27929, 92792, 102018, 84482, 38434, 95137, 64129, 4725, 102720, 55160]"
115835,"[19345, 30002, 27027, 10240, 92336, 99999, 55777, 82996, 102127, 73326]"
115836,"[39158, 53066, 10068, 2794, 93583, 80036, 26041, 39675, 74587, 18423]"
115837,"[95861, 74515, 15729, 66704, 69222, 103712, 98187, 32710, 74851, 36043]"
115838,"[62856, 82901, 85546, 63329, 24703, 17470, 14006, 19016, 99973, 11755]"
115839,"[6660, 36219, 61548, 9860, 3946, 3477, 28858, 78680, 68897, 95327]"
115840,"[2300, 23078, 34166, 24903, 99263, 1239, 71477, 75859, 52828, 72484]"
115841,"[70996, 3287, 63410, 45982, 70593, 24464, 42856, 94948, 108592, 79331]"
115842,"[72426, 65671, 84615, 95584, 84364, 81317, 9221, 79828, 100734, 20852]"
115843,"[42165, 65085, 8294, 13864, 71366, 24667, 76794, 3096, 32818, 79003]"
115844,"[95940, 56106, 97682, 101050, 21948, 107602, 41581, 49043, 56871, 102361]"
115845,"[39099, 42582, 96216, 48533, 16343, 17177, 65343, 90685, 42953, 51338]"
115846,"[68969, 50505, 40609, 48209, 50909, 27067, 101185, 70449, 53911, 15793]"
115847,"[55378, 86963, 99606, 107940, 38661, 83425, 42205, 100193, 34408, 103896]"
115848,"[42224, 44154, 88124, 21376, 30447, 20138, 44249, 32368, 8109, 15884]"
115849,"[60888, 17532, 59041, 76837, 19031, 2181, 100660, 44758, 69278, 4579]"
115850,"[94392, 36558, 10264, 48595, 100651, 60362, 18421, 83076, 86270, 14115]"
115851,"[38875, 38349, 60766, 83440, 24443, 83880, 54604, 108855, 20953, 16906]"
115852,"[96039, 34009, 21315, 42191, 20857, 72761, 101738, 9287, 33883, 42475]"
115853,"[22838, 41575, 49120, 36922, 57217, 11248, 91100, 71227, 51610, 81459]"
115854,"[78481, 20638, 29114, 104713, 45671, 50907, 32863, 46983, 65419, 83089]"
115855,"[907, 36374, 5630, 89440, 58586, 87070, 102197, 86777, 90062, 76238]"
115856,"[84825, 51782, 85832, 58347, 27974, 101762, 18137, 30415, 57912, 14157]"
115857,"[64896, 14566, 84015, 13167, 99800, 57196, 70587, 12217, 22886, 55637]"
115858,"[89640, 9912, 105616, 46131, 104709, 46314, 85936, 101518, 28184, 52576]"
115859,"[42206, 61609, 70836, 92026, 31819, 90692, 106796, 76191, 92654, 3225]"
115860,"[59223, 17972, 107382, 15039, 58497, 11224, 83943, 96268, 45738, 53756]"
115861,"[26999, 16910, 74844, 103724, 16360, 100206, 82451, 57501, 68271, 21522]"
115862,"[81938, 2730, 74901, 77804, 60203, 81022, 26492, 71172, 16224, 40178]"
115863,"[81742, 17034, 80068, 60864, 44447, 23987, 62087, 1689, 105954, 56350]"
115864,"[56748, 33490, 30590, 78118, 34192, 50404, 37868, 95271, 109687, 80444]"
115865,"[55292, 64033, 65731, 51435, 54503, 81286, 98139, 53488, 9013, 11038]"
115866,"[76934, 64906, 14184, 64086, 11366, 55305, 61123, 86165, 5278, 64389]"
115867,"[20970, 51604, 21428, 11614, 45983, 41142, 104160, 109352, 43510, 27654]"
115868,"[39388, 83933, 25425, 28440, 51446, 84717, 65554, 79900, 65967, 38994]"
115869,"[62159, 8923, 60184, 68614, 34906, 76692, 91672, 67834, 61524, 20778]"
115870,"[62802, 85921, 6604, 77306, 97263, 31089, 6747, 31523, 8566, 83234]"
115871,"[64200, 85594, 104458, 91583, 66440, 3053, 14701, 77554, 15155, 36682]"
115872,"[82886, 90101, 65885, 88638, 72278, 31947, 13606, 98230, 18530, 61465]"
115873,"[23247, 71549, 22039, 19694, 50209, 48208, 62465, 9709, 41981, 1213]"
115874,"[63622, 58189, 35207, 67636, 57006, 104200, 12616, 97453, 10598, 94099]"
115875,"[49364, 100084, 96239, 70506, 49165, 84041, 78756, 99143, 105635, 63095]"
115876,"[39547, 85109, 53901, 79771, 64720, 45888, 49360, 102796, 24913, 42618]"
115877,"[75476, 37473, 23658, 38365, 93201, 109531, 22523, 103020, 83236, 23233]"
115878,"[68973, 27003, 106181, 95732, 45254, 6108, 73177, 39127, 18501, 32387]"
115879,"[52697, 70986, 20836, 73327, 99550, 3059, 14816, 20331, 23387, 106777]"
115880,"[99477, 37282, 32147, 41720, 33426, 76946, 105767, 22494, 83679, 72633]"
115881,"[26339, 96083, 94800, 10554, 41515, 86897, 3179, 1042, 59894, 72363]"
115882,"[100000, 30541, 40002, 8942, 49799, 55634, 86095, 5647, 109403, 83934]"
115883,"[49165, 71240, 35156, 5980, 10610, 108897, 88075, 71780, 49364, 100084]"
115884,"[83429, 97082, 75639, 42300, 79406, 8876, 2169, 73318, 62191, 96415]"
115885,"[38729, 81376, 19076, 40998, 66437, 72139, 83467, 26437, 64117, 15703]"
115886,"[88071, 75706, 66279, 37373, 88529, 100602, 13859, 19578, 25928, 84885]"
115887,"[83009, 73060, 27790, 65846, 56376, 9659, 81880, 109295, 54834, 69161]"
115888,"[27660, 34366, 3947, 64019, 66963, 571, 41016, 10060, 22709, 62514]"
115889,"[11619, 70766, 17179, 105351, 12203, 24196, 83348, 49777, 30807, 43533]"
115890,"[100298, 1051, 72762, 70612, 42600, 60536, 90759, 78776, 48546, 14268]"
115891,"[55710, 90270, 68667, 78043, 69407, 11870, 86634, 9768, 45735, 31565]"
115892,"[55802, 39548, 27027, 29849, 43589, 61871, 98525, 81549, 54490, 78529]"
115893,"[77754, 90978, 35341, 4997, 447, 96377, 82807, 23913, 86044, 22054]"
115894,"[7894, 30731, 26019, 32158, 32856, 42370, 45477, 74690, 10431, 91521]"
115895,"[7064, 101588, 95817, 98009, 88395, 89707, 103512, 71091, 17474, 84772]"
115896,"[41695, 38336, 98108, 29137, 42611, 13503, 85523, 4612, 59021, 31138]"
115897,"[85752, 54981, 70925, 18107, 83296, 14210, 107062, 67320, 36007, 108290]"
115898,"[65036, 57192, 12068, 98270, 57110, 68592, 15797, 86405, 57045, 29871]"
115899,"[101968, 2363, 23054, 61310, 7322, 103426, 37802, 108306, 66854, 66396]"
115900,"[91157, 77247, 34537, 5780, 55999, 90953, 27033, 43597, 24705, 56002]"
115901,"[55843, 52163, 59506, 4765, 27337, 66015, 91759, 78498, 104174, 84339]"
115902,"[49692, 70156, 42768, 79831, 72717, 94206, 105845, 13015, 104761, 16340]"
115903,"[7108, 90330, 32020, 14997, 33910, 107996, 102014, 91430, 3488, 36775]"
115904,"[45109, 8256, 12364, 107382, 27597, 58497, 17972, 15039, 51407, 91753]"
115905,"[8268, 19594, 10065, 77964, 67404, 69492, 80108, 41567, 2589, 101583]"
115906,"[35372, 43653, 46744, 30861, 87550, 3233, 36659, 71539, 3589, 70228]"
115907,"[20281, 56112, 48294, 4485, 108791, 72516, 41109, 15090, 86378, 5361]"
115908,"[104475, 65334, 17165, 102581, 95055, 32954, 60135, 50048, 45049, 100177]"
115909,"[90488, 102085, 51384, 30438, 7787, 86480, 20996, 17511, 67098, 92763]"
115910,"[13385, 1984, 44565, 12727, 103404, 93651, 46855, 24748, 3225, 92026]"
115911,"[13319, 37349, 36986, 10234, 89918, 84821, 13955, 33991, 62908, 85537]"
115912,"[25018, 17215, 15946, 19728, 107425, 96799, 65660, 97682, 39487, 86330]"
115913,"[81655, 63585, 107197, 29353, 63293, 60060, 42040, 102068, 76304, 20675]"
115914,"[92832, 17310, 9182, 37623, 87869, 29162, 100112, 90034, 107687, 99665]"
115915,"[60532, 55721, 34330, 107991, 35807, 63281, 10854, 69773, 72329, 43807]"
115916,"[104096, 102617, 28227, 89979, 45323, 31824, 64864, 48847, 9388, 103524]"
115917,"[22984, 13235, 77703, 39395, 46288, 17029, 49504, 101663, 105041, 91712]"
115918,"[40292, 5821, 2245, 17242, 43413, 63233, 44072, 50628, 93209, 56504]"
115919,"[37185, 63082, 69116, 1226, 69074, 94132, 100003, 45145, 35986, 33070]"
115920,"[98732, 17896, 15393, 109585, 40689, 15952, 29751, 75666, 64605, 90259]"
115921,"[79906, 38467, 74761, 1685, 1416, 27112, 39483, 64976, 36551, 33341]"
115922,"[4877, 106343, 71659, 7802, 44343, 6116, 52306, 72720, 96615, 82774]"
115923,"[96430, 76504, 8375, 13951, 19359, 91611, 53834, 26183, 107467, 102940]"
115924,"[95456, 71239, 30678, 63264, 28024, 106548, 102787, 27612, 108307, 62535]"
115925,"[58235, 5516, 81948, 93390, 7492, 30013, 27341, 9641, 1219, 79075]"
115926,"[36219, 61548, 106053, 78680, 30866, 109314, 96224, 68897, 6660, 17597]"
115927,"[52085, 19632, 831, 8815, 89203, 34855, 90894, 63519, 95234, 10338]"
115928,"[18646, 6517, 39590, 46632, 86676, 14081, 23048, 95451, 80123, 14024]"
115929,"[53692, 20335, 17514, 20577, 109477, 105389, 37013, 85165, 4183, 70950]"
115930,"[44125, 101916, 87302, 29611, 82347, 38919, 89618, 22483, 71644, 26905]"
115931,"[22547, 75327, 39598, 45512, 92356, 14102, 55675, 855, 105410, 14277]"
115932,"[19053, 55454, 22756, 105114, 50309, 40422, 81674, 66042, 26177, 80627]"
115933,"[97789, 70895, 95895, 69678, 26834, 65611, 85925, 37814, 66219, 51648]"
115934,"[8780, 105543, 103046, 49516, 18860, 629, 17000, 4740, 108093, 70986]"
115935,"[23494, 90100, 51687, 82942, 80087, 68843, 41628, 11781, 86507, 37082]"
115936,"[85054, 83689, 103667, 29204, 103113, 959, 103709, 41858, 41988, 38410]"
115937,"[43819, 48619, 67869, 100996, 67788, 14760, 34901, 59512, 39538, 76805]"
115938,"[13158, 13704, 92163, 99462, 42068, 63183, 10478, 55058, 64923, 22548]"
115939,"[6647, 55906, 76812, 65726, 32385, 95758, 47471, 32909, 28989, 54478]"
115940,"[99154, 2832, 68792, 48368, 107851, 79111, 71897, 20385, 56145, 81883]"
115941,"[55522, 75668, 18139, 11952, 9603, 15580, 32900, 9038, 37029, 30896]"
115942,"[30008, 22022, 3136, 29056, 92045, 44606, 89132, 28429, 26486, 69114]"
115943,"[102867, 68988, 2561, 31146, 63060, 16036, 63721, 22746, 56197, 15218]"
115944,"[748, 72693, 88651, 43770, 25244, 51622, 74242, 99697, 94399, 65074]"
115945,"[8484, 12917, 4678, 10781, 54069, 46419, 92992, 69668, 40240, 26820]"
115946,"[37844, 14530, 59470, 31435, 52302, 13076, 42814, 57063, 105241, 89326]"
115947,"[16843, 85576, 25268, 69469, 95420, 42557, 53994, 7148, 33351, 69009]"
115948,"[8971, 70572, 36740, 69597, 41823, 108619, 71012, 109198, 106695, 50759]"
115949,"[80755, 43499, 8062, 89836, 30921, 54435, 100608, 104038, 21973, 22557]"
115950,"[27314, 76460, 61844, 7734, 77033, 36625, 19156, 100158, 36361, 88716]"
115951,"[56265, 107195, 87705, 39805, 65597, 95631, 35839, 19554, 6724, 92648]"
115952,"[51327, 2454, 16237, 12824, 61740, 45702, 67757, 39447, 64488, 12445]"
115953,"[61390, 100506, 44291, 98855, 70426, 79213, 46098, 45609, 98916, 48851]"
115954,"[48840, 4346, 42271, 55495, 16970, 19983, 39205, 99129, 99293, 25361]"
115955,"[61348, 2592, 41927, 1750, 48794, 100038, 94165, 137, 68899, 3157]"
115956,"[36792, 53113, 91332, 63514, 84086, 7531, 10153, 20999, 54988, 15977]"
115957,"[71655, 51498, 83977, 44985, 41368, 59400, 94736, 26631, 69331, 82976]"
115958,"[4079, 80853, 50763, 18069, 35755, 102584, 94328, 11012, 39748, 550]"
115959,"[2544, 53196, 72103, 10790, 55823, 38618, 88882, 17216, 36265, 29137]"
115960,"[35170, 82425, 71350, 97560, 108047, 64767, 16330, 73259, 48338, 16833]"
115961,"[47992, 68472, 80424, 58935, 63125, 53806, 461, 72846, 10543, 107745]"
115962,"[45300, 61970, 60541, 44848, 78802, 54734, 107531, 20014, 64771, 92688]"
115963,"[96984, 38822, 96131, 2633, 25032, 55128, 15795, 4903, 30288, 66329]"
115964,"[38939, 12910, 90972, 16724, 88039, 27489, 54275, 5543, 32886, 96190]"
115965,"[54132, 37146, 92737, 51583, 28297, 50161, 83043, 104694, 86981, 99554]"
115966,"[95250, 47465, 107590, 62295, 2403, 15394, 12353, 15229, 22662, 21968]"
115967,"[49878, 52193, 51531, 21289, 70176, 48577, 78256, 13828, 102633, 83773]"
115968,"[48729, 19127, 100962, 63976, 80428, 104409, 105005, 25951, 102554, 99816]"
115969,"[53978, 73039, 25501, 4124, 85877, 74696, 16927, 34542, 23476, 44901]"
115970,"[38345, 69830, 62416, 91131, 15052, 55083, 47025, 26594, 55355, 56202]"
115971,"[70347, 15512, 61725, 53520, 39219, 12485, 78772, 33140, 42228, 103151]"
115972,"[8583, 52252, 3873, 74268, 11345, 48053, 48429, 96839, 52486, 54900]"
115973,"[78815, 31734, 38702, 78116, 41523, 11731, 65274, 40678, 109206, 45532]"
115974,"[105028, 15340, 77021, 61620, 80441, 102951, 7890, 37476, 12105, 32644]"
115975,"[40972, 98763, 95840, 5653, 99305, 64272, 77194, 35465, 1352, 61185]"
115976,"[13347, 45330, 82032, 58237, 97442, 102127, 73326, 29520, 29453, 60079]"
115977,"[41364, 63233, 40292, 17242, 54732, 99872, 66056, 33195, 2245, 38453]"
115978,"[17449, 80743, 84722, 104988, 29088, 8664, 23290, 92245, 95580, 33784]"
115979,"[100392, 34278, 91865, 71329, 26954, 58194, 9264, 56791, 8532, 89717]"
115980,"[83850, 5607, 24687, 90853, 74956, 80368, 19912, 49766, 44701, 64185]"
115981,"[60571, 78932, 81217, 53092, 21312, 34426, 43871, 9150, 72646, 79792]"
115982,"[69536, 77249, 106921, 8179, 71087, 108873, 85821, 74274, 107952, 66553]"
115983,"[56199, 29229, 589, 77521, 51799, 12173, 45742, 23396, 16827, 55941]"
115984,"[79978, 24719, 2091, 45379, 20879, 96299, 101103, 72725, 16240, 50667]"
115985,"[24653, 43345, 88072, 63617, 102176, 64074, 59560, 84921, 30825, 34269]"
115986,"[23644, 3114, 60225, 34846, 4854, 76136, 92405, 1942, 76855, 38681]"
115987,"[69178, 26111, 25839, 42775, 64229, 38320, 54686, 88462, 72045, 12568]"
115988,"[24694, 9389, 38670, 37831, 101520, 89570, 88888, 58196, 94561, 58179]"
115989,"[98708, 4838, 9792, 4911, 49277, 9595, 31804, 61855, 61805, 99236]"
115990,"[29224, 90799, 16777, 80257, 71533, 68974, 80632, 28363, 105370, 87523]"
115991,"[246, 71416, 36927, 83551, 46777, 21395, 67133, 65661, 59744, 103352]"
115992,"[35940, 8156, 105168, 99565, 88761, 67866, 7332, 14560, 58024, 29776]"
115993,"[35654, 97394, 7789, 82326, 7926, 41904, 97790, 105400, 95970, 61899]"
115994,"[61815, 104799, 104760, 82391, 24738, 57194, 83696, 102112, 11902, 91152]"
115995,"[55315, 12511, 12787, 83789, 7034, 70701, 56820, 95894, 11503, 79347]"
115996,"[78402, 33310, 2434, 93738, 45566, 41143, 86589, 38555, 42754, 76552]"
115997,"[82168, 90436, 70591, 105130, 17936, 93789, 77254, 90669, 11026, 21734]"
115998,"[95033, 17025, 43977, 49483, 43690, 73980, 45143, 83639, 77967, 64391]"
115999,"[10980, 47051, 58195, 5216, 99432, 75806, 19943, 1895, 73799, 18414]"
116000,"[94807, 21454, 76378, 75459, 89752, 43962, 12452, 46116, 24449, 36816]"
116001,"[58710, 94552, 75620, 84357, 25323, 78534, 35599, 97181, 10393, 22408]"
116002,"[95459, 103267, 12072, 56744, 57934, 64761, 83896, 104376, 63131, 104526]"
116003,"[32547, 19165, 76541, 39101, 106107, 70329, 16614, 75509, 13059, 63882]"
116004,"[53327, 46752, 48783, 86997, 65284, 86510, 57834, 102655, 49844, 34261]"
116005,"[18827, 90244, 23295, 46457, 87879, 54941, 74921, 14764, 41304, 33739]"
116006,"[15523, 44151, 57223, 3180, 54430, 79700, 23694, 99211, 39426, 61198]"
116007,"[51132, 37980, 54980, 26409, 53734, 87951, 64734, 50213, 56819, 20000]"
116008,"[77222, 105884, 67886, 6189, 91849, 64458, 102138, 50931, 37205, 42536]"
116009,"[108486, 70688, 22677, 94654, 81408, 34032, 22644, 15607, 31331, 57591]"
116010,"[78938, 51997, 71621, 38728, 102914, 16435, 58772, 89960, 73511, 95634]"
116011,"[70363, 43522, 10674, 63186, 103607, 37427, 88106, 16924, 73603, 92028]"
116012,"[28961, 63061, 34136, 6744, 61622, 75574, 108136, 95846, 109376, 32987]"
116013,"[10611, 50918, 101973, 95301, 103121, 19375, 78190, 54446, 87641, 18198]"
116014,"[85064, 92589, 9376, 9441, 100886, 69519, 82183, 4350, 99019, 59906]"
116015,"[4661, 65771, 73865, 14763, 10951, 787, 41983, 12901, 51931, 44888]"
116016,"[38303, 11791, 86437, 35281, 812, 69007, 99834, 89719, 588, 15978]"
116017,"[84005, 56214, 4607, 30587, 40197, 96138, 15560, 25533, 8229, 100402]"
116018,"[40672, 3336, 84703, 6989, 2146, 65297, 92726, 60449, 46838, 105023]"
116019,"[57091, 80043, 28051, 4511, 69091, 59290, 75674, 43978, 93551, 42630]"
116020,"[13240, 17360, 104608, 90124, 12784, 100826, 15743, 21530, 52166, 33196]"
116021,"[18860, 49516, 44344, 26497, 58942, 103046, 52697, 105543, 102852, 45332]"
116022,"[95361, 7032, 64872, 84010, 14931, 63970, 53654, 35296, 49381, 25863]"
116023,"[16148, 71017, 63259, 21688, 75207, 84916, 74051, 104113, 50905, 107065]"
116024,"[77624, 103489, 72107, 85146, 19096, 2658, 90396, 13691, 61190, 57003]"
116025,"[82833, 13606, 19798, 24739, 108773, 96977, 42467, 3457, 92038, 108739]"
116026,"[5885, 2043, 100929, 65580, 47345, 43662, 38809, 55669, 64027, 67507]"
116027,"[62861, 80118, 59718, 74616, 91530, 32202, 18826, 46820, 54589, 42771]"
116028,"[96115, 96474, 37485, 31707, 75563, 84038, 58361, 52402, 50224, 68956]"
116029,"[43667, 103597, 21719, 44753, 93248, 50879, 38800, 106357, 55264, 108704]"
116030,"[54052, 90225, 45579, 57815, 72255, 90200, 93941, 38852, 81762, 107474]"
116031,"[12426, 949, 22339, 50304, 89035, 102387, 27996, 84101, 88236, 11120]"
116032,"[67447, 99193, 82482, 41439, 96243, 90632, 47320, 56995, 62463, 64248]"
116033,"[29550, 52772, 252, 69588, 19546, 77890, 79406, 66861, 97559, 45578]"
116034,"[105368, 7889, 26744, 66726, 21314, 71789, 41894, 86825, 90517, 28687]"
116035,"[85431, 96283, 87905, 65576, 92592, 74125, 60321, 105333, 64222, 73556]"
116036,"[16466, 19100, 55043, 42248, 75008, 39866, 44590, 101303, 22735, 65663]"
116037,"[77614, 75065, 75092, 18553, 21031, 101483, 99490, 2059, 12096, 76826]"
116038,"[103392, 89653, 76505, 16204, 2587, 28982, 37676, 97621, 42397, 64096]"
116039,"[59473, 15468, 102791, 82045, 20450, 55724, 92037, 66452, 42438, 79941]"
116040,"[92240, 60593, 80836, 49683, 107335, 26327, 23966, 5084, 56015, 71748]"
116041,"[109043, 73386, 52344, 64753, 61246, 3858, 96305, 104016, 41086, 41647]"
116042,"[65925, 49417, 96925, 19258, 44869, 94596, 44080, 103392, 85358, 31275]"
116043,"[12758, 99712, 105588, 89663, 54493, 12474, 35806, 13681, 32669, 94789]"
116044,"[106379, 24022, 37540, 14625, 47889, 41901, 87978, 102563, 6789, 65853]"
116045,"[13646, 43919, 94183, 39352, 65276, 25366, 71095, 83274, 18703, 99898]"
116046,"[58683, 96292, 13934, 60135, 48032, 34538, 27054, 46000, 103234, 108360]"
116047,"[42372, 78636, 39113, 13181, 18647, 59542, 70819, 53718, 105226, 90839]"
116048,"[82566, 67232, 102191, 29514, 10582, 19975, 90748, 48175, 58894, 51913]"
116049,"[59555, 100940, 72062, 104044, 35911, 3597, 51381, 56861, 105482, 40151]"
116050,"[63187, 6575, 51208, 52888, 64067, 19972, 59973, 28641, 66961, 49221]"
116051,"[78332, 54846, 6084, 58667, 95516, 97044, 91651, 58093, 8409, 68333]"
116052,"[84021, 103614, 28540, 5590, 35497, 82152, 46034, 59771, 65865, 25895]"
116053,"[44341, 31962, 40351, 57501, 72609, 27721, 30639, 63717, 95550, 100082]"
116054,"[88462, 91229, 57672, 34150, 81140, 83639, 84196, 43342, 79257, 102427]"
116055,"[51241, 9961, 49825, 101218, 42813, 71044, 99885, 102067, 82090, 76419]"
116056,"[40208, 16627, 63538, 101600, 98272, 10746, 62123, 74306, 85666, 14662]"
116057,"[90805, 66341, 55644, 12769, 47775, 67875, 66327, 80703, 83231, 45665]"
116058,"[76258, 3575, 73580, 70279, 75794, 96065, 23689, 1339, 76930, 86558]"
116059,"[73505, 103805, 93006, 95797, 86312, 32394, 14817, 31502, 42849, 23461]"
116060,"[6686, 107902, 37134, 33564, 61006, 5718, 53026, 85207, 102352, 77979]"
116061,"[9735, 67693, 102541, 43092, 30471, 17070, 67843, 49347, 66302, 98756]"
116062,"[82440, 62747, 56659, 99480, 56979, 86063, 106026, 25574, 71495, 28361]"
116063,"[96132, 80112, 42169, 99006, 101193, 69276, 109291, 78963, 87400, 27587]"
116064,"[98277, 53649, 105092, 24927, 56723, 51578, 67591, 38857, 106116, 94726]"
116065,"[64149, 101117, 40784, 27615, 84, 11901, 102884, 11821, 96059, 12392]"
116066,"[79908, 45489, 86484, 44834, 59884, 20483, 89060, 71578, 59301, 48606]"
116067,"[40468, 88970, 104276, 18678, 31187, 26518, 90452, 5817, 4722, 109070]"
116068,"[26576, 66102, 39196, 80053, 45809, 74197, 54894, 78824, 57379, 39206]"
116069,"[74665, 85864, 55896, 66588, 16323, 18912, 69789, 41013, 20227, 80479]"
116070,"[63235, 36845, 22438, 19815, 95561, 69716, 80346, 93588, 32462, 37501]"
116071,"[73388, 48735, 1474, 3409, 31417, 29321, 10241, 53119, 70711, 64916]"
116072,"[83211, 93056, 31004, 107249, 23907, 19927, 91782, 75372, 26196, 89721]"
116073,"[2360, 49929, 67203, 63094, 3149, 39740, 43282, 17660, 1994, 84577]"
116074,"[75648, 82960, 13092, 53785, 93553, 31456, 32400, 39019, 20738, 75146]"
116075,"[10853, 75157, 41235, 53945, 45602, 94661, 76896, 31087, 43373, 8414]"
116076,"[104212, 27077, 96351, 79667, 2905, 78307, 6766, 96700, 69563, 103]"
116077,"[6505, 46872, 10073, 67936, 8330, 48304, 30339, 96269, 86696, 51962]"
116078,"[92430, 102451, 26882, 63760, 85438, 69863, 56953, 64500, 97075, 52356]"
116079,"[94391, 98657, 6104, 6788, 35245, 91484, 61190, 56750, 34803, 55060]"
116080,"[79174, 64679, 24623, 39436, 6512, 29464, 79557, 97555, 48252, 49070]"
116081,"[94795, 85641, 85985, 22989, 38670, 74605, 55992, 70858, 69540, 11862]"
116082,"[60812, 100272, 31127, 89950, 74716, 60785, 50440, 43925, 44328, 52048]"
116083,"[83508, 14130, 71024, 80857, 42015, 79126, 101532, 81156, 86508, 20171]"
116084,"[99015, 77128, 92966, 74908, 35362, 25374, 43764, 6310, 41471, 103071]"
116085,"[5639, 13466, 11698, 46368, 56545, 78574, 23466, 14539, 18738, 430]"
116086,"[73679, 107216, 57852, 39704, 16308, 59082, 40527, 12564, 54161, 44898]"
116087,"[107815, 43460, 42099, 96201, 39557, 14492, 81355, 67348, 63723, 37616]"
116088,"[42564, 102851, 101980, 99993, 38561, 105173, 51283, 63624, 26574, 80116]"
116089,"[55959, 99114, 2365, 24471, 48393, 104242, 73602, 10896, 107584, 56142]"
116090,"[50708, 46109, 51932, 15595, 15062, 82399, 99620, 2168, 26922, 61707]"
116091,"[55761, 12116, 26657, 94438, 9169, 103232, 84588, 102310, 100987, 102390]"
116092,"[15560, 81621, 68768, 30116, 109124, 50981, 73989, 84005, 27967, 68425]"
116093,"[86855, 51185, 34951, 68470, 107090, 52091, 64804, 105547, 23145, 67717]"
116094,"[99323, 95139, 82765, 41800, 84458, 102817, 32079, 16680, 16132, 74518]"
116095,"[50669, 100691, 17551, 52676, 8044, 22784, 72608, 77974, 40347, 57142]"
116096,"[71789, 86825, 66726, 7889, 26744, 105368, 21314, 98146, 5531, 103012]"
116097,"[35309, 60971, 19954, 72483, 36474, 38832, 29590, 32475, 44157, 3702]"
116098,"[41780, 18873, 72249, 61397, 91677, 4686, 6830, 16683, 96252, 49736]"
116099,"[69454, 54758, 6481, 99048, 56361, 4272, 97253, 87344, 1137, 93675]"
116100,"[30116, 15560, 109124, 81621, 28618, 96581, 73989, 50981, 68768, 27967]"
116101,"[91421, 19112, 35018, 22593, 66189, 14600, 86010, 47758, 62396, 6932]"
116102,"[31891, 107102, 102673, 18991, 3172, 93063, 62068, 34400, 99161, 104968]"
116103,"[49644, 95016, 65794, 84583, 78009, 97165, 106938, 87975, 8339, 56410]"
116104,"[85311, 53559, 22219, 25378, 76819, 25346, 51172, 14280, 25058, 46590]"
116105,"[80179, 76778, 89227, 14219, 100288, 32884, 66048, 27484, 34644, 17778]"
116106,"[34002, 22635, 9546, 8700, 87225, 65015, 6169, 93360, 54700, 106881]"
116107,"[84040, 82050, 64882, 27407, 106241, 97382, 102262, 44006, 101415, 12103]"
116108,"[11272, 51766, 68116, 72419, 101370, 40434, 17929, 13725, 79336, 90951]"
116109,"[2933, 28965, 43247, 12737, 93421, 81957, 72175, 70115, 91187, 58516]"
116110,"[14379, 76288, 43664, 105063, 83753, 3654, 69302, 51998, 24657, 73534]"
116111,"[63247, 57040, 6578, 36429, 352, 61982, 12885, 8999, 85264, 75773]"
116112,"[88511, 76633, 62863, 9254, 105761, 92050, 14473, 78666, 7719, 67995]"
116113,"[101705, 105852, 40338, 13927, 31360, 28746, 29507, 79527, 55605, 60078]"
116114,"[79130, 22485, 23183, 69666, 105674, 94471, 79713, 6303, 85533, 53745]"
116115,"[89986, 81683, 30130, 97028, 85739, 50968, 63811, 86703, 36062, 90573]"
116116,"[76186, 56012, 45754, 861, 10551, 62805, 84132, 32662, 69272, 81176]"
116117,"[27363, 19590, 70719, 31469, 32812, 69357, 17537, 93857, 4107, 18517]"
116118,"[53548, 14854, 57218, 77109, 10090, 59073, 80235, 69651, 11350, 90859]"
116119,"[105067, 47346, 35479, 103936, 72770, 12585, 63096, 46583, 106652, 6723]"
116120,"[22065, 68773, 53812, 11175, 66581, 18553, 86590, 20043, 22305, 75002]"
116121,"[96373, 15145, 33061, 58561, 56287, 70444, 14749, 86475, 76246, 34357]"
116122,"[48813, 15329, 33611, 108186, 80144, 92904, 93318, 44004, 45345, 103120]"
116123,"[37476, 12947, 101935, 61620, 97498, 102951, 51002, 80441, 23479, 69374]"
116124,"[47295, 77988, 19379, 5435, 56836, 50467, 26829, 7145, 4861, 30864]"
116125,"[79398, 19352, 76150, 47128, 15328, 32251, 102166, 20159, 30154, 33084]"
116126,"[13521, 93064, 77601, 50228, 56054, 53392, 106244, 68254, 105146, 103616]"
116127,"[71397, 81054, 68584, 102021, 69864, 56666, 47362, 7976, 78111, 18479]"
116128,"[65141, 42891, 41553, 76404, 94160, 105932, 25865, 17725, 85776, 69702]"
116129,"[84807, 36721, 34362, 74195, 30672, 42463, 3989, 32441, 103431, 72043]"
116130,"[55938, 105181, 34250, 61202, 88883, 109427, 44702, 73218, 63508, 5182]"
116131,"[90188, 37521, 64409, 7281, 93917, 96827, 101744, 77469, 60143, 22343]"
116132,"[90511, 83112, 105995, 98495, 9469, 21705, 5823, 88337, 48197, 39498]"
116133,"[80129, 63378, 102294, 96970, 98757, 3230, 56291, 47028, 67891, 18617]"
116134,"[42696, 32329, 100844, 93360, 43675, 10348, 91559, 22635, 70216, 29970]"
116135,"[49732, 37428, 104107, 82846, 20809, 31564, 50247, 72337, 105194, 59970]"
116136,"[24867, 60091, 6567, 77928, 82496, 22294, 29800, 1000, 93061, 28138]"
116137,"[23337, 91639, 1518, 105098, 1537, 48964, 79559, 18445, 96460, 72627]"
116138,"[93958, 7724, 101621, 16470, 69221, 33584, 44322, 17294, 69612, 73951]"
116139,"[63685, 45182, 83361, 104591, 66705, 92620, 7501, 37885, 30542, 105483]"
116140,"[108436, 99286, 10537, 83101, 65080, 46327, 62480, 33220, 99024, 89431]"
116141,"[98355, 16726, 10541, 16913, 15996, 88912, 31721, 104041, 95231, 68841]"
116142,"[59719, 11208, 74160, 9560, 104990, 23861, 24998, 109669, 36111, 32562]"
116143,"[97784, 27200, 17521, 2223, 29777, 65019, 45845, 101047, 1140, 42026]"
116144,"[19266, 27460, 95738, 5230, 10018, 54687, 29251, 35368, 74196, 98940]"
116145,"[23263, 47198, 51657, 108652, 19840, 7760, 83819, 98269, 29775, 2506]"
116146,"[97594, 4364, 14826, 54616, 84970, 49040, 35344, 47690, 56117, 33817]"
116147,"[79352, 7467, 63629, 44431, 44299, 93448, 81526, 106810, 6515, 83537]"
116148,"[62154, 3914, 75824, 9707, 109329, 68075, 16622, 57968, 63068, 108811]"
116149,"[78124, 2552, 33059, 84160, 35094, 2645, 105771, 47764, 95954, 82159]"
116150,"[68704, 96659, 81728, 80643, 26517, 41546, 12297, 31814, 20933, 79843]"
116151,"[100002, 12818, 51557, 59737, 68271, 41758, 90066, 84912, 72725, 101458]"
116152,"[87805, 70905, 7384, 68351, 104115, 23847, 83682, 39659, 99077, 42016]"
116153,"[54298, 68147, 98479, 99302, 66431, 74495, 89966, 53031, 99805, 6856]"
116154,"[3310, 2292, 105364, 101102, 100912, 8737, 40266, 21937, 71911, 40394]"
116155,"[12784, 107355, 17489, 27325, 44858, 17360, 52166, 21530, 13240, 90124]"
116156,"[66873, 82690, 43270, 31099, 37893, 7588, 14309, 16520, 29721, 22029]"
116157,"[10171, 36392, 73878, 96468, 108627, 21645, 90279, 66782, 30941, 61845]"
116158,"[23854, 52958, 9675, 50789, 57179, 14485, 97311, 54363, 494, 108949]"
116159,"[96234, 79778, 75596, 43391, 4413, 31262, 95162, 97003, 46630, 36283]"
116160,"[42979, 64407, 71743, 26099, 1974, 2723, 5420, 69937, 99474, 43715]"
116161,"[65517, 75080, 85802, 63975, 32979, 27396, 17639, 15707, 66437, 21770]"
116162,"[35906, 61709, 2893, 15097, 35301, 84737, 59270, 107646, 89318, 48806]"
116163,"[79661, 54485, 103674, 36941, 100165, 24086, 71846, 33369, 47239, 5739]"
116164,"[15269, 99124, 634, 33109, 706, 30700, 4310, 6075, 50922, 30427]"
116165,"[100203, 34582, 41189, 8959, 7931, 23201, 40407, 86013, 107268, 85004]"
116166,"[42561, 75438, 5214, 4365, 36976, 38799, 89583, 47771, 26875, 70567]"
116167,"[72561, 109536, 23202, 14651, 68266, 31754, 22061, 101544, 68433, 23453]"
116168,"[22051, 71803, 64743, 49469, 68192, 65236, 80604, 106306, 58016, 95805]"
116169,"[69885, 104062, 93009, 58089, 76924, 55773, 103990, 109145, 65178, 84959]"
116170,"[43977, 95033, 62078, 43690, 35505, 49483, 17025, 83253, 73980, 108917]"
116171,"[26069, 62436, 58162, 81744, 96326, 18908, 74476, 106996, 19837, 81094]"
116172,"[34297, 65028, 66001, 86205, 104478, 87660, 65279, 2721, 93691, 4741]"
116173,"[88755, 40863, 12307, 31316, 94677, 71315, 92086, 51566, 21486, 96403]"
116174,"[2789, 63030, 107154, 107209, 48734, 64190, 107832, 99877, 506, 83258]"
116175,"[23757, 40656, 100349, 70518, 77375, 35497, 44700, 21786, 103313, 73286]"
116176,"[108172, 104940, 52810, 54319, 98626, 79604, 71120, 76526, 59856, 74251]"
116177,"[100558, 87587, 25192, 69952, 5423, 65722, 2374, 104136, 14667, 39736]"
116178,"[27661, 80387, 63666, 1489, 7271, 22122, 96738, 74520, 76570, 66823]"
116179,"[65170, 30754, 33888, 60916, 11506, 77259, 54684, 55022, 60204, 104543]"
116180,"[79528, 81500, 107200, 7781, 52095, 59443, 7322, 77924, 8675, 577]"
116181,"[96358, 80595, 101275, 47744, 36794, 43685, 93437, 3333, 50486, 73119]"
116182,"[37476, 102951, 51002, 12947, 27727, 37367, 51679, 40478, 37272, 76353]"
116183,"[9173, 1086, 72633, 92638, 5380, 8633, 41941, 56177, 9629, 65947]"
116184,"[102237, 74292, 12181, 84335, 33471, 45470, 493, 73330, 87444, 103471]"
116185,"[105533, 109534, 29910, 103208, 43616, 12174, 17459, 107346, 9348, 100648]"
116186,"[53436, 3710, 100056, 17444, 55799, 4974, 14584, 76717, 6785, 21168]"
116187,"[58187, 68379, 86586, 78170, 30247, 73357, 68817, 16086, 35210, 26625]"
116188,"[66677, 68207, 78871, 24805, 108835, 40795, 25582, 6701, 78469, 24118]"
116189,"[23744, 53576, 100411, 106791, 52922, 96520, 90602, 86241, 29878, 103331]"
116190,"[78134, 105118, 27745, 31148, 97060, 107357, 27719, 10392, 68370, 1400]"
116191,"[79261, 42989, 1395, 104424, 5195, 43846, 66075, 46482, 26720, 34062]"
116192,"[60151, 73185, 23094, 59149, 60555, 10619, 12847, 88605, 102349, 36515]"
116193,"[87571, 8454, 19698, 4703, 15901, 84794, 28459, 12313, 13191, 27979]"
116194,"[85141, 96443, 38983, 98597, 91183, 57928, 86220, 20998, 91279, 67476]"
116195,"[54529, 31605, 95178, 43574, 11990, 23540, 102551, 49778, 90056, 79591]"
116196,"[82808, 99564, 44094, 22596, 10564, 95981, 57664, 91619, 99022, 70354]"
116197,"[72919, 106273, 74802, 96472, 49843, 87234, 43032, 51646, 84571, 48715]"
116198,"[77173, 18248, 58928, 7973, 94161, 53939, 75831, 43561, 47610, 32939]"
116199,"[13032, 68098, 2931, 41678, 91740, 68279, 28783, 78062, 4219, 58279]"
116200,"[35270, 60268, 68943, 41464, 101575, 74409, 103002, 27607, 94120, 97055]"
116201,"[83659, 55039, 91622, 42689, 16438, 55159, 75267, 8636, 69697, 23036]"
116202,"[74816, 152, 1695, 51806, 47046, 50607, 103591, 71559, 83709, 45318]"
116203,"[19704, 90890, 40688, 89891, 89196, 61897, 58321, 51425, 74656, 58126]"
116204,"[6602, 78371, 69185, 20419, 4339, 43273, 6875, 11751, 52485, 10164]"
116205,"[75492, 30495, 15622, 2116, 105467, 30682, 107658, 13535, 32871, 68146]"
116206,"[18898, 4597, 40096, 41849, 72039, 32826, 67281, 61408, 67867, 65657]"
116207,"[32604, 59404, 16721, 35882, 23515, 108892, 3326, 19353, 22441, 18431]"
116208,"[95194, 4949, 65999, 64541, 72906, 34617, 21692, 84618, 2681, 12158]"
116209,"[51811, 33277, 90760, 30383, 87828, 85951, 56033, 26196, 5861, 14815]"
116210,"[21488, 18457, 101573, 85128, 93938, 26488, 66697, 43843, 68433, 23453]"
116211,"[57225, 71632, 43296, 44859, 71907, 31968, 37828, 20961, 55631, 48868]"
116212,"[90396, 104910, 57328, 71472, 40480, 103601, 59972, 108252, 3415, 77076]"
116213,"[36302, 106588, 85057, 92883, 40994, 7693, 87409, 38142, 68802, 39830]"
116214,"[54563, 50069, 25753, 60621, 95442, 101643, 48862, 105123, 5853, 88598]"
116215,"[76935, 6679, 82201, 26555, 18320, 93901, 67700, 12537, 14376, 87209]"
116216,"[102165, 7748, 83503, 7641, 79600, 48030, 29780, 60334, 72160, 29919]"
116217,"[6026, 49747, 55794, 45111, 71272, 71876, 23478, 55146, 56236, 64022]"
116218,"[83134, 106737, 98338, 93096, 42658, 97224, 32069, 13049, 75542, 7575]"
116219,"[59678, 84596, 2883, 85554, 81839, 25034, 109230, 5023, 4098, 5501]"
116220,"[37651, 53124, 101669, 40390, 49205, 84723, 37115, 107559, 94548, 88317]"
116221,"[18350, 91901, 85541, 60200, 46836, 94866, 65365, 68067, 42643, 3860]"
116222,"[4108, 29169, 11089, 47998, 81657, 5617, 67286, 13541, 90469, 71056]"
116223,"[561, 48990, 86049, 102333, 100153, 103040, 104678, 18528, 27742, 10757]"
116224,"[77065, 98565, 11617, 104728, 50510, 86653, 80190, 77794, 96158, 50593]"
116225,"[55850, 102388, 23282, 45149, 21413, 73266, 41916, 91384, 29733, 49830]"
116226,"[83196, 91673, 15148, 3998, 78410, 10753, 9409, 106057, 14720, 101903]"
116227,"[109628, 88236, 89699, 77585, 27174, 87009, 67522, 104641, 36005, 54812]"
116228,"[2276, 18901, 89692, 66985, 21288, 98331, 1070, 61633, 115, 100449]"
116229,"[77795, 17267, 34664, 103980, 81360, 37345, 30176, 49789, 75165, 43852]"
116230,"[68723, 5617, 54320, 13541, 8355, 108188, 78278, 4108, 62746, 98804]"
116231,"[25564, 2903, 109543, 102008, 16291, 45282, 87726, 98056, 81849, 85806]"
116232,"[95865, 95806, 98931, 46579, 77828, 38949, 29939, 88818, 7205, 33639]"
116233,"[34681, 101389, 90114, 15848, 9584, 23144, 26151, 65560, 66679, 3258]"
116234,"[50125, 62523, 15587, 7175, 52347, 96978, 23961, 28823, 20206, 33196]"
116235,"[5832, 48706, 96817, 30780, 45818, 68434, 98918, 92184, 71125, 11267]"
116236,"[32547, 106107, 76541, 39101, 12464, 15960, 54500, 49491, 12330, 25136]"
116237,"[40720, 47440, 91812, 86965, 29484, 6192, 85081, 55430, 8249, 33522]"
116238,"[18653, 41469, 24353, 31172, 30151, 67002, 50711, 12989, 54818, 74581]"
116239,"[25774, 35171, 99525, 65263, 51519, 17513, 58817, 104141, 75895, 42632]"
116240,"[20256, 89070, 25838, 67073, 107514, 30091, 87986, 56492, 101914, 109284]"
116241,"[86381, 22367, 4831, 9440, 11061, 76509, 68205, 86898, 84991, 103245]"
116242,"[48771, 109307, 8537, 15230, 3778, 101333, 2282, 28866, 7565, 107380]"
116243,"[34951, 107090, 84053, 37595, 105547, 51185, 86855, 13363, 52665, 53925]"
116244,"[45067, 4085, 68002, 8507, 60228, 30172, 72972, 44172, 47868, 43390]"
116245,"[67401, 48773, 49358, 52689, 56340, 5055, 58006, 101576, 93043, 80119]"
116246,"[80803, 72634, 29658, 26135, 39746, 33476, 73984, 50002, 25382, 46433]"
116247,"[98157, 4848, 23194, 77128, 99015, 91392, 91010, 26125, 39061, 87542]"
116248,"[72659, 59624, 95663, 72404, 45187, 75977, 57151, 98545, 87134, 13816]"
116249,"[14770, 56082, 67825, 26924, 90317, 24547, 49348, 10364, 95281, 37260]"
116250,"[81868, 85566, 88245, 101028, 94869, 103144, 108728, 3197, 37085, 72818]"
116251,"[59871, 109694, 49800, 55454, 22756, 72002, 41582, 50309, 105114, 58458]"
116252,"[32793, 50482, 108903, 22957, 108002, 40093, 86805, 50190, 54219, 78411]"
116253,"[40556, 59022, 33597, 14448, 54381, 25265, 103082, 3897, 101754, 93702]"
116254,"[15590, 41592, 80962, 67699, 102180, 13549, 86814, 97361, 29426, 31022]"
116255,"[81484, 83014, 34057, 1525, 72985, 100956, 52023, 45310, 50124, 8635]"
116256,"[104627, 20838, 68853, 25067, 5495, 68974, 83190, 2939, 8166, 16607]"
116257,"[53980, 60317, 67945, 18448, 52663, 101091, 49839, 81295, 51051, 26060]"
116258,"[58128, 34159, 60405, 104921, 94271, 17811, 103045, 9786, 27123, 59228]"
116259,"[106566, 89671, 53245, 93273, 98740, 72756, 11036, 65993, 99985, 44921]"
116260,"[70809, 40776, 49034, 26825, 87535, 98500, 80538, 77259, 48913, 67239]"
116261,"[70142, 33710, 89568, 11216, 92771, 61008, 90766, 99098, 86191, 104440]"
116262,"[20321, 108066, 7360, 100847, 101369, 80219, 84953, 10198, 46325, 33734]"
116263,"[52703, 38032, 17761, 22342, 54440, 36503, 34862, 19783, 7454, 72488]"
116264,"[4190, 19238, 98346, 63768, 8073, 44588, 8332, 47237, 98267, 62529]"
116265,"[17330, 24220, 28785, 24079, 50354, 34165, 57191, 32419, 11332, 24891]"
116266,"[1759, 4864, 103051, 10871, 22614, 40115, 59072, 53630, 87357, 15564]"
116267,"[37038, 98669, 45740, 107951, 103090, 49214, 99716, 104109, 14126, 41933]"
116268,"[7461, 78110, 3336, 64052, 55132, 71680, 71928, 79625, 10099, 98172]"
116269,"[52682, 55301, 91321, 53866, 68604, 80381, 4225, 100812, 10820, 36737]"
116270,"[43356, 80117, 39021, 11098, 26030, 102135, 77651, 20215, 46776, 64603]"
116271,"[102332, 18696, 70983, 75875, 29295, 24894, 103998, 46582, 53805, 17966]"
116272,"[105694, 33157, 85460, 40061, 75787, 6122, 104746, 84298, 7392, 83390]"
116273,"[85888, 28021, 22127, 34755, 55250, 92374, 107214, 53182, 33096, 97151]"
116274,"[81293, 93224, 10878, 1380, 53937, 98396, 7386, 14801, 55639, 18427]"
116275,"[3430, 32389, 42426, 17567, 74224, 7880, 57188, 36478, 8169, 68178]"
116276,"[97750, 38136, 12669, 103650, 97196, 65366, 83790, 80839, 85280, 66430]"
116277,"[54714, 85321, 97565, 104140, 74882, 929, 39337, 52688, 47180, 1937]"
116278,"[102013, 42102, 13022, 101136, 51694, 94802, 45575, 52435, 34913, 61362]"
116279,"[43250, 93240, 107285, 54386, 62639, 46720, 94952, 30001, 93012, 64225]"
116280,"[93542, 60833, 18118, 52257, 3182, 36589, 67613, 40423, 99248, 5380]"
116281,"[90109, 35639, 72923, 59940, 25557, 7105, 15765, 86023, 13965, 70299]"
116282,"[29684, 8712, 18905, 64436, 60306, 38224, 76657, 97987, 101926, 2967]"
116283,"[78683, 66330, 58871, 32479, 76316, 77759, 40871, 4819, 75453, 106363]"
116284,"[44320, 70882, 93685, 27559, 99588, 7592, 105183, 80920, 26445, 18825]"
116285,"[10027, 93034, 82247, 69762, 71587, 86329, 50557, 4842, 68213, 17800]"
116286,"[15678, 62828, 74079, 75901, 39336, 47475, 9893, 1664, 53765, 12487]"
116287,"[56378, 96286, 71116, 77574, 22538, 49495, 101397, 109313, 5564, 26296]"
116288,"[10915, 78557, 11688, 21353, 78936, 102775, 93977, 18586, 56020, 101770]"
116289,"[19867, 107491, 1228, 65445, 36668, 54535, 66537, 62791, 51866, 73146]"
116290,"[96828, 15458, 13749, 35671, 36325, 80448, 29622, 89569, 94672, 30519]"
116291,"[28448, 83624, 57351, 62000, 11091, 55498, 88374, 70285, 11131, 54444]"
116292,"[54893, 99386, 64036, 79639, 101505, 60961, 56492, 46488, 98990, 92969]"
116293,"[23467, 54399, 5945, 15888, 36918, 6336, 22942, 96739, 1902, 37955]"
116294,"[69850, 85922, 86021, 5385, 15759, 42320, 68952, 52499, 30331, 12442]"
116295,"[55545, 22032, 65898, 61036, 22218, 16479, 23388, 35399, 30211, 89648]"
116296,"[67355, 99378, 1993, 80426, 39654, 14013, 17104, 71137, 81769, 59966]"
116297,"[49728, 103049, 31693, 24808, 59291, 24374, 22605, 55213, 53460, 71516]"
116298,"[84781, 56097, 33763, 18361, 61693, 63916, 4846, 19723, 25277, 55663]"
116299,"[21019, 29868, 65226, 8467, 81294, 69423, 22994, 41896, 95899, 26891]"
116300,"[59224, 63811, 71023, 41866, 84870, 94154, 50007, 65127, 72465, 39136]"
116301,"[105746, 72432, 55609, 72253, 2263, 32269, 45344, 97138, 86870, 52700]"
116302,"[88632, 59215, 73972, 9480, 50415, 26504, 103873, 96241, 77149, 27093]"
116303,"[94245, 89050, 94167, 63207, 19734, 68495, 55547, 83041, 45404, 97598]"
116304,"[42553, 68796, 89103, 78904, 95560, 33992, 5973, 28901, 90081, 75143]"
116305,"[66385, 15910, 29823, 199, 104203, 6496, 18652, 23133, 63723, 49421]"
116306,"[27089, 24961, 88031, 17964, 26922, 73700, 5415, 538, 80216, 27383]"
116307,"[88182, 100347, 92942, 58578, 99826, 31265, 80232, 105287, 55778, 34]"
116308,"[50097, 10916, 35318, 24890, 45137, 91723, 9999, 41792, 21655, 77265]"
116309,"[106842, 15054, 79456, 77505, 100735, 48757, 47797, 106240, 100668, 104715]"
116310,"[81656, 27495, 36669, 105911, 99839, 28512, 71523, 85018, 1032, 81912]"
116311,"[57140, 18230, 102946, 73604, 17483, 30033, 6484, 105600, 38934, 5945]"
116312,"[9113, 67529, 27738, 20588, 57492, 107893, 83753, 55146, 95220, 64022]"
116313,"[10091, 54756, 3058, 37671, 19269, 22792, 21036, 44129, 35258, 24166]"
116314,"[65664, 99938, 9165, 30260, 16749, 49074, 4900, 65735, 312, 107979]"
116315,"[98620, 54117, 20984, 72909, 99326, 85852, 9191, 68831, 42987, 95816]"
116316,"[66972, 11035, 27596, 63779, 11842, 71232, 96969, 99166, 33369, 98555]"
116317,"[97076, 42592, 73130, 48172, 59015, 68789, 60654, 85540, 48556, 32572]"
116318,"[101463, 90871, 959, 103709, 73214, 21807, 109657, 21054, 106864, 70667]"
116319,"[66619, 74332, 58912, 754, 87368, 46075, 574, 88750, 28563, 3098]"
116320,"[51938, 45616, 46653, 26385, 36134, 109076, 48375, 80864, 31550, 54494]"
116321,"[6876, 21852, 63851, 81685, 101151, 98110, 48168, 10419, 93888, 58369]"
116322,"[59454, 55620, 36964, 2227, 58180, 87560, 98034, 75524, 24741, 23407]"
116323,"[44462, 46890, 97425, 1023, 12386, 3254, 14382, 51209, 36093, 41249]"
116324,"[71320, 12914, 193, 18566, 44186, 73289, 57107, 100969, 8886, 73860]"
116325,"[15935, 32243, 19806, 63185, 80228, 33672, 38054, 83604, 54276, 11398]"
116326,"[8434, 64484, 72045, 72179, 67371, 69178, 15386, 37520, 29069, 64229]"
116327,"[12229, 23469, 62781, 69553, 96706, 97608, 91277, 10514, 59217, 80601]"
116328,"[29263, 21055, 87177, 76904, 67844, 93603, 9950, 15633, 68164, 60980]"
116329,"[25218, 69445, 97967, 106159, 95551, 60003, 27053, 51738, 85958, 55221]"
116330,"[93342, 63304, 45884, 66807, 49801, 27572, 35615, 30392, 52761, 84632]"
116331,"[21624, 107409, 66466, 75457, 54928, 59456, 86600, 1280, 45903, 68291]"
116332,"[57934, 46214, 37442, 37883, 52887, 40010, 22105, 51951, 38105, 798]"
116333,"[108042, 3399, 100758, 17313, 29131, 38425, 68534, 95607, 55778, 106487]"
116334,"[31068, 81436, 24498, 42078, 81384, 59025, 77876, 7829, 81580, 62681]"
116335,"[32981, 91048, 93432, 101131, 97502, 25255, 99247, 67859, 42412, 81320]"
116336,"[74366, 91982, 71904, 101356, 34080, 86438, 104743, 35233, 86462, 20313]"
116337,"[57042, 74957, 37169, 19637, 81091, 93034, 54978, 59033, 80305, 4630]"
116338,"[43680, 57792, 84909, 28611, 35925, 5687, 102537, 99668, 52092, 66250]"
116339,"[36737, 7859, 81858, 55301, 68604, 88960, 7401, 33639, 88818, 4225]"
116340,"[98938, 67504, 61894, 79382, 33829, 74322, 8673, 63609, 22563, 27111]"
116341,"[89095, 70219, 50398, 72667, 72724, 61819, 62961, 49751, 22789, 9596]"
116342,"[28119, 79364, 68669, 87049, 7585, 67738, 19355, 81651, 83009, 27790]"
116343,"[5205, 27875, 52571, 53453, 47341, 1026, 6674, 39065, 96106, 79422]"
116344,"[61471, 73175, 43103, 44583, 94850, 102747, 15649, 10243, 58574, 48540]"
116345,"[65847, 53803, 67115, 22825, 98096, 73837, 107912, 70427, 905, 87178]"
116346,"[57528, 41275, 23602, 26457, 79157, 70471, 72590, 33713, 38030, 29401]"
116347,"[66465, 68698, 85257, 37026, 39697, 83465, 64235, 39239, 101537, 5047]"
116348,"[22854, 105987, 12097, 34495, 8180, 52842, 42151, 5376, 106393, 86093]"
116349,"[37492, 103308, 16571, 22071, 9558, 25922, 64875, 63647, 6463, 74943]"
116350,"[42123, 46040, 61129, 77160, 45174, 105139, 96986, 93558, 46293, 88045]"
116351,"[105845, 79831, 13015, 16340, 49692, 72717, 5350, 70156, 31432, 105178]"
116352,"[91831, 65561, 81299, 98275, 37339, 55287, 21829, 97654, 100949, 102519]"
116353,"[97756, 106058, 83546, 16215, 12342, 59335, 107207, 48146, 53934, 76707]"
116354,"[56597, 64410, 78500, 37920, 88010, 94368, 97231, 67773, 84271, 72199]"
116355,"[61013, 57044, 30527, 77204, 24335, 41447, 102706, 53428, 26845, 51148]"
116356,"[46209, 85442, 99117, 51581, 67840, 6105, 61986, 46041, 104876, 43550]"
116357,"[22875, 43603, 73852, 60067, 107333, 69391, 85779, 70355, 64526, 51389]"
116358,"[20501, 100637, 48957, 18737, 6462, 78327, 70689, 66491, 17269, 64958]"
116359,"[52125, 2898, 93266, 49842, 49580, 1234, 76126, 2965, 67655, 93127]"
116360,"[52975, 86489, 79691, 49105, 15202, 545, 713, 45925, 11478, 66403]"
116361,"[104967, 45885, 58572, 81972, 57812, 75812, 35706, 99186, 24960, 28426]"
116362,"[36976, 42561, 5214, 75438, 38799, 47771, 4365, 89583, 9163, 109317]"
116363,"[102478, 88313, 109156, 30113, 22990, 26606, 106233, 74339, 63011, 98837]"
116364,"[27166, 106481, 90429, 26536, 78672, 36917, 49793, 104464, 63253, 51534]"
116365,"[50012, 87757, 28917, 27231, 67287, 101052, 735, 3077, 13803, 57807]"
116366,"[72033, 83790, 35202, 107506, 60978, 2080, 64494, 50992, 67059, 76099]"
116367,"[57299, 44822, 50043, 4344, 83347, 25064, 102837, 85795, 70745, 48366]"
116368,"[26510, 86627, 29083, 38263, 76723, 35029, 82853, 45367, 94697, 77465]"
116369,"[89712, 7427, 28418, 81592, 19914, 89465, 77425, 92542, 60041, 103580]"
116370,"[92964, 29972, 39982, 86282, 19102, 104055, 100250, 54997, 16561, 92686]"
116371,"[82741, 81445, 47828, 9302, 37662, 10879, 17392, 102164, 109505, 32606]"
116372,"[16922, 38390, 18090, 14014, 52148, 98767, 25287, 18545, 32444, 20942]"
116373,"[27894, 46763, 17127, 91996, 320, 58094, 100279, 16148, 91536, 101808]"
116374,"[57809, 26685, 63742, 55207, 58881, 83555, 73373, 75974, 94117, 88910]"
116375,"[34060, 60733, 89455, 23758, 47219, 66150, 18739, 68985, 80682, 82233]"
116376,"[15960, 12330, 16614, 106107, 75509, 60155, 32547, 97806, 12464, 79642]"
116377,"[88708, 10475, 23021, 61562, 83575, 37490, 15028, 97315, 12773, 59658]"
116378,"[56762, 83473, 11529, 63440, 25823, 74341, 4259, 104323, 104477, 20505]"
116379,"[24080, 41130, 55033, 77777, 102796, 60526, 16101, 798, 95459, 67671]"
116380,"[42127, 20585, 4340, 101036, 22561, 102821, 54548, 46122, 13294, 23674]"
116381,"[108330, 62857, 37404, 98893, 76703, 47118, 64363, 98701, 27786, 48023]"
116382,"[98560, 105216, 66489, 9944, 47799, 61658, 62026, 55117, 70555, 34986]"
116383,"[9494, 5301, 4100, 15152, 49204, 40589, 35945, 22010, 14557, 66673]"
116384,"[68934, 41411, 96574, 8122, 65131, 55451, 87708, 77556, 104770, 52410]"
116385,"[13822, 5417, 101221, 64558, 7962, 92107, 46996, 101529, 28319, 71742]"
116386,"[61219, 95839, 71919, 64996, 3925, 27535, 59939, 92258, 82968, 21527]"
116387,"[38606, 48371, 60651, 105482, 7015, 108927, 53823, 76195, 29992, 106283]"
116388,"[19491, 48223, 25041, 33500, 55712, 60458, 59777, 106988, 13324, 89732]"
116389,"[90264, 16717, 71096, 26270, 7923, 2358, 75277, 15005, 19122, 55641]"
116390,"[65399, 61418, 707, 42839, 20025, 96518, 99762, 36743, 40965, 60949]"
116391,"[17956, 103700, 65430, 71543, 49690, 82030, 91616, 36519, 15302, 105395]"
116392,"[95033, 43977, 64301, 49483, 43690, 17025, 73980, 51401, 83639, 77967]"
116393,"[102683, 34887, 9886, 61337, 26431, 70635, 38468, 19118, 4570, 1829]"
116394,"[99908, 94890, 29053, 83402, 84493, 90826, 74433, 108165, 86308, 68797]"
116395,"[7014, 2504, 97484, 31807, 104573, 96514, 12117, 63348, 59360, 39721]"
116396,"[6963, 83717, 95566, 67999, 61975, 81078, 102534, 72412, 32962, 33679]"
116397,"[25884, 80653, 9328, 65304, 57779, 27834, 16613, 4458, 84802, 44286]"
116398,"[9099, 17172, 15890, 95644, 39328, 67774, 92207, 95572, 10535, 102715]"
116399,"[74698, 99608, 44834, 103639, 78438, 20777, 24929, 45997, 94879, 63965]"
116400,"[20855, 75945, 18781, 76111, 75066, 64855, 35659, 59863, 48313, 2583]"
116401,"[3428, 76599, 2877, 91116, 103622, 55901, 89562, 10773, 92271, 45924]"
116402,"[22300, 102326, 93168, 95727, 41062, 57396, 82394, 103270, 100281, 53740]"
116403,"[43198, 56186, 44825, 8881, 26336, 22016, 11228, 99587, 24671, 29323]"
116404,"[72046, 101454, 44510, 55719, 58335, 92760, 77780, 75888, 38221, 20137]"
116405,"[14359, 59550, 60203, 91433, 78729, 16552, 2531, 29933, 18222, 30520]"
116406,"[104759, 105873, 11541, 70901, 107262, 109002, 36275, 68751, 72030, 3379]"
116407,"[9369, 3042, 82181, 52280, 24520, 56479, 15056, 57507, 26026, 71085]"
116408,"[103294, 59867, 99393, 16196, 24833, 34118, 31326, 47152, 81598, 16882]"
116409,"[101078, 66991, 31483, 80169, 79623, 34725, 29219, 59845, 58787, 41823]"
116410,"[39247, 13111, 12950, 84856, 66508, 58328, 7129, 9859, 50517, 69544]"
116411,"[18339, 37637, 36564, 98687, 4901, 34526, 84319, 77918, 23281, 45022]"
116412,"[35936, 102367, 92343, 55231, 53095, 80065, 18070, 55217, 27995, 46922]"
116413,"[43842, 96204, 26546, 78028, 76340, 33569, 73412, 56475, 13651, 87964]"
116414,"[19579, 52288, 23494, 44797, 68843, 105664, 38101, 71656, 17719, 92219]"
116415,"[66074, 98802, 2405, 94373, 12821, 54131, 30626, 84822, 66742, 48364]"
116416,"[90558, 103999, 37521, 96827, 77469, 37148, 47088, 98037, 44626, 5818]"
116417,"[28318, 11930, 99178, 67684, 24277, 21161, 107162, 73197, 28791, 38568]"
116418,"[104208, 6704, 28443, 96592, 77808, 756, 19157, 28100, 96290, 6462]"
116419,"[108947, 79159, 51770, 4783, 43740, 100147, 71566, 25888, 72799, 86200]"
116420,"[68095, 105852, 40338, 67688, 28746, 79527, 75394, 3895, 31360, 29568]"
116421,"[94043, 72903, 27121, 67219, 5630, 27297, 91491, 45959, 21360, 12322]"
116422,"[29019, 79480, 22255, 54371, 104419, 100882, 25214, 52031, 20399, 14883]"
116423,"[44677, 101863, 55867, 101281, 22923, 42532, 71043, 2632, 61863, 87535]"
116424,"[56303, 105864, 17843, 13264, 7863, 108541, 21855, 57319, 4147, 54396]"
116425,"[102204, 55780, 4933, 39920, 105972, 65459, 15161, 33508, 65832, 50556]"
116426,"[61145, 80340, 29553, 45983, 102656, 41452, 47000, 41142, 104160, 63162]"
116427,"[106137, 49172, 31136, 84671, 11264, 22061, 59575, 84408, 21986, 3351]"
116428,"[29034, 28860, 51632, 7756, 68422, 100125, 29614, 75529, 92232, 71977]"
116429,"[109244, 1479, 21167, 80817, 69427, 68734, 87608, 33942, 94193, 14986]"
116430,"[9798, 12461, 69012, 57673, 53898, 77045, 14320, 90273, 9922, 4801]"
116431,"[72086, 98444, 77721, 6134, 8017, 99306, 24252, 84950, 90493, 11030]"
116432,"[78286, 58885, 108777, 84262, 21936, 86679, 101730, 87739, 69800, 18877]"
116433,"[9799, 53492, 104681, 99546, 27328, 10904, 93417, 21277, 98608, 5552]"
116434,"[75622, 96388, 73159, 50182, 40603, 66504, 91593, 16740, 20461, 62609]"
116435,"[44018, 94537, 66889, 30215, 24303, 104294, 2821, 91235, 101502, 20385]"
116436,"[72680, 4787, 34143, 53273, 49769, 19568, 75177, 22138, 108353, 11918]"
116437,"[101955, 37402, 30221, 24765, 28145, 26727, 69963, 105247, 13723, 95435]"
116438,"[102559, 61606, 25961, 99249, 24536, 85364, 80146, 85501, 52019, 51772]"
116439,"[41329, 14938, 13249, 22260, 98859, 87454, 9002, 104179, 40859, 45456]"
116440,"[92174, 69375, 35492, 100974, 90457, 75103, 21475, 20392, 29573, 12329]"
116441,"[42967, 85830, 65623, 96309, 54391, 92413, 17771, 2954, 104004, 81863]"
116442,"[52259, 86915, 20376, 108203, 11515, 77020, 11064, 105904, 107872, 56551]"
116443,"[69496, 31791, 102567, 20037, 83684, 50084, 47539, 11481, 77186, 38401]"
116444,"[65876, 60119, 81555, 73892, 79468, 106575, 45212, 96542, 35539, 52307]"
116445,"[88456, 65598, 10343, 5758, 21457, 30362, 19943, 108735, 44312, 37772]"
116446,"[22124, 24322, 35068, 65972, 84979, 51614, 16094, 15549, 93069, 38697]"
116447,"[96139, 54817, 30552, 27345, 27382, 48684, 34754, 4418, 1093, 96499]"
116448,"[63186, 66764, 41084, 15668, 23263, 47198, 34450, 19840, 36082, 50276]"
116449,"[43191, 102038, 64379, 95185, 109487, 6862, 31717, 48457, 102236, 65331]"
116450,"[83286, 79363, 55176, 89802, 42278, 61278, 95738, 83817, 32823, 88832]"
116451,"[92073, 36381, 52140, 42849, 103888, 20013, 61726, 42005, 86312, 7248]"
116452,"[48252, 82413, 89168, 99517, 107198, 102579, 47999, 37854, 72956, 95843]"
116453,"[108305, 46742, 72773, 47776, 81778, 25067, 2939, 37471, 65912, 22365]"
116454,"[50971, 58662, 37674, 13937, 11281, 91554, 85133, 26509, 21021, 34459]"
116455,"[21322, 80098, 67636, 88769, 77754, 97453, 4111, 88029, 4997, 447]"
116456,"[24150, 95352, 28042, 2640, 48458, 97373, 106625, 12454, 64317, 79021]"
116457,"[42747, 28826, 85042, 103131, 75898, 41116, 26302, 67322, 86201, 67958]"
116458,"[62828, 53765, 61634, 15678, 33849, 65637, 87438, 10747, 75901, 9281]"
116459,"[53766, 8204, 98909, 104528, 73091, 64580, 33419, 17710, 43889, 22047]"
116460,"[73146, 95104, 8864, 99598, 96216, 57093, 76981, 32080, 70450, 63151]"
116461,"[13731, 67780, 82578, 3717, 106367, 11008, 93443, 337, 66778, 104245]"
116462,"[73589, 102368, 30095, 26231, 57980, 104286, 96677, 17064, 95536, 63162]"
116463,"[74374, 84931, 18329, 23302, 100162, 51562, 29784, 39400, 93665, 49573]"
116464,"[40998, 64117, 26437, 21218, 19076, 15088, 63609, 28294, 38729, 39577]"
116465,"[29713, 74411, 42312, 107765, 105030, 91375, 44651, 23037, 29230, 77137]"
116466,"[28795, 67892, 23009, 71142, 92336, 92566, 92927, 100308, 5427, 63773]"
116467,"[41116, 43295, 5982, 84448, 75898, 16005, 12621, 50985, 93289, 15407]"
116468,"[74858, 8356, 76265, 71172, 65737, 40542, 864, 38994, 94715, 35674]"
116469,"[82985, 14340, 68736, 103459, 69915, 93369, 88610, 19006, 57878, 43281]"
116470,"[100445, 21187, 102658, 77280, 80996, 58865, 88297, 19491, 69590, 19327]"
116471,"[22459, 35609, 53703, 12608, 91589, 6054, 82387, 52501, 99560, 66202]"
116472,"[60428, 55676, 52709, 101747, 52159, 51742, 67654, 64262, 44708, 40416]"
116473,"[59922, 50270, 5080, 59415, 92841, 36829, 44656, 90960, 32149, 20276]"
116474,"[96262, 100438, 97758, 10326, 68388, 6081, 101544, 66144, 54499, 102420]"
116475,"[51836, 89121, 62782, 9198, 26662, 32924, 70958, 96548, 98611, 22767]"
116476,"[33449, 43366, 36378, 101613, 66145, 81217, 98750, 104151, 14660, 16192]"
116477,"[6911, 63726, 64960, 3446, 64397, 53065, 72791, 2792, 31975, 7680]"
116478,"[70371, 88807, 48468, 36420, 104849, 59336, 43743, 59971, 107769, 48307]"
116479,"[84703, 40672, 6989, 22135, 42379, 2146, 92726, 18893, 59961, 52431]"
116480,"[56337, 77958, 38678, 89944, 32617, 46640, 79930, 59764, 42198, 37546]"
116481,"[79671, 48869, 14346, 80232, 4761, 64137, 88182, 28450, 106874, 79177]"
116482,"[43540, 19509, 12789, 37864, 78566, 102265, 11547, 68281, 21347, 15589]"
116483,"[44644, 62438, 92931, 9055, 38600, 84547, 58022, 81586, 88394, 108464]"
116484,"[91736, 65429, 16762, 93312, 26344, 108854, 81698, 73542, 108582, 25550]"
116485,"[93131, 72276, 55895, 22860, 78979, 19865, 45542, 74925, 50886, 13379]"
116486,"[109534, 105533, 29910, 17459, 35007, 77329, 43616, 51083, 100648, 73985]"
116487,"[97038, 77012, 18975, 31295, 14357, 47232, 88605, 7603, 41182, 22211]"
116488,"[82744, 77940, 99657, 78146, 92278, 15697, 75782, 88837, 24092, 8279]"
116489,"[5324, 2065, 19521, 42199, 43633, 105319, 22653, 40295, 51853, 26363]"
116490,"[40358, 96719, 106598, 63121, 27412, 572, 48815, 75412, 95926, 59904]"
116491,"[74821, 57193, 46420, 12403, 75936, 108080, 76921, 64833, 59601, 54856]"
116492,"[80578, 107592, 91784, 67484, 70881, 69818, 97371, 92933, 93550, 64788]"
116493,"[31269, 25916, 50294, 69691, 20253, 4291, 51501, 51022, 22532, 74670]"
116494,"[81179, 68424, 26902, 3877, 10586, 75154, 26133, 104676, 5394, 104209]"
116495,"[7172, 58242, 40730, 13282, 85066, 49265, 771, 69062, 67188, 13753]"
116496,"[14352, 47526, 30999, 87334, 50754, 20341, 26100, 27743, 7968, 52820]"
116497,"[52440, 8875, 3670, 32099, 83837, 14295, 23504, 42617, 86951, 43897]"
116498,"[77554, 66440, 94279, 49397, 46670, 17620, 41670, 98476, 104458, 64200]"
116499,"[67131, 86906, 39200, 103783, 97444, 104468, 56906, 79911, 109648, 59704]"
116500,"[49562, 72092, 45007, 77917, 99447, 63606, 21139, 52675, 47117, 55375]"
116501,"[64386, 30476, 31776, 10636, 63362, 6732, 48378, 90571, 49762, 108374]"
116502,"[20294, 46956, 89659, 28936, 2429, 93410, 72721, 99354, 28411, 7036]"
116503,"[61203, 25246, 6694, 95162, 21436, 80707, 48948, 68043, 29132, 12163]"
116504,"[6895, 23157, 61300, 62494, 108545, 103838, 17700, 4169, 65341, 104601]"
116505,"[31672, 63461, 49416, 62056, 96270, 83793, 46501, 89511, 75186, 41912]"
116506,"[96802, 11691, 70603, 36577, 89660, 48766, 3363, 32600, 69162, 27770]"
116507,"[39519, 43324, 34140, 43258, 102118, 63484, 42589, 74119, 19992, 97860]"
116508,"[62469, 79872, 48203, 106502, 6305, 65678, 60401, 4066, 77975, 41842]"
116509,"[99785, 23820, 61535, 60538, 11059, 57693, 49366, 59597, 22731, 542]"
116510,"[18346, 83380, 67201, 37502, 63240, 37530, 55560, 103634, 36644, 58412]"
116511,"[44591, 54629, 35682, 61003, 84659, 64390, 79087, 84542, 83377, 83195]"
116512,"[79767, 88256, 56498, 4705, 50150, 72592, 26752, 62164, 90446, 87804]"
116513,"[63990, 69756, 5524, 92683, 88265, 11342, 101100, 70271, 33140, 67436]"
116514,"[4189, 70510, 66318, 25993, 35409, 106820, 58316, 96163, 1252, 3300]"
116515,"[84276, 76668, 57092, 63696, 27367, 77835, 70812, 77196, 51285, 28078]"
116516,"[58196, 5324, 2065, 40295, 10866, 26363, 43407, 38368, 22653, 96922]"
116517,"[60072, 84531, 48399, 12732, 70192, 95276, 106392, 60305, 8901, 58852]"
116518,"[97130, 64874, 108298, 10627, 104330, 23492, 2310, 108944, 97442, 45330]"
116519,"[15367, 88215, 3725, 79121, 32002, 57545, 27261, 11183, 100566, 95288]"
116520,"[59536, 42462, 39196, 78972, 80053, 795, 17530, 54894, 39824, 75336]"
116521,"[47032, 49439, 23395, 82915, 8774, 100805, 31555, 27663, 29969, 40930]"
116522,"[44730, 35292, 75073, 86908, 12063, 30030, 105656, 85385, 1308, 2430]"
116523,"[214, 84461, 93250, 34314, 107739, 102245, 4103, 97173, 89589, 61381]"
116524,"[47787, 53990, 45912, 24384, 62031, 30238, 38764, 95014, 105, 59806]"
116525,"[64488, 39447, 67757, 2454, 12824, 55583, 51327, 3156, 66066, 109740]"
116526,"[108021, 95572, 77627, 102715, 14247, 9099, 67774, 105934, 39328, 95644]"
116527,"[72577, 26050, 27955, 56366, 41718, 70459, 42089, 62860, 90228, 63235]"
116528,"[2771, 101736, 100537, 71583, 19318, 27033, 55304, 29258, 91684, 91157]"
116529,"[41125, 105482, 109095, 7015, 39137, 38606, 76195, 48371, 34223, 8259]"
116530,"[72906, 62587, 31830, 84618, 2681, 95194, 4949, 65999, 90391, 64541]"
116531,"[99134, 65089, 64368, 37068, 65132, 83669, 49189, 71901, 30162, 74889]"
116532,"[87937, 77731, 60960, 62592, 85816, 3123, 100374, 93999, 84785, 8563]"
116533,"[10594, 82567, 18749, 74548, 59369, 74633, 51495, 44940, 93110, 82744]"
116534,"[53295, 95347, 92487, 77154, 104267, 78098, 52294, 100700, 44768, 66315]"
116535,"[29183, 65603, 13031, 24206, 96389, 105965, 4599, 69257, 18769, 40650]"
116536,"[42109, 44030, 33387, 103202, 56928, 71431, 4156, 64235, 22866, 66465]"
116537,"[18777, 72862, 71364, 59815, 47471, 46741, 103768, 71924, 32670, 16090]"
116538,"[93248, 52620, 19766, 50879, 5169, 43667, 21719, 21435, 44753, 106357]"
116539,"[107259, 95892, 87667, 46936, 84431, 96276, 67884, 79844, 102007, 40442]"
116540,"[83029, 53202, 39380, 54300, 78470, 17232, 78677, 29567, 30599, 15079]"
116541,"[37691, 35122, 79847, 8858, 60, 60613, 71807, 22605, 31867, 66995]"
116542,"[45731, 73802, 14399, 6416, 52158, 107939, 32091, 62467, 85514, 19143]"
116543,"[3163, 43430, 106280, 57304, 7791, 49342, 75444, 84027, 19890, 106080]"
116544,"[87121, 59723, 100683, 24281, 97438, 81073, 51023, 81977, 103727, 89379]"
116545,"[104037, 45854, 76910, 66260, 68908, 3343, 28095, 50641, 67586, 10631]"
116546,"[16112, 33990, 3996, 58660, 82993, 19628, 91599, 95318, 81033, 44364]"
116547,"[59716, 31559, 78847, 53575, 35286, 28537, 64534, 103483, 90306, 57844]"
116548,"[32350, 36795, 53777, 105429, 44037, 90335, 80332, 84873, 107440, 105496]"
116549,"[23188, 103903, 42919, 36785, 83781, 61925, 57321, 46529, 80900, 24859]"
116550,"[24903, 34166, 2300, 75859, 72484, 52828, 23078, 17033, 39344, 71477]"
116551,"[105919, 74810, 36036, 50458, 95924, 108898, 79034, 65018, 33624, 12709]"
116552,"[15496, 79458, 99465, 99763, 22484, 94929, 71515, 79275, 8866, 105639]"
116553,"[7390, 103969, 98886, 50128, 63231, 14897, 95215, 50012, 5384, 70865]"
116554,"[42204, 93313, 64172, 69731, 41512, 16092, 35567, 63989, 102432, 99274]"
116555,"[61542, 55652, 13966, 86456, 36170, 95651, 96577, 75957, 7924, 55994]"
116556,"[106528, 42738, 21573, 54073, 97689, 92532, 59240, 72572, 102580, 54618]"
116557,"[25521, 6436, 58502, 15228, 19743, 63488, 104793, 51903, 88609, 98805]"
116558,"[38508, 39875, 64576, 78157, 16234, 106608, 2961, 75625, 60376, 196]"
116559,"[97634, 16067, 39252, 65106, 106271, 19880, 43327, 30278, 46680, 77271]"
116560,"[106245, 45590, 58552, 80440, 29450, 96111, 14130, 67877, 45314, 15565]"
116561,"[2100, 102703, 104685, 95905, 87361, 3467, 44089, 84600, 100190, 98563]"
116562,"[27559, 40063, 64372, 8929, 26944, 14370, 15493, 87880, 44538, 21145]"
116563,"[44521, 38593, 97223, 1658, 62227, 65096, 108135, 80833, 93978, 32132]"
116564,"[26809, 103007, 25179, 71215, 12933, 56499, 43288, 90307, 6486, 93766]"
116565,"[109389, 22089, 16724, 10956, 96190, 32886, 77551, 14874, 12910, 5543]"
116566,"[4913, 37198, 106908, 78938, 28019, 12878, 6562, 96567, 61192, 95634]"
116567,"[29272, 32523, 109681, 59691, 50738, 11846, 45359, 37853, 35584, 14332]"
116568,"[106521, 44152, 5483, 5381, 69938, 33024, 96915, 86314, 43921, 108788]"
116569,"[44858, 52166, 32284, 85717, 82288, 12784, 105234, 49255, 26590, 107355]"
116570,"[97357, 108584, 63183, 99462, 42605, 54577, 18541, 54410, 9320, 105428]"
116571,"[105706, 95852, 47415, 96675, 96229, 24232, 8670, 65535, 65521, 59306]"
116572,"[12987, 70046, 109469, 18915, 90512, 57103, 14509, 58750, 54929, 65427]"
116573,"[3812, 31399, 62088, 43893, 40876, 57386, 25044, 18247, 38302, 29164]"
116574,"[2876, 25891, 99496, 27198, 94583, 50235, 105295, 44428, 24717, 81550]"
116575,"[71558, 49488, 78538, 45582, 32810, 23863, 107049, 91030, 31814, 49270]"
116576,"[29107, 12868, 31174, 59910, 55994, 66907, 14742, 58013, 20188, 102934]"
116577,"[28597, 20504, 14543, 46512, 83074, 40432, 40943, 17411, 40016, 6865]"
116578,"[18202, 92526, 45083, 10368, 59733, 50068, 17298, 34388, 91096, 3920]"
116579,"[42581, 28314, 63526, 91460, 75995, 39343, 106982, 14779, 46528, 77195]"
116580,"[60499, 56368, 52240, 37856, 64742, 103845, 35195, 78647, 19665, 77802]"
116581,"[103581, 60557, 44097, 92804, 91529, 9894, 20755, 87058, 92899, 45915]"
116582,"[71919, 95839, 61219, 27535, 82968, 36039, 22026, 16530, 37437, 3925]"
116583,"[95670, 21159, 73805, 47512, 32738, 22153, 15966, 69818, 79440, 108392]"
116584,"[21187, 102658, 84455, 20255, 58865, 72081, 56852, 96352, 54440, 27853]"
116585,"[71879, 54628, 36457, 8837, 82238, 1755, 68252, 17692, 19380, 20286]"
116586,"[97374, 6625, 1548, 58000, 100088, 10643, 54292, 98625, 104732, 91883]"
116587,"[62387, 68580, 86367, 36086, 42438, 84080, 14784, 74600, 69549, 82045]"
116588,"[4057, 13163, 45302, 13339, 68753, 58534, 34168, 94666, 12078, 44135]"
116589,"[62460, 4235, 76209, 46645, 5864, 9238, 105409, 97011, 18636, 39623]"
116590,"[70441, 87166, 74556, 15624, 86678, 6066, 30638, 85318, 90832, 68195]"
116591,"[34573, 55997, 84182, 14333, 82924, 12077, 44580, 36089, 38995, 63158]"
116592,"[73475, 105885, 105397, 85730, 56801, 88568, 94428, 91612, 79006, 44497]"
116593,"[30882, 45901, 95504, 74632, 101425, 62475, 105054, 26087, 28573, 96768]"
116594,"[839, 46329, 95997, 41158, 81726, 90673, 72407, 108784, 74539, 82852]"
116595,"[36426, 30216, 97206, 17022, 37968, 45860, 42924, 43646, 48783, 86510]"
116596,"[63562, 48953, 108906, 16608, 31994, 95882, 100096, 85496, 31352, 22867]"
116597,"[25855, 19792, 109543, 55146, 106015, 45282, 76288, 54729, 64685, 25564]"
116598,"[31824, 98982, 71798, 70052, 60365, 62075, 11377, 102489, 96923, 65439]"
116599,"[68387, 78168, 102424, 81982, 21964, 77843, 30591, 11847, 44763, 92097]"
116600,"[26255, 102008, 85806, 82127, 61818, 49747, 57603, 54729, 6026, 14644]"
116601,"[28680, 64178, 10569, 51321, 63622, 104200, 93147, 48495, 37020, 57006]"
116602,"[72814, 50719, 108647, 37876, 41593, 13204, 40994, 48956, 19141, 49376]"
116603,"[6333, 97655, 66412, 33903, 29103, 53056, 54785, 109336, 52138, 103437]"
116604,"[74595, 43173, 88675, 101990, 76260, 108817, 58786, 5736, 40675, 38439]"
116605,"[65704, 4166, 19268, 102408, 95898, 108170, 78953, 70998, 75518, 79507]"
116606,"[95710, 42159, 31788, 31919, 21832, 66976, 23974, 93022, 7103, 31102]"
116607,"[52366, 30902, 16299, 26496, 36166, 47081, 40141, 68334, 59475, 59629]"
116608,"[103642, 65933, 64852, 37673, 102688, 21657, 29891, 102211, 84202, 91946]"
116609,"[45600, 88611, 85548, 102108, 14288, 50269, 59613, 25906, 9104, 30444]"
116610,"[39133, 29550, 35874, 106305, 43414, 99882, 22687, 52772, 24191, 38420]"
116611,"[109037, 47878, 32684, 18159, 9660, 99011, 39257, 20935, 450, 45633]"
116612,"[103969, 93795, 40673, 42496, 38476, 7390, 78002, 46428, 101214, 73296]"
116613,"[80352, 107583, 46137, 39237, 51566, 64539, 14471, 46824, 4433, 5435]"
116614,"[101540, 45678, 65682, 46889, 65764, 46154, 108616, 5401, 82156, 24841]"
116615,"[62639, 16225, 34617, 107285, 100247, 19462, 61277, 103328, 64018, 78169]"
116616,"[78455, 65689, 74098, 57182, 17049, 19261, 70613, 7996, 21318, 58079]"
116617,"[105608, 108102, 67028, 63137, 48479, 26473, 5622, 83239, 2518, 37098]"
116618,"[86423, 6108, 55204, 37587, 106181, 34873, 102773, 84533, 42228, 21650]"
116619,"[6023, 40989, 107965, 108429, 106363, 41185, 108772, 58992, 96931, 67141]"
116620,"[55992, 11667, 51375, 49812, 5797, 47157, 81795, 44785, 78597, 73650]"
116621,"[8710, 98219, 107484, 77169, 34163, 60710, 68272, 26189, 62862, 58788]"
116622,"[107818, 64925, 63272, 98720, 104781, 70426, 18588, 38115, 82221, 8659]"
116623,"[12811, 50947, 93994, 57762, 25389, 8493, 88278, 17384, 40412, 104819]"
116624,"[106615, 80560, 37528, 26399, 96709, 52009, 7422, 100948, 7130, 21316]"
116625,"[86218, 74152, 16561, 79025, 716, 93227, 63111, 15204, 65031, 106185]"
116626,"[98874, 46703, 70344, 62897, 13589, 7660, 20168, 26449, 89580, 105164]"
116627,"[46502, 101973, 48588, 68210, 104591, 5118, 80758, 16434, 28733, 107574]"
116628,"[32334, 2724, 56357, 99721, 63459, 13484, 61594, 76176, 35050, 108926]"
116629,"[85384, 59104, 12173, 52791, 33194, 56199, 29229, 101882, 98979, 91644]"
116630,"[102269, 90697, 11898, 19811, 20682, 13567, 50083, 16425, 97893, 38566]"
116631,"[88318, 1398, 34747, 85030, 50865, 84679, 59583, 96943, 73961, 22716]"
116632,"[66623, 41003, 90090, 99718, 63110, 56459, 78067, 35308, 51436, 40183]"
116633,"[22328, 78374, 35308, 31650, 78067, 75633, 35998, 108324, 9094, 64808]"
116634,"[87854, 57642, 23683, 25309, 14324, 15605, 108767, 88242, 19903, 8392]"
116635,"[70658, 93255, 64241, 13847, 80312, 70167, 64399, 24269, 105425, 63594]"
116636,"[13228, 47392, 57426, 97318, 84204, 86823, 48695, 32757, 56749, 10083]"
116637,"[91969, 109647, 44450, 15914, 45075, 24326, 9497, 94565, 54851, 30843]"
116638,"[19517, 48790, 66181, 103906, 10069, 60747, 3871, 12675, 108402, 23304]"
116639,"[103341, 34013, 93869, 15964, 7815, 58325, 50774, 34050, 107718, 61329]"
116640,"[103534, 106171, 67568, 35850, 86293, 109131, 45486, 48582, 75920, 34609]"
116641,"[49408, 28869, 9300, 19473, 14289, 99033, 9024, 46949, 69854, 105905]"
116642,"[89914, 37229, 91822, 8270, 104674, 93256, 106701, 39970, 96806, 55292]"
116643,"[51535, 31092, 54965, 54033, 100377, 106567, 39705, 37021, 97921, 43594]"
116644,"[97807, 22784, 52264, 101057, 88120, 106460, 11783, 93499, 93052, 51487]"
116645,"[52719, 65113, 16871, 7398, 2214, 100394, 101895, 89813, 47437, 15853]"
116646,"[86554, 28409, 109368, 7311, 102164, 32606, 109482, 82741, 37046, 58868]"
116647,"[7678, 62764, 38055, 52061, 90973, 25544, 33838, 79169, 60958, 1082]"
116648,"[44845, 79630, 53709, 94590, 96572, 49359, 783, 63128, 70370, 40888]"
116649,"[43513, 23325, 95594, 96387, 3086, 94361, 102898, 9857, 76259, 105904]"
116650,"[45684, 72332, 15442, 70286, 93926, 89958, 12213, 39546, 107981, 23416]"
116651,"[76312, 65245, 54669, 109327, 95097, 93226, 63109, 98007, 28649, 93587]"
116652,"[72907, 51337, 24225, 41087, 9633, 48018, 106302, 59513, 39945, 36531]"
116653,"[13878, 70940, 8013, 90916, 11344, 91161, 22937, 31060, 83975, 93638]"
116654,"[102176, 63617, 30825, 73129, 63167, 54244, 84155, 59560, 34269, 63230]"
116655,"[52950, 41409, 17500, 90686, 44618, 57411, 23836, 87531, 73653, 1333]"
116656,"[104919, 67480, 84111, 66767, 65155, 60832, 83721, 97371, 71903, 32520]"
116657,"[59414, 38265, 38014, 7207, 86677, 22034, 83313, 89869, 71428, 25490]"
116658,"[105340, 78863, 60495, 29995, 52556, 73322, 74041, 84068, 31828, 96403]"
116659,"[23657, 59725, 84869, 39816, 32259, 86285, 26187, 22690, 43461, 91099]"
116660,"[27663, 65606, 34402, 7452, 55030, 67434, 75777, 45898, 18037, 41178]"
116661,"[31664, 3697, 85905, 428, 13290, 26541, 51099, 50211, 4718, 7187]"
116662,"[2751, 49702, 12197, 101382, 3205, 107405, 71963, 45392, 101135, 30388]"
116663,"[109026, 51274, 54934, 4628, 88855, 82101, 45980, 36123, 28980, 44843]"
116664,"[61860, 45237, 41084, 91659, 43803, 49564, 42427, 51005, 57008, 3187]"
116665,"[25980, 13798, 73690, 40809, 68319, 93564, 64668, 7233, 29221, 92645]"
116666,"[9190, 31990, 61700, 14122, 51145, 41128, 18071, 64039, 20143, 102830]"
116667,"[23839, 6784, 48707, 96735, 28209, 47090, 43811, 3854, 55615, 14977]"
116668,"[101973, 75998, 105959, 11769, 91618, 107884, 98648, 104023, 76463, 18198]"
116669,"[30655, 25759, 8130, 69887, 67267, 83588, 95697, 54825, 72863, 37858]"
116670,"[44544, 101325, 75510, 64968, 19408, 67175, 81511, 60199, 75855, 19415]"
116671,"[70780, 70159, 72215, 62624, 43855, 49576, 8524, 78506, 62783, 101949]"
116672,"[82260, 90802, 86324, 30320, 53551, 51301, 39458, 23535, 87276, 12864]"
116673,"[66034, 53298, 76046, 80978, 71223, 37642, 23998, 53188, 66256, 16458]"
116674,"[85229, 86645, 16518, 13550, 67920, 89870, 38519, 94238, 39185, 11019]"
116675,"[7736, 100530, 85203, 79427, 6276, 97525, 26042, 96149, 97539, 29186]"
116676,"[99513, 30698, 105596, 40768, 15482, 88552, 50041, 74963, 71889, 29284]"
116677,"[74714, 64500, 56953, 19688, 9649, 100805, 35679, 28978, 7583, 36819]"
116678,"[98984, 40054, 105184, 458, 104094, 74071, 96812, 31299, 27497, 85875]"
116679,"[30661, 4066, 61974, 34135, 100695, 62907, 75113, 56314, 16892, 85859]"
116680,"[101432, 40020, 99424, 3740, 70704, 58309, 55840, 23227, 16110, 37948]"
116681,"[2427, 65198, 91572, 68742, 38356, 68225, 101149, 5951, 38758, 91545]"
116682,"[103678, 67068, 48749, 86014, 50591, 50582, 6235, 105074, 3345, 92490]"
116683,"[4808, 43827, 61811, 52449, 30968, 31289, 60771, 10845, 29388, 29807]"
116684,"[95305, 95370, 92291, 106420, 2942, 104729, 87108, 32573, 18811, 7464]"
116685,"[92245, 23290, 8664, 42892, 17449, 41308, 100542, 13696, 53928, 33784]"
116686,"[1642, 41602, 3154, 55170, 22188, 85635, 34990, 61126, 28952, 82729]"
116687,"[29606, 2207, 92435, 86159, 17397, 74400, 106631, 85156, 67075, 76702]"
116688,"[35797, 16862, 25799, 10214, 6853, 68898, 107925, 17132, 71610, 15358]"
116689,"[11894, 73482, 87580, 70904, 2601, 59140, 64049, 54128, 54181, 17987]"
116690,"[72960, 81501, 7406, 68141, 1843, 77737, 46253, 54342, 91899, 33346]"
116691,"[89559, 31396, 13082, 18464, 85252, 66660, 64908, 35777, 86250, 77970]"
116692,"[10469, 30793, 56425, 62608, 92213, 7825, 51577, 66193, 96544, 53710]"
116693,"[105761, 62863, 9254, 92050, 88511, 56352, 76633, 56529, 80664, 87368]"
116694,"[71755, 108010, 6650, 108642, 65261, 28678, 1692, 4127, 95448, 81574]"
116695,"[2376, 92212, 86683, 66455, 68005, 56631, 20576, 90311, 40258, 5228]"
116696,"[76586, 43380, 80645, 34814, 53218, 6620, 94882, 106739, 15798, 42604]"
116697,"[51610, 88212, 50684, 77437, 36922, 61940, 50036, 17992, 70208, 81934]"
116698,"[58200, 41643, 5588, 64657, 96845, 16233, 87284, 35812, 106464, 24383]"
116699,"[18752, 41228, 92935, 14978, 47343, 35299, 24099, 15608, 74112, 55316]"
116700,"[40559, 38058, 93891, 105050, 28437, 75799, 41409, 79713, 44618, 57411]"
116701,"[17630, 76730, 16665, 69432, 20137, 39824, 33427, 39437, 35102, 84465]"
116702,"[23336, 53928, 45479, 84722, 77636, 65128, 29088, 45368, 100542, 80743]"
116703,"[52179, 101143, 78830, 26980, 108507, 33801, 40894, 93804, 56403, 99107]"
116704,"[30240, 68309, 53301, 56543, 34192, 50404, 98578, 14743, 95720, 18317]"
116705,"[807, 93146, 15070, 31907, 59742, 83793, 46501, 36810, 81364, 56965]"
116706,"[56959, 95125, 9408, 72321, 54962, 69143, 57848, 32784, 67183, 97175]"
116707,"[19581, 11861, 41573, 80408, 75688, 29508, 80039, 42469, 27685, 42133]"
116708,"[38871, 59176, 91882, 27526, 24518, 72252, 69734, 71263, 44687, 57016]"
116709,"[28678, 1692, 4127, 79230, 105436, 1106, 57949, 18211, 81721, 30500]"
116710,"[22812, 51192, 51248, 77098, 102225, 99078, 69167, 20712, 3312, 45299]"
116711,"[98420, 3915, 105516, 92712, 91335, 64244, 49073, 32616, 12620, 50371]"
116712,"[49963, 81162, 26324, 44516, 81749, 4002, 54154, 38121, 82062, 37465]"
116713,"[106626, 24256, 104792, 14701, 100887, 1717, 10799, 97785, 9054, 104696]"
116714,"[53795, 42156, 20135, 4941, 109716, 81955, 18657, 102718, 63380, 66645]"
116715,"[36711, 107180, 60455, 16957, 28985, 106794, 64442, 43736, 40969, 70352]"
116716,"[47267, 60654, 105302, 48764, 56188, 51699, 86261, 7412, 20980, 52795]"
116717,"[106546, 57093, 14446, 5387, 95104, 84764, 45287, 90418, 13308, 83801]"
116718,"[87151, 95197, 20902, 38498, 64, 64502, 7946, 57831, 99767, 46586]"
116719,"[54969, 105360, 89833, 4222, 107370, 17463, 66314, 5099, 108070, 19679]"
116720,"[68389, 87779, 80584, 34603, 42347, 8115, 91288, 29105, 31506, 87855]"
116721,"[57124, 64075, 37312, 85317, 83147, 65773, 28487, 54901, 12713, 72029]"
116722,"[67958, 26302, 86201, 41367, 28826, 75898, 85042, 16005, 42747, 41116]"
116723,"[42750, 14748, 85878, 9197, 7518, 31712, 26652, 105281, 88636, 92583]"
116724,"[46287, 61785, 25371, 23866, 71051, 26301, 57784, 1356, 29580, 72805]"
116725,"[33364, 60428, 67464, 33885, 48936, 61463, 49273, 20404, 14518, 46799]"
116726,"[98598, 70218, 2368, 6785, 75222, 21168, 86267, 37609, 76717, 28997]"
116727,"[16292, 13938, 98543, 88965, 51584, 23832, 17338, 91172, 88199, 82227]"
116728,"[81231, 71827, 41591, 19426, 43939, 11246, 8492, 55456, 17268, 34988]"
116729,"[92005, 63381, 52427, 37016, 102644, 80831, 20169, 7417, 95265, 1014]"
116730,"[22079, 15026, 24979, 83045, 29771, 108949, 88721, 9547, 52958, 54363]"
116731,"[7074, 103147, 44171, 100296, 102650, 90269, 4068, 84065, 28982, 20734]"
116732,"[109233, 45990, 98814, 18686, 102073, 3492, 10714, 40628, 30098, 21284]"
116733,"[89596, 20822, 10927, 21117, 23221, 57646, 37551, 8488, 17767, 2981]"
116734,"[5858, 63419, 19456, 48613, 108986, 68996, 84874, 80104, 67627, 53212]"
116735,"[98168, 103571, 14072, 91388, 77903, 16664, 12614, 47671, 89540, 35409]"
116736,"[91544, 38541, 71094, 10208, 57513, 81463, 70227, 95740, 68000, 14232]"
116737,"[76166, 99141, 61799, 4189, 45230, 70209, 26579, 51351, 1702, 94423]"
116738,"[70565, 20815, 84670, 92653, 79414, 11243, 2634, 48555, 85394, 5739]"
116739,"[36871, 21577, 93619, 16532, 94398, 76888, 6912, 79523, 54096, 85339]"
116740,"[85047, 11987, 52443, 73455, 78024, 10478, 64507, 46565, 69344, 42279]"
116741,"[3480, 94444, 62167, 63028, 90777, 6566, 85176, 30663, 92643, 31490]"
116742,"[99037, 47269, 65304, 68714, 12845, 102175, 38848, 61452, 80653, 52243]"
116743,"[102388, 22794, 99091, 28749, 69051, 65173, 12371, 100799, 56302, 27209]"
116744,"[61208, 44629, 646, 50610, 15490, 63954, 104959, 37963, 87151, 70833]"
116745,"[48044, 88751, 73622, 72995, 42884, 15667, 79220, 53754, 46914, 92041]"
116746,"[108151, 9234, 1303, 48372, 45614, 56108, 5939, 48914, 40599, 7767]"
116747,"[89066, 13097, 35843, 25927, 16615, 45342, 13745, 28097, 101072, 12047]"
116748,"[90555, 4552, 68999, 55074, 2684, 59355, 83423, 30471, 53857, 13749]"
116749,"[24202, 80909, 100621, 23409, 7689, 97933, 103657, 42931, 67989, 103922]"
116750,"[36908, 34196, 10821, 69013, 57266, 66773, 105938, 45032, 24015, 62317]"
116751,"[2734, 24832, 48106, 104963, 49162, 96090, 31914, 47673, 62623, 4288]"
116752,"[81297, 52733, 98528, 39782, 37424, 17462, 21991, 11664, 15863, 54189]"
116753,"[84143, 89567, 86373, 42949, 6113, 20052, 16695, 108196, 16730, 56757]"
116754,"[59877, 32549, 79412, 48087, 63756, 106531, 74310, 44817, 20556, 57699]"
116755,"[15165, 107466, 61899, 35654, 4721, 35569, 35711, 22983, 79202, 86709]"
116756,"[14424, 60957, 39979, 2781, 101315, 23047, 103211, 20240, 105985, 7497]"
116757,"[62508, 29681, 8086, 79433, 37713, 93438, 19444, 45294, 95163, 30842]"
116758,"[21951, 21739, 5177, 12688, 10437, 67152, 62893, 58385, 20453, 65001]"
116759,"[59592, 98195, 84349, 30691, 88901, 41998, 94553, 41953, 2800, 81292]"
116760,"[86477, 101822, 31004, 23907, 53150, 62703, 40426, 78401, 86994, 63303]"
116761,"[68247, 45689, 59655, 3906, 90629, 60345, 9460, 92837, 51128, 1003]"
116762,"[27516, 54855, 104723, 45908, 109726, 21272, 107112, 71114, 75901, 9893]"
116763,"[7622, 76518, 99356, 40709, 21579, 43204, 102880, 102655, 39860, 101501]"
116764,"[62262, 19084, 73751, 60039, 54774, 34417, 105854, 79543, 31124, 52751]"
116765,"[64008, 23988, 46299, 79890, 70452, 76852, 61268, 59719, 90523, 25057]"
116766,"[6298, 30123, 94290, 35418, 83245, 9445, 95041, 23918, 80488, 59641]"
116767,"[9722, 99423, 12765, 61996, 60468, 79341, 101821, 105202, 67297, 59162]"
116768,"[35560, 86405, 26961, 96619, 73327, 68592, 15797, 65036, 73522, 19716]"
116769,"[50259, 46731, 13151, 16087, 106697, 73662, 88683, 45355, 103032, 33315]"
116770,"[70615, 82054, 55202, 92925, 60176, 26693, 41737, 106705, 11616, 76072]"
116771,"[50643, 6249, 20, 79097, 86987, 87188, 81888, 38902, 86403, 58433]"
116772,"[48707, 107917, 23839, 18945, 105229, 86538, 83123, 17353, 28209, 47090]"
116773,"[47364, 83331, 12755, 26914, 32915, 38428, 31941, 40902, 62391, 66542]"
116774,"[47750, 88188, 27982, 51712, 24386, 99654, 57946, 39308, 108310, 90669]"
116775,"[6352, 26352, 10876, 104870, 55686, 7747, 31891, 98051, 66083, 103402]"
116776,"[41111, 80103, 21677, 17262, 12965, 56586, 56482, 76322, 101609, 64497]"
116777,"[31001, 89064, 89899, 10428, 47625, 942, 16154, 25155, 40887, 40759]"
116778,"[104084, 98282, 71918, 16342, 42482, 60036, 17121, 21028, 108005, 45708]"
116779,"[68470, 14867, 37595, 84053, 51185, 86855, 13363, 101626, 109374, 34951]"
116780,"[53818, 61866, 54546, 96874, 19112, 91526, 58893, 46310, 62403, 56256]"
116781,"[33120, 103490, 49546, 52817, 60769, 804, 6514, 80163, 12610, 2754]"
116782,"[61996, 26257, 105202, 44039, 99423, 12765, 60468, 67109, 9722, 79341]"
116783,"[473, 107371, 37463, 95412, 23846, 7150, 74985, 43708, 81062, 18296]"
116784,"[96124, 1994, 52342, 29555, 70468, 24704, 93937, 4195, 67144, 10808]"
116785,"[79029, 75763, 73375, 70825, 18926, 27492, 45744, 25038, 31611, 35593]"
116786,"[39542, 46891, 13619, 103886, 3991, 85829, 45244, 95936, 43325, 69485]"
116787,"[84020, 93156, 78071, 24416, 34204, 83140, 38081, 79309, 84208, 63153]"
116788,"[100905, 38940, 47404, 53801, 89095, 87811, 2675, 15189, 98808, 48119]"
116789,"[45480, 4517, 80793, 78598, 40757, 86802, 51602, 65275, 94829, 13317]"
116790,"[104292, 89356, 61006, 47105, 2232, 102352, 85207, 11197, 99610, 58276]"
116791,"[54178, 3939, 99369, 105380, 64573, 37882, 77324, 98387, 59102, 33600]"
116792,"[83160, 913, 79020, 16741, 89952, 55779, 67695, 71275, 6484, 9020]"
116793,"[76788, 22621, 108073, 28998, 2150, 43281, 45437, 30008, 36395, 55553]"
116794,"[9999, 80630, 26630, 63354, 18969, 12736, 53347, 37413, 65915, 15562]"
116795,"[58576, 105834, 56149, 52331, 78713, 25480, 41678, 88076, 38630, 60905]"
116796,"[87900, 109372, 38860, 5687, 6753, 66916, 84909, 59857, 100238, 16498]"
116797,"[8180, 22854, 34495, 52842, 42151, 5376, 105987, 106393, 12097, 79648]"
116798,"[63959, 68962, 36415, 81914, 67896, 109503, 66599, 49763, 26004, 37205]"
116799,"[68193, 88244, 14793, 11273, 50460, 57153, 34605, 86082, 12655, 45505]"
116800,"[84243, 4875, 39329, 75219, 108199, 51761, 13590, 72686, 16584, 45178]"
116801,"[31007, 30600, 66821, 56295, 76934, 38829, 6658, 87052, 27985, 34694]"
116802,"[89769, 19549, 81316, 96356, 91633, 39110, 27320, 60307, 50076, 9579]"
116803,"[4394, 60152, 26794, 93148, 31072, 6935, 61955, 105817, 114, 87932]"
116804,"[42446, 96753, 38028, 62971, 106670, 27298, 64536, 65557, 3839, 23661]"
116805,"[66295, 82552, 16064, 98700, 41166, 6783, 18736, 24288, 70194, 94811]"
116806,"[1330, 29338, 41366, 52474, 24786, 40626, 1777, 15843, 54341, 97928]"
116807,"[85843, 91552, 44417, 59602, 104010, 34240, 89213, 66914, 21283, 102150]"
116808,"[44285, 50795, 103015, 1393, 48533, 51846, 42944, 80614, 71192, 84825]"
116809,"[95632, 24170, 57869, 107624, 55001, 97174, 70092, 30310, 108473, 6566]"
116810,"[78136, 40957, 55978, 90824, 54419, 4934, 91150, 108439, 57146, 92376]"
116811,"[2851, 73945, 14620, 32705, 48858, 94674, 12590, 25178, 70497, 20457]"
116812,"[68723, 8355, 5617, 54320, 13541, 89241, 47998, 10817, 62746, 8619]"
116813,"[11148, 58504, 100941, 105108, 3247, 66709, 105190, 58261, 75516, 36128]"
116814,"[81081, 108903, 108002, 32509, 78411, 105586, 18096, 35125, 88542, 6248]"
116815,"[51329, 67259, 49222, 5768, 34619, 22252, 85964, 67951, 2326, 88056]"
116816,"[108880, 23457, 95437, 47418, 94746, 2480, 73377, 56493, 5828, 79491]"
116817,"[5087, 59410, 56829, 13526, 59555, 72062, 26779, 83018, 100940, 35911]"
116818,"[24763, 82284, 7647, 82611, 107769, 41666, 73464, 13975, 63443, 36420]"
116819,"[89210, 37321, 8024, 5941, 39652, 88337, 19608, 32750, 7984, 22510]"
116820,"[59845, 8631, 14118, 27394, 39520, 87281, 74696, 3031, 89228, 73204]"
116821,"[87045, 8456, 64497, 56586, 26835, 47754, 71394, 71390, 102150, 107341]"
116822,"[77761, 96673, 27768, 56380, 85928, 25723, 49978, 81403, 11969, 15406]"
116823,"[63243, 93457, 106649, 46249, 86655, 102266, 38526, 51986, 89466, 46379]"
116824,"[35190, 5170, 89621, 66298, 29289, 104868, 99212, 87275, 56210, 81633]"
116825,"[104255, 89826, 20559, 109418, 96445, 17444, 13693, 3605, 11074, 90780]"
116826,"[40764, 9201, 85619, 107563, 96832, 21149, 52481, 17198, 26007, 22952]"
116827,"[69886, 20692, 39495, 63029, 108831, 66762, 41606, 97456, 97753, 81264]"
116828,"[18622, 16258, 91100, 88617, 5474, 103314, 56125, 97397, 13914, 45454]"
116829,"[108371, 13732, 5036, 107488, 33243, 44609, 86490, 74721, 99198, 2966]"
116830,"[100671, 32639, 21977, 61366, 46772, 38590, 103067, 77551, 54874, 18179]"
116831,"[61503, 12991, 30538, 2039, 33811, 93932, 81587, 88282, 15006, 51914]"
116832,"[73468, 91099, 109234, 28981, 98823, 71470, 7435, 37715, 96085, 90943]"
116833,"[72613, 11830, 42729, 30749, 61049, 104299, 24271, 58526, 44944, 85170]"
116834,"[69256, 5499, 64511, 88290, 83799, 66712, 34364, 84162, 523, 15433]"
116835,"[61760, 96995, 90407, 38175, 89103, 51477, 68796, 86075, 40217, 61126]"
116836,"[26625, 75503, 50597, 58187, 78362, 103773, 96076, 87753, 81334, 68379]"
116837,"[22993, 107711, 7865, 31906, 59257, 4091, 421, 63330, 72787, 103244]"
116838,"[31295, 9224, 108173, 53919, 34332, 36930, 10172, 6676, 106754, 87742]"
116839,"[74325, 107537, 42420, 89138, 81480, 100091, 80689, 67027, 90274, 69487]"
116840,"[102777, 99898, 65290, 108509, 85874, 3759, 30915, 36035, 36202, 76002]"
116841,"[96871, 108355, 29117, 66848, 14865, 3559, 26047, 7166, 29334, 26980]"
116842,"[1049, 19570, 54660, 23270, 83938, 99804, 51387, 51002, 97498, 53473]"
116843,"[36742, 21264, 50214, 43354, 104864, 19125, 95702, 37513, 101530, 17075]"
116844,"[78652, 77621, 76666, 96430, 63436, 57384, 99111, 51515, 40289, 57597]"
116845,"[9201, 39661, 46452, 67158, 24866, 36568, 59902, 28179, 21149, 82709]"
116846,"[47738, 38238, 5618, 59880, 34190, 79367, 95355, 74319, 41654, 59927]"
116847,"[19286, 40302, 17467, 80693, 105872, 59125, 102029, 109245, 42987, 92022]"
116848,"[87867, 97263, 86618, 13562, 16403, 109727, 57735, 83888, 1088, 46549]"
116849,"[43984, 13734, 9259, 79395, 54873, 8438, 15011, 31825, 20525, 709]"
116850,"[2826, 58684, 66176, 5750, 2411, 55404, 66561, 1006, 93566, 71838]"
116851,"[87572, 34718, 102526, 49679, 46407, 52081, 42199, 48631, 43407, 62238]"
116852,"[104540, 22291, 34849, 63277, 91834, 94119, 75264, 76945, 10592, 2650]"
116853,"[12672, 85911, 59272, 104665, 95433, 78956, 40766, 15435, 9557, 92817]"
116854,"[44132, 66470, 22031, 31662, 3126, 36582, 7752, 30785, 104, 3510]"
116855,"[79167, 11985, 44230, 66711, 74231, 62211, 25588, 42549, 95145, 106197]"
116856,"[65365, 3860, 94866, 85541, 42643, 77459, 18350, 35979, 38980, 20005]"
116857,"[45561, 95444, 100142, 24650, 1469, 69690, 57682, 64978, 1430, 81978]"
116858,"[49433, 20496, 3994, 9417, 69779, 93423, 71098, 69800, 70600, 52387]"
116859,"[85286, 8823, 27398, 73605, 96541, 21039, 107830, 95975, 58474, 61784]"
116860,"[22822, 96956, 36621, 91400, 76868, 56182, 59924, 74122, 13598, 37751]"
116861,"[95238, 7096, 53447, 75319, 68857, 27415, 6809, 41870, 92030, 50713]"
116862,"[6383, 42029, 72395, 2018, 37668, 105126, 80255, 88037, 52531, 36767]"
116863,"[63657, 63180, 66573, 15014, 6734, 56308, 71161, 98288, 15797, 104144]"
116864,"[74632, 101425, 28573, 96768, 26415, 45901, 95504, 62475, 26087, 92615]"
116865,"[89534, 57028, 6501, 15576, 9846, 61991, 15525, 47524, 99663, 7370]"
116866,"[33120, 103490, 80163, 12610, 49546, 2754, 6279, 52817, 18464, 85252]"
116867,"[80959, 12801, 74232, 22591, 17027, 99367, 102541, 28570, 79607, 31959]"
116868,"[104980, 45735, 35643, 93739, 46515, 64522, 48995, 17251, 39682, 31565]"
116869,"[64440, 22468, 42141, 99647, 103613, 108769, 101490, 17740, 18528, 104678]"
116870,"[69207, 52006, 281, 100604, 56068, 94419, 31290, 37706, 58436, 48151]"
116871,"[56157, 51150, 35239, 32767, 5191, 87312, 45893, 94185, 81412, 58607]"
116872,"[44248, 18575, 37980, 54980, 63992, 53734, 87951, 64734, 50213, 71291]"
116873,"[70308, 59242, 49694, 951, 54798, 65582, 53157, 7008, 53329, 106867]"
116874,"[63209, 20295, 30624, 108588, 85655, 38585, 79530, 10028, 41621, 33406]"
116875,"[84936, 56281, 54850, 43147, 78095, 101310, 26789, 24043, 77158, 103927]"
116876,"[3561, 21133, 9790, 22032, 5538, 12486, 17163, 9940, 4117, 91858]"
116877,"[4332, 28354, 35784, 92220, 31462, 41739, 53914, 22901, 36015, 82319]"
116878,"[12338, 4042, 1376, 17868, 66182, 105283, 63936, 104006, 49985, 72182]"
116879,"[47885, 27300, 92205, 30694, 52820, 85748, 5406, 92930, 89016, 1988]"
116880,"[109717, 80153, 94460, 3941, 37533, 21679, 62011, 4409, 66836, 19399]"
116881,"[7939, 34405, 88942, 1011, 90902, 32694, 57734, 93118, 69416, 19116]"
116882,"[1310, 65105, 87636, 103926, 89565, 41709, 47752, 61649, 14967, 71573]"
116883,"[20103, 50741, 46866, 53166, 44170, 90932, 52360, 87226, 71013, 41337]"
116884,"[98464, 98094, 69417, 100502, 25776, 6407, 67486, 77653, 7881, 106710]"
116885,"[108272, 36456, 90163, 24188, 6642, 49607, 95307, 36045, 84550, 19179]"
116886,"[56933, 63873, 98193, 50475, 98739, 90856, 50919, 78055, 62984, 65710]"
116887,"[74080, 48894, 49273, 7840, 83668, 68278, 11891, 41860, 27190, 33589]"
116888,"[6955, 92462, 17979, 103173, 15315, 105628, 43546, 108312, 8442, 31014]"
116889,"[452, 100645, 54119, 89539, 7068, 2175, 64257, 2848, 7363, 4769]"
116890,"[90473, 9364, 33718, 2980, 58532, 49557, 84413, 8112, 33884, 23708]"
116891,"[96765, 70987, 83836, 93328, 4243, 10162, 98650, 1696, 61984, 94470]"
116892,"[81621, 68425, 96581, 15560, 52799, 109124, 50981, 73989, 98641, 103427]"
116893,"[47638, 102953, 21639, 83622, 69937, 42979, 37805, 16942, 8493, 41269]"
116894,"[107325, 92738, 86168, 75909, 76710, 49183, 64643, 36710, 94081, 97664]"
116895,"[81695, 9944, 66489, 33618, 55879, 102311, 73020, 69003, 68764, 28382]"
116896,"[78480, 78740, 10232, 100401, 17209, 62390, 4469, 59035, 95619, 59643]"
116897,"[27457, 91586, 53451, 12127, 60780, 75038, 89013, 11115, 87934, 76211]"
116898,"[42098, 91141, 56642, 32672, 22960, 25083, 27557, 85894, 21063, 39485]"
116899,"[96487, 84807, 9567, 36721, 103431, 63012, 34362, 74195, 102489, 83672]"
116900,"[105690, 104829, 77989, 82784, 19200, 33671, 81686, 79117, 68182, 16479]"
116901,"[98685, 60924, 89068, 30766, 80060, 101431, 68196, 98356, 82400, 57830]"
116902,"[94080, 98258, 15834, 56397, 105506, 89576, 92247, 7854, 93259, 91018]"
116903,"[90744, 8951, 66843, 41882, 48664, 29355, 94074, 25108, 99812, 25136]"
116904,"[6574, 49339, 8395, 43489, 84234, 27520, 25448, 95306, 65723, 106349]"
116905,"[82151, 47402, 51808, 48438, 66803, 80095, 54034, 7676, 95550, 63717]"
116906,"[82549, 88613, 62304, 73999, 42490, 72563, 72897, 37847, 109452, 16931]"
116907,"[59216, 75062, 46423, 91283, 23864, 96245, 80805, 65946, 27143, 60783]"
116908,"[19389, 47087, 43760, 74675, 59090, 51818, 61981, 102713, 49765, 26285]"
116909,"[39813, 5362, 33331, 92013, 47502, 65136, 79036, 16589, 54803, 55313]"
116910,"[107643, 56583, 48535, 18157, 11100, 67169, 31670, 54815, 105392, 57579]"
116911,"[52910, 84480, 88725, 11551, 84655, 73721, 81071, 84043, 79775, 88784]"
116912,"[8305, 88059, 55369, 83126, 46418, 74047, 13941, 58016, 91071, 75552]"
116913,"[101159, 21029, 9517, 26516, 97809, 77177, 56323, 82397, 105309, 49227]"
116914,"[18625, 57990, 80268, 46619, 15297, 32972, 57171, 22090, 63644, 82652]"
116915,"[52051, 15738, 16206, 15975, 103452, 82183, 90385, 26435, 60736, 88901]"
116916,"[49344, 72986, 74217, 109245, 88452, 62603, 99098, 68397, 88856, 14521]"
116917,"[23163, 34899, 39725, 58883, 87183, 73786, 23319, 51632, 23118, 51616]"
116918,"[76080, 78193, 30654, 87747, 5664, 70010, 25481, 65176, 36590, 63097]"
116919,"[67282, 87346, 46300, 18404, 40371, 12296, 49191, 91045, 58292, 79673]"
116920,"[52196, 3776, 96794, 53946, 7982, 52372, 84314, 47352, 77421, 25253]"
116921,"[80559, 69776, 73086, 97932, 86723, 24787, 20556, 17890, 53964, 67477]"
116922,"[68702, 45786, 35022, 45416, 75016, 82059, 89481, 68299, 21149, 43828]"
116923,"[15985, 54162, 22208, 7793, 84629, 47136, 96347, 1804, 106961, 55993]"
116924,"[48114, 58303, 47813, 23700, 19883, 16720, 55426, 25110, 36714, 106525]"
116925,"[3827, 43814, 21243, 33380, 105087, 9461, 94540, 87703, 93965, 51276]"
116926,"[13457, 87190, 66484, 89872, 103770, 43989, 72237, 74198, 35155, 104411]"
116927,"[79099, 36559, 98562, 105662, 44581, 106347, 6589, 48570, 66641, 65718]"
116928,"[68005, 66455, 2376, 90311, 20576, 40258, 92212, 86683, 27940, 79828]"
116929,"[8545, 31363, 94675, 21115, 28677, 108863, 39494, 18748, 97468, 87801]"
116930,"[30751, 11731, 2441, 82253, 29103, 21627, 90623, 43504, 92761, 96720]"
116931,"[76333, 34931, 88977, 76056, 90981, 33622, 45853, 76287, 66486, 44727]"
116932,"[52755, 85494, 83935, 89833, 442, 17463, 102885, 40601, 60012, 29199]"
116933,"[66612, 71165, 106438, 24265, 105520, 19493, 53211, 54337, 13404, 68200]"
116934,"[75158, 74837, 54688, 51957, 45881, 46416, 842, 43957, 8115, 91288]"
116935,"[21469, 63547, 84949, 62140, 69719, 35654, 27232, 95412, 92667, 40082]"
116936,"[45170, 14046, 86292, 72540, 55588, 28221, 86885, 10546, 58371, 1732]"
116937,"[96244, 24520, 83279, 44041, 59787, 22373, 47878, 96355, 11744, 92976]"
116938,"[37436, 58380, 24299, 37328, 53442, 17378, 73297, 8353, 69619, 20617]"
116939,"[40355, 71726, 65715, 71237, 7597, 78686, 81780, 22607, 101066, 104832]"
116940,"[8324, 23305, 1752, 92978, 109523, 5888, 8142, 60861, 101728, 713]"
116941,"[30379, 97935, 100128, 64639, 105981, 27682, 94258, 11411, 88812, 81810]"
116942,"[35472, 68953, 22023, 70262, 64257, 91536, 101808, 98662, 69366, 20151]"
116943,"[36856, 5293, 10765, 54826, 59585, 58441, 75034, 82687, 25231, 106644]"
116944,"[103815, 97797, 37835, 89893, 90249, 97538, 51049, 85604, 102931, 32616]"
116945,"[14688, 67824, 53975, 28753, 25043, 21129, 88415, 6835, 108290, 85752]"
116946,"[31930, 105501, 76783, 31220, 94846, 62309, 68820, 85297, 20500, 49527]"
116947,"[5447, 90354, 92835, 31318, 2297, 79496, 38735, 86535, 88267, 30286]"
116948,"[7213, 91454, 81640, 15922, 61304, 65647, 54738, 104601, 54967, 32990]"
116949,"[1708, 95091, 32530, 24171, 3777, 97106, 4657, 40621, 14556, 91702]"
116950,"[404, 55383, 53569, 38140, 48740, 77263, 39678, 50309, 105114, 58458]"
116951,"[47550, 102110, 83270, 79904, 13376, 106672, 18282, 59196, 21123, 79091]"
116952,"[14235, 7206, 106927, 52158, 68163, 58192, 30977, 49090, 87964, 77873]"
116953,"[90176, 84662, 56877, 94312, 57406, 11253, 15687, 40223, 38460, 106300]"
116954,"[97097, 81917, 47135, 58374, 79060, 63797, 77031, 58159, 95790, 35909]"
116955,"[82870, 94471, 80922, 51480, 35651, 71084, 53099, 105674, 49171, 56331]"
116956,"[88797, 47536, 34645, 52521, 54992, 15542, 69690, 30748, 89072, 6382]"
116957,"[84700, 24770, 38532, 71295, 39773, 79608, 88759, 76857, 5645, 99468]"
116958,"[11707, 83089, 46983, 107948, 58483, 67138, 96154, 108688, 66654, 94286]"
116959,"[1448, 96046, 14123, 37116, 10605, 87493, 48163, 13763, 46185, 34454]"
116960,"[29378, 67919, 90589, 55415, 9911, 90692, 74093, 61574, 49580, 35722]"
116961,"[73233, 6581, 53728, 24108, 30144, 4406, 28052, 70949, 1476, 72721]"
116962,"[17956, 82030, 103700, 95568, 65430, 49690, 36973, 36519, 71543, 15302]"
116963,"[38424, 54409, 90763, 87682, 66880, 56750, 104799, 72127, 91152, 61319]"
116964,"[22622, 37168, 47084, 75912, 47584, 19533, 86784, 45768, 40264, 34173]"
116965,"[69352, 34581, 98560, 37263, 64753, 52344, 36067, 85294, 33600, 70555]"
116966,"[91771, 30671, 66298, 54717, 39445, 83019, 11748, 45049, 18207, 50072]"
116967,"[63657, 6734, 45260, 4516, 48081, 19716, 15014, 35560, 52122, 63180]"
116968,"[88116, 32245, 74943, 6463, 63647, 23455, 13849, 103308, 87813, 32525]"
116969,"[79657, 33504, 56765, 9258, 76877, 62324, 100750, 40300, 29946, 33550]"
116970,"[83352, 9199, 36328, 15632, 84536, 64360, 52878, 106822, 64656, 11563]"
116971,"[39146, 41312, 94354, 40703, 57009, 97564, 61831, 37971, 36352, 16861]"
116972,"[100369, 2695, 77349, 31595, 63359, 81629, 73610, 22053, 22008, 30917]"
116973,"[93158, 100666, 89970, 68541, 87065, 72090, 103441, 17475, 69799, 32174]"
116974,"[87219, 97020, 91743, 14090, 26768, 4369, 103220, 95590, 1223, 21315]"
116975,"[18161, 96038, 90097, 73627, 36703, 10394, 35090, 9874, 104822, 67087]"
116976,"[71981, 104199, 54157, 99118, 84097, 74149, 37082, 82541, 79574, 59993]"
116977,"[21358, 57491, 28963, 94361, 26609, 23653, 1353, 46093, 10736, 58948]"
116978,"[49972, 72370, 97707, 109185, 98541, 83733, 15879, 56604, 86079, 109118]"
116979,"[23975, 75987, 49188, 39461, 87899, 36894, 60782, 86513, 8421, 13891]"
116980,"[55823, 82191, 56668, 108041, 38618, 14148, 7770, 55712, 5800, 53196]"
116981,"[13112, 64320, 16826, 63404, 17900, 108945, 74934, 2765, 66523, 51872]"
116982,"[66769, 77378, 46734, 77279, 29702, 58805, 19050, 96912, 70275, 21702]"
116983,"[98134, 27358, 178, 82686, 59103, 74929, 40763, 47644, 88924, 51357]"
116984,"[87112, 53276, 58365, 102452, 81442, 35952, 57686, 43992, 18955, 31247]"
116985,"[58422, 101899, 60257, 25063, 35623, 69041, 51344, 85644, 20804, 100614]"
116986,"[22476, 41046, 87824, 34039, 37414, 5995, 59504, 81033, 62643, 85406]"
116987,"[12050, 73312, 22549, 46169, 108542, 35362, 59109, 86173, 96934, 12446]"
116988,"[37129, 93292, 106274, 42887, 104795, 76579, 20810, 58191, 29025, 52794]"
116989,"[74197, 39206, 48232, 55719, 81237, 51340, 26576, 66102, 54894, 75336]"
116990,"[97764, 83380, 56027, 106163, 96914, 108480, 56680, 64441, 19844, 4168]"
116991,"[97892, 67278, 72135, 51057, 78494, 30692, 98996, 85332, 92641, 80279]"
116992,"[62291, 284, 27356, 60050, 96268, 87499, 30196, 58633, 17353, 80137]"
116993,"[70399, 8201, 28272, 109380, 96789, 65497, 90505, 11191, 69457, 67707]"
116994,"[45212, 53100, 106575, 13542, 78704, 85769, 2152, 45045, 8087, 79468]"
116995,"[24442, 109041, 53394, 103979, 48020, 90322, 18616, 44317, 47318, 2788]"
116996,"[42607, 2235, 108402, 21387, 94862, 9250, 19720, 88950, 10828, 65703]"
116997,"[62372, 97529, 1077, 79434, 85144, 31451, 5314, 1420, 95063, 98349]"
116998,"[18676, 65944, 55687, 106073, 42333, 25726, 24213, 3186, 61056, 81966]"
116999,"[28772, 90829, 40478, 37272, 69294, 10958, 30374, 82020, 82991, 16048]"
117000,"[55724, 23124, 48258, 48271, 60136, 20450, 56787, 66932, 24034, 48198]"
117001,"[68202, 105254, 42578, 8094, 66786, 106544, 30209, 101169, 27284, 8724]"
117002,"[57547, 54376, 2318, 9581, 40785, 73063, 88585, 87375, 22411, 93829]"
117003,"[58165, 58099, 9573, 87569, 18692, 101143, 52979, 58160, 101665, 1423]"
117004,"[8776, 74243, 76772, 105317, 92720, 66658, 50177, 46120, 82665, 75795]"
117005,"[61983, 34600, 2159, 88676, 2091, 89584, 101876, 41866, 84374, 78874]"
117006,"[54341, 77837, 33294, 36449, 22320, 59268, 7198, 103190, 824, 29338]"
117007,"[46816, 14395, 56379, 8983, 72147, 49318, 20586, 45016, 102455, 53968]"
117008,"[10856, 43846, 69591, 102927, 30654, 34685, 104424, 60189, 42989, 94060]"
117009,"[36506, 64414, 54581, 7981, 76494, 10822, 74947, 41768, 65724, 97478]"
117010,"[78475, 51305, 65901, 103796, 85653, 94399, 90194, 12909, 10493, 51353]"
117011,"[29168, 101539, 94029, 57357, 96405, 44645, 6794, 61710, 13472, 66888]"
117012,"[32241, 73058, 68331, 72093, 44260, 76588, 103553, 62815, 12587, 12713]"
117013,"[5783, 55248, 47711, 11970, 63788, 70569, 28079, 69359, 67508, 29943]"
117014,"[30528, 5856, 43269, 45540, 57224, 28513, 87364, 81937, 49513, 9311]"
117015,"[36727, 87655, 89244, 95821, 55142, 31532, 39379, 65127, 94771, 60243]"
117016,"[101456, 106970, 12747, 41392, 21954, 34172, 75874, 89934, 24394, 35965]"
117017,"[58689, 16632, 108635, 89452, 6206, 16968, 46006, 92230, 42855, 20811]"
117018,"[42576, 37420, 96831, 55523, 99056, 70525, 47410, 89881, 4039, 14519]"
117019,"[80569, 41459, 69720, 20563, 93884, 77662, 78122, 17698, 71410, 83750]"
117020,"[77301, 57936, 33663, 43376, 96702, 36620, 87430, 14322, 46828, 90509]"
117021,"[52893, 58756, 69224, 12301, 8607, 18945, 105556, 49695, 93362, 18218]"
117022,"[47748, 58524, 98216, 105545, 53812, 38602, 56284, 98425, 33132, 74278]"
117023,"[9199, 84536, 36328, 106822, 52878, 83352, 86431, 15632, 61441, 106452]"
117024,"[38080, 67222, 9918, 76756, 87168, 96587, 103728, 46506, 49616, 97421]"
117025,"[94591, 19693, 74672, 107687, 55262, 77339, 99168, 51549, 33292, 107134]"
117026,"[44932, 50663, 61101, 82226, 51520, 49893, 24433, 7733, 44222, 23061]"
117027,"[46732, 80927, 21354, 2001, 29966, 52814, 102607, 94106, 69845, 70538]"
117028,"[94971, 82731, 97578, 42212, 64189, 33186, 33922, 100653, 74496, 32515]"
117029,"[77006, 92006, 13662, 47556, 9820, 5777, 37505, 107913, 25467, 100851]"
117030,"[29390, 30326, 36178, 85861, 66399, 15532, 63297, 89243, 49414, 33090]"
117031,"[84581, 107579, 95531, 103987, 92393, 95395, 21582, 36608, 73691, 67022]"
117032,"[72100, 52364, 87670, 26771, 9330, 57393, 37713, 109425, 73655, 60043]"
117033,"[47090, 107917, 6784, 77553, 109346, 58745, 83123, 28209, 23839, 33588]"
117034,"[29912, 9814, 15547, 38845, 286, 85791, 23370, 39125, 81076, 37544]"
117035,"[9933, 99292, 5941, 101787, 28290, 78911, 96891, 22801, 39920, 33606]"
117036,"[13059, 57026, 75509, 60155, 25297, 15960, 66989, 79610, 12330, 16614]"
117037,"[54569, 39377, 6219, 90116, 27624, 44461, 32574, 70516, 107796, 62884]"
117038,"[68898, 22451, 47661, 109555, 75174, 80613, 54000, 10214, 5001, 73467]"
117039,"[21679, 80153, 3941, 94460, 37533, 109717, 105558, 44313, 62011, 93729]"
117040,"[24631, 40553, 63783, 62700, 86226, 14601, 41000, 27806, 81331, 43784]"
117041,"[52016, 27069, 96829, 77401, 88387, 34295, 12640, 37679, 27384, 84112]"
117042,"[48562, 51461, 70027, 81327, 39076, 38179, 107633, 3116, 68307, 42600]"
117043,"[34422, 50833, 16745, 57570, 30599, 28441, 10423, 90120, 26784, 16278]"
117044,"[16265, 49843, 3506, 15168, 18675, 74802, 99807, 19153, 39452, 74848]"
117045,"[5538, 9790, 22032, 21133, 3561, 18194, 12486, 17163, 9940, 4117]"
117046,"[5962, 102236, 109487, 102038, 107429, 107665, 42852, 5956, 24959, 6535]"
117047,"[37468, 1995, 70018, 56319, 32403, 31058, 99448, 100334, 14557, 12450]"
117048,"[45878, 27977, 85743, 55939, 57243, 30422, 58780, 67547, 30641, 18144]"
117049,"[66944, 41970, 43146, 43388, 107538, 76841, 71262, 29230, 103223, 71496]"
117050,"[85501, 80146, 61351, 102559, 82074, 73062, 52019, 31091, 55377, 9708]"
117051,"[88008, 71179, 16658, 54380, 12284, 33971, 14856, 43441, 65049, 23562]"
117052,"[71291, 39939, 83643, 97657, 93541, 88770, 18575, 65826, 24096, 77947]"
117053,"[47228, 109267, 85337, 169, 91151, 56172, 18277, 53590, 73722, 78750]"
117054,"[88653, 17161, 50058, 16124, 95079, 75645, 66633, 92088, 97371, 109668]"
117055,"[51459, 54406, 40191, 86207, 97211, 28867, 28546, 52624, 2285, 58452]"
117056,"[93717, 18034, 75305, 74656, 7187, 15885, 3697, 14220, 50211, 4718]"
117057,"[75044, 71577, 67675, 104454, 101625, 54950, 67319, 27943, 69936, 51183]"
117058,"[35508, 45454, 13914, 29834, 92019, 6003, 65191, 68664, 42357, 49000]"
117059,"[40700, 64389, 87863, 18032, 76934, 64086, 11366, 50340, 102614, 66442]"
117060,"[61909, 87411, 52754, 83844, 59932, 40970, 47629, 36526, 36216, 83429]"
117061,"[101316, 8059, 27240, 80701, 21604, 78375, 101521, 6867, 49361, 60312]"
117062,"[37241, 105068, 44589, 43104, 60211, 31672, 75186, 82162, 59147, 99051]"
117063,"[108563, 83993, 72759, 58491, 5572, 8402, 42104, 101183, 3318, 39793]"
117064,"[27370, 37974, 78391, 107762, 7745, 90812, 75434, 107993, 38558, 37583]"
117065,"[96404, 92202, 100179, 27364, 2008, 37575, 12882, 11451, 56925, 11291]"
117066,"[9429, 62989, 2476, 95920, 104809, 37103, 108518, 93915, 11406, 10398]"
117067,"[106885, 10959, 7692, 109703, 9256, 17694, 221, 94284, 6418, 93197]"
117068,"[66231, 75850, 70201, 10903, 31865, 61636, 44562, 109028, 17804, 16976]"
117069,"[70177, 60096, 108352, 49048, 20870, 108643, 98935, 5302, 66269, 4378]"
117070,"[70343, 95150, 25083, 67606, 67901, 62880, 91141, 94895, 31508, 28312]"
117071,"[91350, 103632, 15987, 41911, 2243, 26337, 36802, 29593, 131, 12707]"
117072,"[56532, 78533, 89966, 47056, 33300, 14914, 58669, 21295, 51224, 49464]"
117073,"[48840, 99129, 39205, 4346, 59383, 101977, 16970, 102403, 33476, 80156]"
117074,"[88431, 32685, 64247, 45255, 54375, 66859, 95170, 79966, 23706, 107205]"
117075,"[24056, 82576, 51889, 5747, 11997, 99303, 73573, 68066, 57058, 78671]"
117076,"[44862, 81308, 98058, 22147, 28929, 23679, 21716, 34097, 68988, 107455]"
117077,"[29997, 71966, 66916, 3953, 84727, 38963, 36596, 85352, 84320, 85659]"
117078,"[2300, 24903, 34166, 23078, 59804, 55425, 71477, 75859, 72484, 52828]"
117079,"[22346, 52487, 16182, 74031, 106320, 27795, 34911, 978, 58005, 19133]"
117080,"[37848, 4766, 38787, 103869, 85093, 86671, 31413, 85722, 22970, 94353]"
117081,"[36053, 67460, 96032, 96112, 27510, 102155, 7234, 43047, 41217, 33486]"
117082,"[96755, 17896, 15393, 109585, 64320, 40562, 38526, 68302, 60260, 3357]"
117083,"[105891, 21864, 51789, 33303, 81445, 57728, 9302, 95294, 105102, 3789]"
117084,"[31125, 66997, 56359, 16427, 45070, 52276, 83185, 35485, 79231, 86577]"
117085,"[84950, 72086, 11030, 23330, 59420, 93730, 76332, 105324, 75013, 21463]"
117086,"[28261, 25319, 8674, 46367, 5316, 104601, 40883, 58520, 79086, 66312]"
117087,"[65880, 77255, 29287, 4741, 71996, 34034, 97401, 93500, 21757, 24451]"
117088,"[15310, 3133, 64334, 67827, 50896, 16757, 86700, 48539, 68765, 76327]"
117089,"[60138, 83116, 106426, 62633, 89817, 64650, 86097, 38745, 31517, 7053]"
117090,"[36899, 59084, 64242, 32535, 41954, 96595, 51873, 58342, 56984, 4691]"
117091,"[62842, 77487, 96869, 2962, 100053, 102906, 32082, 9482, 106353, 62403]"
117092,"[94722, 80346, 86111, 84580, 91108, 33639, 10820, 92660, 62051, 36737]"
117093,"[67462, 64294, 7428, 13847, 64027, 104165, 33469, 88966, 38038, 17443]"
117094,"[52012, 42808, 84919, 6178, 34760, 34768, 24880, 66280, 50762, 7873]"
117095,"[13001, 67887, 58839, 32927, 60704, 39314, 89459, 67174, 95875, 43194]"
117096,"[48600, 69333, 42390, 50952, 107260, 64169, 29241, 52755, 47653, 41240]"
117097,"[69781, 109221, 94500, 64174, 66594, 49215, 91011, 4702, 52560, 100002]"
117098,"[94978, 79836, 77994, 21928, 59220, 65634, 2125, 94478, 93354, 3030]"
117099,"[90734, 30279, 87973, 61758, 59600, 83655, 30674, 70336, 21493, 79403]"
117100,"[92088, 91116, 42280, 24059, 19805, 97231, 57543, 88854, 2118, 28200]"
117101,"[34591, 19242, 31923, 35769, 56726, 98998, 90741, 8744, 62051, 24633]"
117102,"[77072, 104156, 2501, 17222, 63509, 103381, 40707, 103542, 12673, 46296]"
117103,"[45010, 6596, 7712, 103711, 89282, 46686, 61511, 30043, 97762, 57689]"
117104,"[3922, 73220, 87072, 98601, 9405, 96127, 53348, 74087, 59667, 47859]"
117105,"[2477, 19871, 79735, 37686, 83337, 67964, 103418, 46048, 57450, 37967]"
117106,"[100911, 94588, 76438, 26504, 54754, 61615, 68645, 36398, 83727, 106655]"
117107,"[30641, 7285, 66674, 2251, 75515, 103589, 45878, 27977, 85743, 49363]"
117108,"[60220, 101069, 39387, 84325, 53974, 62927, 98222, 109262, 100125, 22835]"
117109,"[75545, 33087, 81563, 4990, 62470, 12736, 32362, 71535, 90522, 9606]"
117110,"[23660, 102920, 64460, 65384, 36230, 69225, 73294, 46524, 11156, 49703]"
117111,"[84291, 22457, 52850, 92607, 109162, 18043, 24760, 24201, 32637, 26859]"
117112,"[76244, 82514, 92356, 14102, 75327, 15965, 101533, 104670, 71971, 105410]"
117113,"[55653, 74597, 50383, 25455, 78447, 425, 105002, 70498, 98841, 89963]"
117114,"[108132, 93502, 55250, 68025, 94481, 48829, 74757, 33181, 4357, 79614]"
117115,"[100939, 50601, 8715, 100070, 101295, 89901, 4486, 7409, 21021, 57749]"
117116,"[12329, 20416, 35492, 92174, 69375, 21475, 20392, 29573, 13892, 90457]"
117117,"[71314, 95884, 68815, 28933, 76867, 5874, 74823, 14993, 81591, 75981]"
117118,"[84113, 101802, 37816, 74377, 95962, 92633, 44649, 92816, 77805, 85459]"
117119,"[45849, 83115, 104095, 64750, 34217, 11226, 34967, 2082, 20991, 101847]"
117120,"[11836, 102320, 35329, 98534, 87094, 30637, 73686, 38062, 88783, 34051]"
117121,"[74392, 86977, 8908, 22824, 5459, 104527, 52718, 44193, 73262, 104990]"
117122,"[16791, 52489, 20896, 80225, 18429, 67900, 108105, 1462, 85783, 11553]"
117123,"[21292, 88356, 74554, 13701, 6817, 17411, 57822, 52043, 81748, 69786]"
117124,"[24835, 95633, 37794, 103507, 54130, 90761, 42425, 9481, 103541, 40548]"
117125,"[23444, 1369, 107217, 35894, 20409, 13678, 639, 57347, 29151, 2845]"
117126,"[4368, 21100, 15469, 9899, 47923, 57637, 83332, 5349, 72503, 93275]"
117127,"[40976, 91095, 46082, 21561, 29711, 38386, 95577, 31356, 83315, 93546]"
117128,"[78502, 7903, 98257, 62047, 89695, 27082, 81581, 93555, 95114, 104674]"
117129,"[3074, 17328, 35928, 22127, 108539, 49865, 86102, 102678, 47289, 107505]"
117130,"[25755, 84724, 52399, 94834, 62954, 105473, 36101, 1018, 53936, 17534]"
117131,"[103492, 53112, 82499, 107066, 9118, 26330, 99180, 65674, 4211, 41910]"
117132,"[49753, 99158, 41051, 86374, 18902, 59639, 85692, 65479, 46768, 70589]"
117133,"[72828, 19560, 97971, 7994, 49608, 65524, 16006, 75020, 30588, 99610]"
117134,"[88873, 48741, 50219, 68476, 34643, 46216, 10999, 109114, 68769, 56565]"
117135,"[58656, 30072, 105375, 107934, 17082, 30115, 3490, 75591, 79431, 48609]"
117136,"[64912, 25724, 20154, 76299, 17804, 30453, 22913, 4614, 23752, 86245]"
117137,"[95216, 106198, 2511, 58349, 19587, 70146, 22126, 82792, 43288, 68153]"
117138,"[13372, 95209, 46840, 26522, 67871, 108496, 103797, 23041, 87465, 19090]"
117139,"[75, 94819, 63937, 44738, 27410, 63056, 44601, 97740, 73730, 15392]"
117140,"[89637, 18372, 21045, 11773, 98088, 36099, 49631, 15904, 54745, 60119]"
117141,"[38807, 106397, 67988, 8726, 61668, 69443, 88683, 9574, 69321, 16254]"
117142,"[24653, 28898, 92190, 83248, 64074, 14683, 70109, 41719, 106693, 70365]"
117143,"[71694, 68653, 916, 95789, 95953, 78154, 35419, 2581, 67357, 65913]"
117144,"[63460, 90303, 61396, 72091, 25212, 69005, 25457, 59606, 61121, 11306]"
117145,"[101443, 81511, 57706, 31536, 38694, 20979, 56414, 51563, 35261, 36589]"
117146,"[46166, 61636, 60023, 63438, 23154, 68599, 90196, 100455, 55131, 76299]"
117147,"[64629, 58044, 82157, 55310, 84768, 5484, 109033, 84782, 106886, 6191]"
117148,"[65635, 37486, 107107, 84756, 85055, 61673, 83700, 67899, 89682, 75061]"
117149,"[15827, 48804, 44499, 3777, 10111, 38708, 97106, 107093, 16881, 63161]"
117150,"[631, 74499, 92856, 92876, 96972, 8775, 31276, 92684, 11679, 21588]"
117151,"[18058, 41657, 27198, 22535, 84052, 89080, 77013, 97748, 5203, 33048]"
117152,"[49278, 30145, 42970, 50042, 36157, 103726, 16297, 44386, 17302, 85065]"
117153,"[667, 93426, 21332, 6147, 64138, 43072, 13342, 34667, 16829, 99427]"
117154,"[86827, 58548, 55831, 85723, 44866, 8893, 23868, 41306, 60179, 66914]"
117155,"[63161, 7797, 71896, 87197, 95826, 58227, 13309, 89357, 71044, 104651]"
117156,"[66374, 6992, 26731, 53283, 59636, 77520, 28234, 29906, 13764, 47054]"
117157,"[18987, 39706, 107543, 11105, 107648, 43682, 797, 42616, 65529, 80589]"
117158,"[73775, 51947, 33868, 53262, 48048, 4755, 79535, 47462, 59656, 62695]"
117159,"[55241, 93517, 82655, 31229, 56960, 59750, 58718, 19593, 62267, 40415]"
117160,"[30476, 43477, 87282, 18345, 55606, 9777, 65066, 68860, 4405, 85580]"
117161,"[44485, 7995, 81978, 76706, 24129, 58819, 98538, 96880, 107111, 50960]"
117162,"[15760, 2613, 76952, 74991, 7144, 59667, 74087, 20600, 101270, 85374]"
117163,"[96699, 10970, 34253, 2123, 106428, 61034, 25468, 77156, 76622, 34191]"
117164,"[71608, 41560, 82699, 24161, 48889, 8065, 103393, 50721, 105626, 72713]"
117165,"[7296, 74686, 24943, 87003, 99319, 80046, 70175, 71015, 44481, 84819]"
117166,"[79297, 5288, 87946, 10558, 100047, 49391, 86989, 91596, 54790, 57552]"
117167,"[57385, 7057, 69110, 4921, 72888, 11951, 21083, 108112, 75957, 10573]"
117168,"[41335, 37432, 92896, 66375, 37101, 59029, 84854, 108113, 1271, 53817]"
117169,"[97088, 66152, 52783, 47938, 59239, 49522, 75243, 5174, 44541, 19478]"
117170,"[62701, 62207, 52572, 109511, 31261, 17886, 35512, 9194, 78164, 72318]"
117171,"[109739, 79203, 12467, 27645, 72466, 51024, 88114, 107332, 22985, 79562]"
117172,"[35840, 36629, 62480, 33220, 84528, 87395, 107490, 98792, 62158, 72359]"
117173,"[93194, 15817, 13214, 52906, 97102, 16780, 80562, 42366, 27272, 62738]"
117174,"[51638, 101503, 79582, 51942, 53368, 70896, 46330, 23366, 74334, 102271]"
117175,"[32140, 67303, 9217, 49561, 79683, 16679, 32053, 23090, 20749, 12998]"
117176,"[48191, 87339, 19519, 12913, 63730, 42955, 88656, 63074, 48403, 99441]"
117177,"[85697, 768, 27571, 13009, 68228, 78410, 104498, 55582, 10753, 31183]"
117178,"[41993, 35783, 37076, 1221, 66755, 85199, 23815, 50156, 964, 82883]"
117179,"[12038, 95558, 76053, 92885, 77199, 71986, 92784, 55326, 22524, 107997]"
117180,"[107470, 84660, 43375, 61094, 6141, 3034, 19588, 1812, 89603, 102154]"
117181,"[36081, 26553, 53860, 31587, 27390, 91010, 55394, 99015, 92167, 36852]"
117182,"[44655, 53258, 28279, 3377, 63382, 62680, 12947, 95052, 7498, 35923]"
117183,"[90511, 98495, 9469, 14868, 14087, 39498, 5667, 83112, 93228, 21705]"
117184,"[33410, 85817, 101805, 72433, 96690, 40075, 19287, 64106, 44880, 66042]"
117185,"[39, 24942, 67060, 100081, 93661, 12756, 51920, 41556, 57579, 41007]"
117186,"[57651, 76847, 43510, 45730, 70326, 78763, 21982, 87714, 25970, 53739]"
117187,"[1042, 76062, 62982, 84144, 48843, 48273, 59393, 31441, 91944, 49997]"
117188,"[68453, 29601, 80964, 99315, 768, 6854, 25621, 88168, 106273, 48763]"
117189,"[33596, 29670, 78713, 91188, 8140, 63474, 33802, 30264, 16509, 11570]"
117190,"[64544, 106531, 57699, 100318, 14033, 48087, 34784, 59877, 32549, 56469]"
117191,"[9932, 74791, 108158, 109128, 104119, 43176, 27691, 5558, 64760, 105644]"
117192,"[30261, 419, 9584, 50363, 32859, 40049, 22428, 6373, 52774, 78856]"
117193,"[80359, 32962, 68924, 40610, 67724, 9802, 18213, 53115, 31883, 93066]"
117194,"[49263, 65935, 75515, 80788, 19651, 82416, 80069, 104279, 86385, 20496]"
117195,"[19198, 40125, 12141, 27369, 69867, 97205, 35198, 70639, 67293, 14568]"
117196,"[48928, 35496, 87863, 101110, 91083, 93141, 61825, 36023, 86127, 96142]"
117197,"[62734, 76106, 40886, 31418, 83408, 27589, 38322, 20918, 24200, 91860]"
117198,"[5129, 9749, 19778, 7475, 87496, 15917, 93024, 11280, 3162, 33312]"
117199,"[107104, 32680, 106363, 58992, 69696, 107965, 108429, 108772, 58871, 96674]"
117200,"[48066, 77010, 31770, 18602, 12122, 88944, 6634, 103256, 23101, 35642]"
117201,"[62857, 77319, 52949, 27386, 98701, 3158, 47118, 31060, 89648, 89538]"
117202,"[93655, 25630, 39716, 89074, 73872, 17248, 95635, 74785, 87349, 108019]"
117203,"[101127, 99798, 59996, 95673, 61496, 47082, 4750, 40977, 92416, 18633]"
117204,"[11498, 85071, 89967, 4465, 78496, 74343, 11726, 48040, 92038, 108739]"
117205,"[77840, 109114, 46216, 50219, 34643, 68476, 2912, 67598, 10999, 65078]"
117206,"[22413, 13504, 93814, 105024, 35436, 17404, 109597, 79005, 107740, 10711]"
117207,"[80333, 90849, 54659, 67218, 51746, 38545, 61727, 101797, 62209, 8146]"
117208,"[89662, 45919, 78294, 88681, 49137, 4899, 97278, 86122, 96986, 69305]"
117209,"[79431, 42183, 58656, 89454, 64074, 47547, 106693, 8177, 107934, 24559]"
117210,"[90894, 7812, 72764, 72826, 37000, 18512, 48898, 34964, 40702, 36747]"
117211,"[106555, 31164, 99463, 41351, 97735, 73509, 59578, 95371, 33560, 97461]"
117212,"[67475, 3536, 67853, 20126, 13134, 85322, 4636, 81603, 31147, 21799]"
117213,"[19027, 70346, 18467, 39844, 7426, 46193, 78493, 75966, 103704, 13272]"
117214,"[3573, 87573, 51721, 76496, 77802, 74164, 21121, 64165, 27675, 14697]"
117215,"[32960, 64455, 4134, 37310, 59696, 699, 102888, 21374, 108171, 107343]"
117216,"[87359, 55458, 61882, 42437, 64718, 107092, 36441, 93870, 102481, 51060]"
117217,"[35944, 91269, 48136, 7257, 11604, 35000, 70846, 83644, 42992, 22803]"
117218,"[8118, 66837, 3083, 61895, 100715, 12925, 76061, 54136, 82905, 104948]"
117219,"[67486, 6599, 74295, 4531, 81801, 95854, 32270, 55010, 80565, 97243]"
117220,"[70809, 80538, 84110, 18498, 62759, 13445, 109651, 75631, 49034, 30776]"
117221,"[35185, 27269, 67025, 34744, 3943, 70404, 47139, 21283, 55933, 443]"
117222,"[73381, 38376, 74764, 26361, 57582, 53068, 54603, 44005, 22134, 93398]"
117223,"[24166, 20223, 57790, 92948, 965, 94650, 99740, 98307, 43228, 22792]"
117224,"[67326, 89664, 99914, 3077, 98582, 80277, 13519, 39966, 106310, 98663]"
117225,"[40722, 13375, 38314, 82420, 54085, 17144, 29359, 70480, 94149, 101137]"
117226,"[89296, 96809, 29850, 94171, 23619, 66467, 17669, 70319, 95254, 63536]"
117227,"[79079, 86291, 76369, 95757, 11661, 18861, 106637, 41870, 92030, 6809]"
117228,"[68711, 8206, 61273, 105211, 19984, 93456, 29178, 99132, 73018, 27540]"
117229,"[77060, 56044, 100961, 49676, 65137, 36064, 93115, 46723, 99496, 92890]"
117230,"[68517, 90274, 60573, 71580, 69532, 45976, 33732, 59913, 47719, 65416]"
117231,"[51950, 25747, 7329, 83226, 52202, 28724, 26156, 76999, 39744, 45506]"
117232,"[56029, 85793, 44227, 81960, 73763, 49293, 56465, 25016, 25484, 6585]"
117233,"[37853, 94269, 36860, 8903, 107009, 21981, 35584, 86297, 49759, 94615]"
117234,"[86512, 68296, 62665, 104878, 51934, 106595, 24775, 18393, 80644, 83333]"
117235,"[32547, 106107, 39101, 15960, 109744, 107396, 23695, 78657, 60653, 12330]"
117236,"[45139, 81249, 94823, 27014, 18371, 62314, 7387, 84541, 27023, 45370]"
117237,"[104542, 86071, 69941, 54696, 64521, 54528, 22064, 66775, 24395, 1383]"
117238,"[73502, 44250, 53924, 62691, 76898, 103692, 26229, 58761, 60470, 9063]"
117239,"[37912, 58036, 33826, 23047, 57234, 9275, 3264, 14278, 92548, 49657]"
117240,"[5958, 44414, 95225, 48976, 52781, 106174, 84161, 22011, 17028, 19059]"
117241,"[35947, 74381, 68411, 22818, 31297, 5615, 12309, 8197, 37095, 95834]"
117242,"[20535, 24370, 64322, 54386, 71870, 15782, 105527, 100062, 75451, 65138]"
117243,"[59590, 55215, 77119, 2238, 84875, 76835, 74386, 1093, 4418, 41971]"
117244,"[40732, 46510, 32587, 56550, 52102, 5300, 10850, 50728, 51023, 7132]"
117245,"[61001, 105923, 21230, 79446, 51906, 49334, 14627, 83804, 64672, 11365]"
117246,"[38037, 44643, 14434, 46445, 106372, 43420, 33961, 87331, 48083, 274]"
117247,"[41809, 56701, 9966, 31078, 41618, 18007, 10959, 35387, 95030, 105567]"
117248,"[93192, 21025, 3320, 10117, 6120, 81714, 104527, 19787, 32066, 46202]"
117249,"[66808, 67808, 101357, 93263, 32183, 17413, 33021, 32373, 80193, 66021]"
117250,"[72147, 28642, 76590, 88933, 77205, 49318, 39386, 37133, 17835, 105057]"
117251,"[38415, 50065, 68440, 81711, 28576, 28417, 88042, 35950, 107750, 97415]"
117252,"[67792, 1116, 93980, 32916, 14149, 5941, 85391, 14103, 84310, 47668]"
117253,"[64109, 19782, 16214, 58684, 61862, 89046, 25964, 44844, 50352, 100417]"
117254,"[63991, 85527, 106762, 48886, 63388, 79048, 48121, 109359, 105458, 34750]"
117255,"[33521, 21365, 68570, 86628, 96961, 102246, 63261, 108646, 37860, 104653]"
117256,"[15015, 101373, 39030, 41447, 61013, 103044, 27802, 13037, 57542, 11448]"
117257,"[55950, 4914, 99308, 81997, 98790, 67101, 38710, 82781, 63294, 63286]"
117258,"[99461, 95485, 47057, 53888, 74436, 59772, 34018, 27288, 33114, 107053]"
117259,"[33593, 26259, 2945, 34896, 39089, 102595, 32036, 44878, 104794, 6460]"
117260,"[24042, 8949, 36131, 84544, 33745, 75517, 48878, 34624, 18615, 71781]"
117261,"[83257, 102949, 30175, 35774, 19206, 13913, 39999, 16601, 68270, 85696]"
117262,"[17392, 82741, 364, 37662, 47828, 109505, 9302, 1146, 9931, 3789]"
117263,"[15363, 4662, 106018, 53838, 5684, 50050, 50500, 36846, 31575, 9614]"
117264,"[47136, 42481, 9270, 15985, 46133, 13313, 7321, 43523, 73540, 103347]"
117265,"[103418, 47728, 47247, 100634, 93346, 79735, 7430, 83337, 95256, 101359]"
117266,"[20278, 92747, 104158, 76712, 23715, 74211, 10026, 97083, 54608, 14901]"
117267,"[13730, 33769, 91246, 61009, 109057, 46960, 4314, 70752, 17097, 83734]"
117268,"[10342, 99409, 46328, 54772, 75579, 37919, 67697, 814, 22334, 10270]"
117269,"[81995, 103229, 107758, 1208, 108700, 108265, 109146, 78886, 3697, 61669]"
117270,"[79111, 56463, 68792, 96133, 48368, 71897, 20659, 44390, 80729, 58197]"
117271,"[102872, 73105, 72936, 5720, 74084, 33505, 102249, 5714, 74728, 107694]"
117272,"[27636, 93050, 109160, 82951, 56838, 529, 81150, 71579, 71637, 39017]"
117273,"[72839, 68631, 106517, 660, 1624, 2462, 107, 53047, 105628, 90471]"
117274,"[58420, 104953, 44108, 97924, 75604, 23005, 97986, 9111, 85221, 48660]"
117275,"[57908, 22976, 59831, 33934, 83753, 43307, 106015, 29897, 88805, 38895]"
117276,"[73338, 63517, 47959, 94065, 8135, 13063, 29347, 99344, 71832, 98603]"
117277,"[95019, 96429, 2841, 22949, 99327, 103682, 84287, 13429, 74542, 109277]"
117278,"[68766, 48094, 12551, 38730, 39202, 14985, 59834, 77765, 74355, 29235]"
117279,"[105140, 47111, 38631, 82935, 70462, 96761, 72940, 92828, 54999, 96013]"
117280,"[65116, 72968, 8948, 85838, 108526, 5523, 13523, 1629, 103782, 76345]"
117281,"[32563, 31079, 88519, 7799, 48788, 55492, 489, 60692, 83344, 77295]"
117282,"[36891, 33761, 85013, 24698, 45608, 227, 99209, 80575, 22230, 70464]"
117283,"[79843, 102315, 109357, 108973, 41546, 82100, 10542, 96012, 93965, 96503]"
117284,"[1228, 36668, 54535, 19867, 84764, 95104, 8007, 39012, 90418, 53013]"
117285,"[82882, 4085, 68002, 108826, 45067, 60228, 30172, 25325, 48768, 36207]"
117286,"[85955, 64078, 43094, 23595, 53392, 51363, 71402, 74984, 4679, 13346]"
117287,"[50399, 69988, 31114, 63528, 36831, 20009, 72180, 41234, 24868, 9681]"
117288,"[78729, 63002, 88493, 30520, 69386, 77804, 62345, 27555, 104321, 59550]"
117289,"[35997, 65233, 67036, 11575, 74101, 72726, 100456, 60370, 98173, 6502]"
117290,"[38078, 15169, 19845, 41451, 85896, 86282, 106589, 45082, 38463, 64198]"
117291,"[8680, 94484, 45768, 25767, 39054, 35839, 65597, 103596, 92237, 96336]"
117292,"[108102, 48479, 32027, 85511, 80281, 106089, 105608, 12255, 103754, 16979]"
117293,"[21041, 12575, 55922, 96503, 96012, 296, 54081, 6542, 38562, 66864]"
117294,"[30839, 42511, 67705, 14052, 22253, 24065, 84439, 70898, 104516, 65021]"
117295,"[32067, 47302, 20085, 65554, 44782, 39388, 83933, 101969, 30520, 28440]"
117296,"[74454, 102816, 71713, 94500, 91011, 41513, 56633, 96797, 7676, 95550]"
117297,"[57153, 108553, 69576, 100733, 88244, 26851, 13844, 109746, 6746, 61206]"
117298,"[10656, 40548, 29143, 45943, 868, 24835, 14182, 31662, 44996, 93066]"
117299,"[36961, 53770, 82448, 78186, 26185, 11518, 59747, 76125, 40092, 95069]"
117300,"[36419, 23433, 60710, 90620, 68272, 98219, 8710, 26189, 28565, 17239]"
117301,"[47267, 60654, 82282, 79267, 47337, 105302, 42592, 85491, 97076, 33234]"
117302,"[19061, 80350, 86500, 94432, 60201, 51757, 106885, 16916, 53269, 20044]"
117303,"[21660, 65690, 32889, 74432, 45665, 92949, 10766, 26119, 26785, 90029]"
117304,"[27111, 63609, 40998, 28294, 67504, 39577, 26437, 64117, 83467, 21218]"
117305,"[6613, 19877, 56401, 34571, 18874, 34021, 50265, 75995, 81358, 46363]"
117306,"[75784, 47563, 41529, 6123, 16945, 49393, 61378, 36773, 90625, 69261]"
117307,"[92785, 2228, 65001, 23296, 85043, 36211, 89107, 67152, 6555, 66079]"
117308,"[65173, 78836, 74056, 27018, 31760, 60780, 51819, 10684, 51899, 49337]"
117309,"[12359, 6426, 37222, 47950, 91340, 14539, 86765, 7821, 75289, 94243]"
117310,"[16305, 46894, 109772, 49899, 34233, 107858, 44940, 25703, 20710, 3380]"
117311,"[62914, 17289, 10201, 48618, 102513, 333, 89942, 26130, 32990, 91675]"
117312,"[32249, 70066, 105725, 89849, 26919, 70312, 3160, 3512, 55186, 644]"
117313,"[63140, 5813, 87699, 1145, 9692, 29931, 79588, 78588, 37789, 8333]"
117314,"[1668, 72385, 33078, 56597, 95214, 37774, 73774, 13708, 54956, 47249]"
117315,"[31646, 105330, 108667, 28108, 45266, 56070, 13358, 24379, 48627, 2663]"
117316,"[7781, 55689, 75077, 8675, 24757, 52095, 79528, 71371, 11755, 62586]"
117317,"[32570, 105437, 28576, 81776, 34025, 81423, 20523, 72064, 109729, 102549]"
117318,"[60866, 78117, 54317, 48876, 46334, 46591, 46297, 99895, 24205, 11672]"
117319,"[50916, 51062, 105955, 45975, 65996, 24444, 73639, 27632, 6290, 27227]"
117320,"[55865, 90048, 45287, 73579, 26987, 83801, 54177, 57093, 25489, 7184]"
117321,"[37771, 55407, 106912, 101827, 31404, 68052, 37227, 97730, 108274, 72265]"
117322,"[25247, 18247, 22848, 38302, 29141, 29164, 96618, 57386, 78962, 25930]"
117323,"[15176, 37341, 109037, 11054, 82512, 7518, 1904, 101871, 73162, 95959]"
117324,"[55308, 5643, 55396, 54269, 49598, 1932, 24931, 106857, 56356, 107862]"
117325,"[20733, 100620, 36277, 20656, 87542, 8516, 108542, 23668, 16886, 41203]"
117326,"[20269, 48317, 90695, 192, 22757, 11832, 79508, 108033, 97925, 18504]"
117327,"[56180, 62560, 101353, 8334, 102795, 46864, 61102, 16847, 33694, 79444]"
117328,"[86825, 21314, 66726, 41894, 96980, 71789, 30774, 11185, 7889, 26744]"
117329,"[100488, 108628, 44329, 39001, 71695, 109157, 39032, 78453, 99522, 81472]"
117330,"[39296, 41655, 33801, 80038, 109085, 28919, 70737, 99748, 55249, 42301]"
117331,"[34920, 35176, 15414, 41493, 108708, 97481, 36854, 10199, 39170, 50725]"
117332,"[35355, 18921, 96251, 21323, 47685, 45407, 90398, 65948, 104885, 78638]"
117333,"[9583, 60929, 71424, 41553, 94563, 69702, 60771, 71435, 5860, 22556]"
117334,"[109199, 71131, 69596, 40105, 57302, 63135, 24613, 13244, 59438, 86347]"
117335,"[86897, 3179, 76062, 10554, 26339, 96083, 1042, 63979, 18279, 51297]"
117336,"[18525, 62819, 92640, 73269, 99528, 18378, 28359, 36001, 4177, 68665]"
117337,"[18994, 4435, 43875, 67813, 14024, 46632, 20481, 104807, 96475, 64811]"
117338,"[62125, 36832, 108185, 92214, 37165, 11014, 78037, 35347, 5355, 65297]"
117339,"[28430, 83823, 44859, 55631, 109544, 93202, 43296, 20961, 102035, 33985]"
117340,"[10651, 89579, 92183, 43537, 78388, 30899, 62385, 79253, 70429, 10994]"
117341,"[6313, 97836, 61952, 38638, 35827, 24151, 3334, 41482, 56167, 59110]"
117342,"[107777, 38896, 66770, 102329, 79793, 9286, 99746, 54382, 99942, 95714]"
117343,"[103172, 75224, 92764, 13767, 100906, 77053, 6229, 37012, 17730, 104920]"
117344,"[75088, 93550, 44634, 64788, 35292, 71676, 107592, 21033, 80578, 52340]"
117345,"[88663, 99894, 90265, 30104, 95529, 6987, 57752, 14524, 26282, 59146]"
117346,"[108090, 46169, 32488, 78845, 50880, 91238, 34131, 42294, 103482, 8550]"
117347,"[7968, 47526, 81998, 41063, 7590, 20341, 74601, 78012, 67978, 43860]"
117348,"[27272, 95415, 10526, 29752, 67585, 12763, 55886, 20226, 72431, 78984]"
117349,"[93414, 100715, 82905, 51736, 1253, 21290, 24276, 55077, 59218, 26675]"
117350,"[4750, 47082, 22980, 24671, 105604, 73272, 31643, 64411, 40977, 74366]"
117351,"[31206, 77660, 108504, 63408, 36832, 92214, 16161, 56140, 99213, 52144]"
117352,"[42120, 19077, 44060, 53738, 102498, 66136, 83104, 50153, 27844, 40842]"
117353,"[84944, 49962, 87116, 59926, 47849, 74258, 41751, 69608, 84954, 71226]"
117354,"[69263, 37293, 88028, 32198, 11812, 53173, 45402, 109410, 96075, 91830]"
117355,"[109361, 75651, 85242, 106430, 11403, 22703, 74599, 84375, 41428, 27504]"
117356,"[27079, 62783, 41670, 23261, 49576, 69501, 6424, 70780, 59883, 99913]"
117357,"[39671, 77536, 60590, 59281, 28689, 104692, 54839, 81454, 21026, 105954]"
117358,"[53105, 38647, 89720, 57782, 63553, 93781, 40036, 17992, 51878, 48280]"
117359,"[13653, 50324, 22145, 18796, 83228, 102883, 73965, 100571, 53652, 87696]"
117360,"[27317, 17337, 53905, 85046, 89948, 85582, 6447, 78771, 56967, 80129]"
117361,"[73545, 90721, 27793, 78499, 43148, 22145, 10454, 53652, 54, 11158]"
117362,"[103951, 100657, 103990, 79391, 109145, 89771, 13432, 85631, 69885, 27269]"
117363,"[34590, 24868, 63489, 58319, 10230, 9681, 64111, 82757, 47322, 33945]"
117364,"[106588, 85057, 72968, 38142, 39830, 92883, 86801, 53289, 83294, 40994]"
117365,"[9120, 19736, 28, 1844, 43262, 10038, 637, 89204, 72800, 87352]"
117366,"[64968, 81511, 27679, 88078, 64178, 101325, 79750, 23086, 22494, 74886]"
117367,"[107075, 34835, 52887, 102786, 37442, 33067, 5801, 109323, 83926, 51951]"
117368,"[76812, 32909, 23908, 65726, 78539, 32385, 76622, 86705, 55527, 6647]"
117369,"[11631, 109525, 92485, 35330, 92225, 69757, 71427, 70508, 61270, 8544]"
117370,"[50963, 44557, 10836, 93347, 27077, 52476, 59689, 88408, 43229, 15749]"
117371,"[92569, 74998, 103615, 97050, 77509, 94452, 33174, 104735, 82174, 13061]"
117372,"[84946, 74607, 15639, 93299, 20940, 13412, 25309, 30565, 23346, 34403]"
117373,"[59170, 61433, 33574, 68456, 100029, 28646, 5659, 53748, 77110, 38966]"
117374,"[64239, 50659, 39294, 50964, 28553, 59657, 85470, 90534, 80338, 48387]"
117375,"[42685, 31567, 59791, 42069, 37450, 17548, 62501, 58843, 38937, 58752]"
117376,"[54346, 32432, 107702, 11192, 103472, 60570, 39800, 87874, 109738, 109027]"
117377,"[60937, 23732, 75247, 33879, 67259, 57180, 87258, 37010, 71163, 21296]"
117378,"[62443, 2626, 54461, 38163, 72988, 32259, 104121, 22690, 28920, 26187]"
117379,"[101622, 60728, 56957, 37479, 13403, 12812, 76969, 77394, 45307, 41911]"
117380,"[66675, 31013, 71869, 48251, 74156, 104069, 65829, 103652, 109611, 102829]"
117381,"[19258, 108117, 93469, 1264, 96442, 47651, 3118, 101985, 98770, 52949]"
117382,"[98082, 7421, 32262, 18471, 84693, 69300, 92967, 72089, 58388, 51517]"
117383,"[59318, 54220, 87577, 65617, 22893, 8625, 14584, 30381, 49217, 76189]"
117384,"[37406, 54785, 18443, 37256, 6333, 97655, 53056, 41266, 45049, 33903]"
117385,"[17383, 248, 99593, 30009, 79154, 827, 2911, 15036, 75073, 94617]"
117386,"[108442, 81290, 69226, 52382, 51313, 2662, 50191, 106096, 88415, 58058]"
117387,"[8764, 93202, 39018, 24790, 72883, 53153, 109544, 69839, 81996, 80720]"
117388,"[71528, 47286, 57709, 91875, 49411, 41139, 49924, 103750, 71457, 34106]"
117389,"[71293, 5280, 18120, 74959, 91547, 53654, 84010, 16511, 53067, 35296]"
117390,"[38038, 17443, 64027, 64294, 67462, 62859, 103225, 5075, 75830, 19075]"
117391,"[35773, 68291, 64588, 59456, 28582, 7624, 66466, 28905, 45903, 86600]"
117392,"[81744, 106715, 4442, 105243, 82545, 43766, 19837, 18908, 23959, 102324]"
117393,"[108028, 56303, 87488, 6806, 73826, 95573, 52561, 53544, 88629, 107236]"
117394,"[67989, 7689, 103657, 97933, 42931, 80909, 18612, 81807, 7935, 100621]"
117395,"[84247, 43393, 14582, 84761, 70405, 22541, 6032, 70385, 22799, 20048]"
117396,"[33394, 24924, 3464, 88232, 37887, 26572, 36841, 86594, 28794, 7114]"
117397,"[105501, 13011, 78274, 69094, 103302, 62707, 37937, 1158, 47870, 44128]"
117398,"[61895, 21549, 2569, 48303, 67911, 82636, 71000, 7423, 49159, 94829]"
117399,"[5697, 40220, 83075, 3518, 23297, 31928, 13591, 28956, 79200, 4652]"
117400,"[100355, 56235, 106007, 91030, 81941, 21730, 70620, 48782, 16070, 90825]"
117401,"[76691, 51987, 21580, 62675, 70322, 1864, 65692, 1158, 47870, 77436]"
117402,"[63283, 9951, 91029, 90912, 33929, 76351, 49794, 77931, 69503, 69304]"
117403,"[97299, 1279, 32078, 18285, 91987, 90419, 96182, 49618, 53719, 86973]"
117404,"[87461, 49975, 40910, 59607, 12993, 3129, 17450, 23993, 43394, 68683]"
117405,"[56275, 9011, 51492, 53222, 77758, 29615, 53119, 1474, 39976, 29321]"
117406,"[47595, 11734, 98040, 44723, 68036, 46688, 58575, 23331, 11532, 93180]"
117407,"[55350, 45916, 27041, 81107, 7621, 32190, 51707, 84326, 49888, 51220]"
117408,"[100236, 88791, 70723, 15892, 64773, 51514, 108964, 86891, 106508, 66471]"
117409,"[92850, 5078, 67457, 44808, 96850, 12866, 4898, 67046, 97227, 97267]"
117410,"[108271, 48244, 44596, 46360, 43939, 67311, 17268, 12541, 81231, 26959]"
117411,"[2664, 19810, 83026, 9571, 93155, 69852, 59430, 61693, 25277, 90827]"
117412,"[94462, 88456, 73799, 74689, 47051, 50654, 58195, 10343, 44312, 1895]"
117413,"[27232, 51852, 64042, 23901, 65302, 98561, 83080, 94658, 40082, 63547]"
117414,"[54872, 24299, 96910, 3111, 91564, 20617, 37328, 84136, 72115, 19967]"
117415,"[11857, 29671, 92720, 108712, 34621, 38352, 42295, 4946, 28696, 65333]"
117416,"[77221, 105005, 87046, 105910, 11503, 106949, 13310, 79347, 104349, 7574]"
117417,"[47614, 25888, 100147, 71566, 14929, 59537, 89862, 12705, 82806, 26622]"
117418,"[69800, 29782, 46658, 48647, 85469, 70600, 3994, 100439, 67893, 85346]"
117419,"[18428, 49564, 7760, 53572, 98269, 45237, 20231, 94213, 4591, 91457]"
117420,"[76828, 81523, 30568, 4623, 16548, 58419, 44201, 85626, 49955, 82492]"
117421,"[33329, 63143, 1118, 67588, 11343, 73428, 34438, 72411, 101887, 37940]"
117422,"[78472, 33580, 73910, 6090, 37123, 60478, 6600, 74262, 53694, 11212]"
117423,"[51706, 16884, 51361, 48864, 17568, 80654, 13750, 38509, 60970, 61775]"
117424,"[61175, 77898, 63658, 12949, 86744, 75943, 75754, 83580, 61081, 27118]"
117425,"[51568, 80326, 8730, 5465, 5990, 69295, 29202, 69156, 109648, 108257]"
117426,"[30828, 82442, 67518, 48786, 44551, 7009, 90608, 29495, 210, 69671]"
117427,"[73565, 85962, 5197, 70798, 72421, 10366, 71871, 102001, 72794, 4006]"
117428,"[55351, 70100, 13813, 94335, 7095, 40733, 41681, 87929, 101504, 4858]"
117429,"[78293, 28135, 46539, 105101, 109596, 86204, 84000, 94899, 45347, 9619]"
117430,"[36909, 12515, 85130, 66616, 69379, 1570, 15974, 92273, 2766, 77065]"
117431,"[3566, 33839, 74831, 21394, 15129, 35830, 102177, 81861, 105938, 73433]"
117432,"[41256, 33278, 3732, 24243, 26511, 108277, 3319, 47406, 94957, 76989]"
117433,"[39561, 74028, 24406, 68420, 108984, 83359, 33603, 107051, 8162, 46003]"
117434,"[4659, 91019, 43255, 17499, 108004, 76744, 44737, 79095, 2308, 95457]"
117435,"[106262, 2236, 48972, 107731, 104859, 47802, 100804, 57448, 51972, 88779]"
117436,"[38834, 62834, 95424, 76905, 14642, 27359, 13010, 45892, 21158, 55103]"
117437,"[22699, 43468, 76795, 90182, 103400, 36770, 66285, 8863, 78807, 37639]"
117438,"[64095, 93800, 13327, 92501, 88195, 12414, 37144, 90604, 57920, 62714]"
117439,"[49019, 68748, 41699, 95578, 59532, 67631, 18986, 105141, 2442, 67562]"
117440,"[4621, 64443, 13748, 83118, 15937, 32355, 12177, 31059, 51908, 24627]"
117441,"[107967, 93063, 4917, 7315, 64857, 99161, 37770, 73429, 54592, 41315]"
117442,"[50489, 68335, 4618, 92572, 20425, 70223, 15536, 89012, 49134, 61382]"
117443,"[107103, 21070, 57422, 70917, 18932, 33185, 97389, 51892, 30193, 83648]"
117444,"[39790, 49194, 79972, 77140, 23880, 1875, 104861, 70221, 39563, 12792]"
117445,"[21017, 15814, 96834, 24837, 56422, 92173, 40608, 11580, 46906, 40257]"
117446,"[260, 7000, 13085, 102474, 83905, 15194, 56399, 25783, 61314, 36906]"
117447,"[48044, 25636, 28157, 19340, 104373, 38051, 52938, 1322, 70641, 84621]"
117448,"[40084, 41274, 4093, 20691, 39025, 13210, 30351, 106707, 97891, 68043]"
117449,"[45181, 104754, 47473, 14949, 32820, 25542, 74489, 95869, 97615, 14552]"
117450,"[48769, 61057, 108512, 14338, 31274, 36129, 97906, 87172, 15821, 46965]"
117451,"[68000, 38541, 99064, 57047, 33966, 77796, 76396, 22501, 65740, 78207]"
117452,"[78089, 13430, 65800, 86567, 70169, 87102, 96994, 86842, 90608, 105518]"
117453,"[88620, 3940, 5038, 58809, 66347, 95511, 59964, 88372, 22158, 12592]"
117454,"[23818, 32116, 48585, 73161, 96667, 9036, 2579, 62311, 34252, 75541]"
117455,"[75708, 22908, 102541, 26159, 79537, 1291, 38714, 104100, 36308, 65179]"
117456,"[87112, 53276, 58365, 102452, 81442, 35952, 57686, 43992, 18955, 31247]"
117457,"[93064, 77601, 27801, 44503, 107114, 88325, 22601, 3474, 81689, 33521]"
117458,"[53168, 44622, 33919, 42490, 79356, 78033, 29662, 94233, 29626, 5575]"
117459,"[11725, 2829, 96867, 60117, 41723, 35860, 55810, 97108, 67515, 15287]"
117460,"[100614, 29318, 14383, 61857, 61317, 46613, 63249, 107956, 69584, 99]"
117461,"[58773, 56223, 2685, 90435, 97033, 66457, 22471, 33496, 37051, 89136]"
117462,"[1516, 2142, 79013, 56888, 70523, 11066, 61045, 89809, 22448, 50195]"
117463,"[9199, 84536, 36328, 15632, 52878, 106822, 19993, 83352, 95639, 41520]"
117464,"[85845, 39882, 32801, 97167, 7566, 99028, 36412, 89042, 57952, 70255]"
117465,"[106337, 47730, 531, 92599, 36162, 50675, 26386, 80915, 69716, 53685]"
117466,"[106788, 7515, 81566, 91668, 79772, 67749, 58336, 62129, 71093, 47942]"
117467,"[45212, 78704, 2152, 45045, 85769, 53100, 106575, 16883, 13542, 60119]"
117468,"[105010, 64098, 14883, 20399, 44378, 85142, 8284, 106833, 19270, 32800]"
117469,"[26603, 93440, 18080, 105404, 58116, 78059, 37461, 29293, 70901, 109644]"
117470,"[44929, 25108, 22304, 87795, 84410, 29355, 19949, 48664, 40494, 92422]"
117471,"[78888, 70886, 56219, 60369, 32708, 1011, 36823, 47388, 44022, 101527]"
117472,"[73309, 4909, 105451, 41988, 35754, 45457, 109216, 19520, 7514, 106708]"
117473,"[59069, 96603, 97726, 82583, 5101, 82069, 100736, 15957, 96608, 87244]"
117474,"[84550, 108272, 36456, 49607, 90245, 96563, 95307, 108415, 103432, 8620]"
117475,"[2181, 44758, 100660, 17532, 40596, 75989, 68237, 79018, 68667, 54747]"
117476,"[61134, 32029, 45327, 47631, 60752, 20707, 104952, 46023, 21736, 15264]"
117477,"[76812, 65726, 32909, 51644, 55527, 81486, 60325, 84711, 86705, 95758]"
117478,"[26512, 70313, 82088, 77527, 10591, 102017, 90793, 31788, 95710, 93022]"
117479,"[83874, 20726, 88121, 73561, 88980, 96594, 17671, 16687, 91341, 14231]"
117480,"[61165, 77956, 60108, 55766, 105661, 14445, 26755, 6587, 32877, 8570]"
117481,"[11977, 7903, 98257, 78502, 34686, 103476, 83448, 41928, 52372, 31629]"
117482,"[79955, 66902, 29032, 36744, 76407, 61811, 48699, 80183, 32352, 62573]"
117483,"[44208, 35772, 28934, 14920, 1522, 45486, 23403, 51776, 89710, 66493]"
117484,"[51813, 6221, 7153, 61234, 95764, 24758, 18314, 98789, 31226, 76841]"
117485,"[84888, 64206, 106513, 85252, 52768, 51860, 76179, 12139, 80163, 19213]"
117486,"[105359, 38568, 2054, 19257, 73779, 9371, 73197, 107124, 99974, 101020]"
117487,"[54047, 64090, 63639, 28484, 23417, 80009, 74823, 87533, 42683, 35572]"
117488,"[109424, 51560, 81583, 98216, 39046, 64028, 45184, 91250, 27927, 19827]"
117489,"[83153, 42819, 41463, 51532, 89452, 84550, 57979, 105901, 25017, 88701]"
117490,"[26743, 85477, 38395, 41288, 9240, 40838, 47429, 106109, 29716, 36446]"
117491,"[31310, 83796, 39345, 13281, 97520, 36893, 9143, 92642, 18246, 75889]"
117492,"[19703, 17505, 72805, 9754, 39600, 96337, 15826, 87415, 12440, 41343]"
117493,"[60059, 68849, 40330, 58868, 20637, 39123, 87365, 3302, 5207, 39878]"
117494,"[10635, 60809, 9827, 7811, 17408, 103434, 17484, 69155, 88191, 108000]"
117495,"[1456, 80846, 75494, 45623, 17621, 17951, 61248, 64326, 91514, 774]"
117496,"[26331, 15333, 91871, 68326, 106195, 54514, 726, 55289, 38315, 22065]"
117497,"[7433, 17687, 95795, 48328, 55015, 106020, 99501, 77555, 56321, 27223]"
117498,"[82275, 82067, 76023, 69569, 86775, 88147, 32398, 85984, 11824, 18882]"
117499,"[20279, 90921, 97349, 56508, 63101, 20102, 109147, 30465, 75903, 58150]"
117500,"[43693, 19838, 40316, 26738, 45601, 67555, 26650, 103010, 42227, 55709]"
117501,"[39912, 43317, 91324, 22111, 54635, 498, 32182, 23669, 23066, 102632]"
117502,"[45066, 41905, 34682, 106075, 35980, 9797, 59358, 86986, 30516, 43829]"
117503,"[53112, 82499, 65674, 4211, 107066, 103492, 99180, 89024, 70516, 32574]"
117504,"[72143, 86072, 100, 22160, 68377, 17880, 35988, 11773, 107115, 17531]"
117505,"[92246, 13786, 77200, 87863, 90964, 108725, 49331, 4289, 31642, 58340]"
117506,"[46003, 28821, 85904, 94589, 91546, 107855, 60037, 103990, 89213, 101609]"
117507,"[8801, 29293, 82273, 68751, 109644, 18080, 79069, 11541, 26956, 58139]"
117508,"[72207, 9770, 107807, 70230, 29935, 18392, 88066, 43882, 48785, 99818]"
117509,"[49771, 66033, 86246, 53240, 22948, 64897, 78905, 93149, 105218, 72052]"
117510,"[82862, 55254, 54755, 42320, 22377, 29265, 7335, 41323, 80827, 30331]"
117511,"[21928, 79836, 37567, 94978, 56483, 93163, 29676, 38788, 100277, 59220]"
117512,"[52863, 20172, 33214, 86145, 1735, 105712, 83579, 64789, 85713, 64965]"
117513,"[90363, 32818, 767, 82229, 8801, 51868, 106037, 78196, 78527, 22939]"
117514,"[75601, 109418, 96036, 31881, 21388, 11074, 95285, 29632, 10816, 86124]"
117515,"[22377, 56239, 55254, 42320, 20197, 3332, 57785, 2395, 61259, 68856]"
117516,"[38853, 29030, 29914, 52056, 5758, 108722, 108343, 25413, 41216, 11507]"
117517,"[54062, 8494, 50590, 58305, 56121, 6680, 103119, 108595, 107847, 67324]"
117518,"[35930, 30272, 46683, 28171, 93076, 16063, 53648, 2628, 88906, 55381]"
117519,"[21823, 4490, 78702, 98821, 6897, 2802, 31197, 903, 19975, 46723]"
117520,"[60554, 23659, 6589, 36559, 67943, 26246, 81401, 35377, 69616, 46985]"
117521,"[82503, 77987, 73757, 19701, 88316, 84834, 98586, 5396, 47984, 43257]"
117522,"[49848, 31786, 65182, 83096, 5604, 77007, 82600, 98240, 89670, 68022]"
117523,"[94447, 1728, 52266, 6755, 31366, 47593, 22968, 103009, 17907, 20510]"
117524,"[3190, 81382, 59400, 22255, 47874, 103282, 65061, 50784, 2559, 86184]"
117525,"[64507, 65034, 20646, 32102, 97996, 78995, 87831, 106790, 100140, 13361]"
117526,"[33023, 109506, 49649, 36092, 27235, 5039, 25546, 10923, 87927, 5730]"
117527,"[78241, 6168, 9945, 9027, 80149, 108887, 24802, 21691, 26897, 30869]"
117528,"[60705, 83273, 101172, 92698, 35601, 66238, 19702, 32868, 99311, 34575]"
117529,"[84969, 36217, 26013, 10123, 42147, 106901, 8175, 32205, 94244, 92094]"
117530,"[45339, 61932, 77774, 33789, 106391, 58291, 39176, 76979, 23863, 75736]"
117531,"[31024, 23426, 82356, 48276, 26167, 90995, 101322, 78249, 39531, 2629]"
117532,"[69774, 84770, 18123, 78382, 53767, 49696, 92560, 12988, 67628, 3787]"
117533,"[101205, 34910, 43996, 50647, 91792, 14618, 50023, 72781, 51031, 41636]"
117534,"[20249, 45352, 16961, 63865, 2687, 92451, 33447, 30786, 37891, 20700]"
117535,"[89743, 7450, 3134, 39404, 48841, 63286, 7757, 67035, 67101, 81997]"
117536,"[62388, 60181, 7379, 94818, 31160, 15802, 24227, 89536, 83214, 56773]"
117537,"[4331, 31768, 69921, 26228, 55642, 68486, 2428, 80573, 16121, 76856]"
117538,"[74353, 64138, 34667, 88539, 28301, 93426, 80691, 93075, 39307, 75585]"
117539,"[40369, 94257, 104265, 58659, 80912, 100767, 97780, 83324, 14037, 37713]"
117540,"[81426, 59769, 84293, 61683, 11258, 86650, 107521, 56130, 45751, 94828]"
117541,"[86411, 3466, 65972, 24725, 58831, 24322, 43656, 40811, 93069, 80325]"
117542,"[107247, 2021, 87294, 58190, 87381, 88093, 24801, 56344, 89711, 32217]"
117543,"[84047, 86077, 26860, 10374, 17270, 1633, 103813, 20867, 20820, 7619]"
117544,"[28845, 20707, 70073, 15264, 11465, 61134, 104952, 46023, 53023, 29340]"
117545,"[81894, 43473, 73205, 46076, 40619, 17203, 51309, 105933, 53086, 62342]"
117546,"[42942, 43940, 37183, 88996, 24700, 106939, 83083, 82270, 45008, 58039]"
117547,"[36595, 54340, 50715, 79457, 52565, 86564, 89708, 87167, 14501, 106455]"
117548,"[68375, 25652, 9501, 57129, 97573, 105490, 19195, 52987, 41469, 67626]"
117549,"[89819, 52098, 28119, 99767, 8426, 42248, 83824, 77392, 69813, 82263]"
117550,"[86760, 78379, 6925, 155, 16866, 1635, 99195, 24400, 72674, 25816]"
117551,"[31025, 47083, 11841, 52110, 61312, 91757, 51912, 26996, 83016, 56383]"
117552,"[21773, 98336, 13804, 81314, 55359, 85398, 30268, 66246, 2330, 73009]"
117553,"[101113, 107722, 50061, 49739, 53332, 90168, 10684, 40647, 84290, 22794]"
117554,"[28204, 53862, 51960, 98313, 19824, 9189, 105353, 76770, 41236, 22728]"
117555,"[102730, 27585, 83349, 39580, 55023, 96197, 11846, 16381, 45359, 9017]"
117556,"[100626, 81985, 15954, 3625, 97766, 82521, 93101, 4345, 10823, 63486]"
117557,"[43729, 32146, 83305, 15435, 92817, 9557, 26967, 33961, 37232, 44643]"
117558,"[2864, 48410, 58273, 48426, 101528, 46399, 3809, 62418, 42939, 26123]"
117559,"[47093, 35960, 35912, 51266, 103169, 95154, 86736, 28672, 23890, 59129]"
117560,"[19822, 46162, 43476, 51618, 99892, 36627, 105473, 49567, 502, 10922]"
117561,"[28966, 25478, 23505, 52511, 107641, 8756, 53514, 44459, 2575, 27739]"
117562,"[108057, 7775, 13278, 61865, 88017, 40856, 24429, 54949, 17747, 84752]"
117563,"[69183, 107511, 18495, 47596, 106841, 72740, 53063, 69520, 8015, 48954]"
117564,"[104176, 32668, 90591, 82695, 18347, 102569, 30470, 26129, 28016, 36482]"
117565,"[61959, 73747, 29953, 59333, 58751, 49006, 79124, 79250, 77264, 67406]"
117566,"[84754, 23076, 36671, 32276, 23257, 62886, 104723, 1968, 32192, 66899]"
117567,"[16159, 80804, 53387, 15304, 29728, 55782, 107296, 1366, 55493, 22319]"
117568,"[74028, 30281, 24406, 46003, 91546, 39561, 251, 96630, 28243, 60709]"
117569,"[41427, 72474, 101106, 85218, 42523, 33541, 14554, 80229, 38025, 107507]"
117570,"[2167, 23592, 42890, 105240, 16706, 4902, 61084, 97443, 7921, 17349]"
117571,"[59696, 699, 32960, 64455, 84906, 4134, 30591, 37310, 108171, 102888]"
117572,"[49551, 6009, 64082, 98345, 7675, 19736, 15728, 19207, 94486, 8241]"
117573,"[57087, 76576, 36206, 84356, 61630, 88981, 62650, 16529, 67161, 53151]"
117574,"[44404, 53041, 86343, 10698, 4308, 74781, 21634, 46442, 39075, 94238]"
117575,"[26263, 107239, 20747, 4573, 106279, 99729, 76457, 69566, 57959, 90094]"
117576,"[103126, 50219, 10021, 109422, 102227, 83469, 23434, 31425, 75575, 102418]"
117577,"[94777, 48402, 55140, 7091, 8807, 55382, 17749, 68269, 12674, 22406]"
117578,"[16938, 11457, 34857, 82188, 39063, 52999, 108650, 108955, 100936, 12679]"
117579,"[58875, 17345, 68636, 57381, 11491, 45796, 87208, 14967, 95779, 80585]"
117580,"[32862, 73986, 74108, 50860, 35499, 108356, 31433, 77436, 83756, 4967]"
117581,"[32242, 81665, 89604, 35892, 47581, 8899, 66527, 65648, 22840, 20960]"
117582,"[9893, 107112, 53765, 15678, 75901, 39336, 47475, 65637, 12487, 2946]"
117583,"[97381, 94687, 7841, 3632, 104088, 46410, 58779, 49723, 106735, 45801]"
117584,"[46475, 87345, 80470, 29870, 4040, 62943, 5377, 82816, 79487, 66031]"
117585,"[65005, 50288, 80845, 18535, 4883, 35892, 102754, 17371, 42879, 105984]"
117586,"[45040, 46742, 39144, 102170, 81496, 8681, 10791, 49904, 95834, 29476]"
117587,"[91083, 93141, 61960, 3421, 61825, 48928, 36911, 36023, 76068, 22928]"
117588,"[58406, 69149, 55430, 85081, 32830, 85837, 74420, 20067, 12952, 14127]"
117589,"[18342, 5457, 5220, 96221, 96227, 77697, 31638, 9365, 79204, 57018]"
117590,"[85313, 77166, 62280, 22662, 38759, 89830, 11583, 73427, 87201, 51740]"
117591,"[77836, 55589, 34513, 4105, 80168, 99927, 87661, 54899, 28610, 93889]"
117592,"[27432, 83302, 55947, 56273, 33113, 9051, 30484, 64878, 35268, 18491]"
117593,"[31720, 79861, 14047, 45772, 31414, 22628, 35363, 77684, 24650, 109687]"
117594,"[57727, 65102, 77500, 42166, 89320, 87576, 11072, 34549, 496, 17842]"
117595,"[92328, 70396, 81597, 12176, 11486, 101745, 78163, 83686, 88728, 18618]"
117596,"[69171, 52882, 46677, 65474, 9182, 71893, 17663, 99075, 62725, 74439]"
117597,"[84715, 71954, 57101, 33054, 12666, 74559, 30298, 67450, 26501, 21964]"
117598,"[37329, 52393, 108746, 31457, 74426, 89683, 62187, 18271, 71443, 89359]"
117599,"[20938, 18256, 14458, 12372, 52161, 85186, 71962, 59627, 9506, 47793]"
117600,"[65571, 23420, 20509, 78417, 9284, 39300, 106810, 36096, 7286, 74732]"
117601,"[88949, 61212, 55976, 42827, 105504, 96453, 30358, 87790, 70961, 32965]"
117602,"[6438, 45228, 58264, 64921, 35897, 95008, 17067, 3194, 54419, 41394]"
117603,"[85159, 9570, 45097, 25394, 56377, 59467, 13508, 71233, 17742, 89349]"
117604,"[58066, 81594, 24265, 25473, 95299, 54576, 78019, 21209, 72193, 77034]"
117605,"[66336, 36104, 58924, 81671, 102157, 28552, 9891, 26353, 103246, 106366]"
117606,"[31870, 26424, 83084, 71744, 8080, 46532, 20110, 104830, 28565, 74486]"
117607,"[77507, 44006, 64882, 71055, 73590, 47413, 70270, 11218, 102670, 142]"
117608,"[13071, 62569, 109169, 14418, 51215, 87371, 47968, 16083, 71654, 41387]"
117609,"[80221, 16915, 48310, 69348, 95075, 21874, 40669, 61929, 88554, 97685]"
117610,"[53728, 11166, 84548, 40325, 49320, 48233, 46048, 70949, 57937, 80696]"
117611,"[39891, 82833, 8318, 107715, 21849, 84937, 75710, 16714, 75778, 25820]"
117612,"[74584, 95136, 23720, 91409, 97469, 63434, 61020, 54433, 64310, 88667]"
117613,"[108383, 5154, 72363, 59894, 8224, 51569, 98174, 44158, 15558, 89136]"
117614,"[55898, 13833, 29961, 6959, 60517, 10788, 62469, 102070, 83058, 2475]"
117615,"[40344, 91441, 91155, 6629, 75490, 25224, 77534, 49810, 106859, 3239]"
117616,"[81786, 72770, 59624, 95663, 105067, 47346, 47996, 17575, 3085, 61652]"
117617,"[35820, 63241, 95346, 30745, 53248, 90979, 86096, 69792, 4094, 897]"
117618,"[2717, 49108, 108234, 43297, 66341, 73635, 36650, 18232, 106614, 87834]"
117619,"[100368, 104296, 34578, 38980, 33951, 30208, 32740, 60200, 96842, 60023]"
117620,"[71242, 5933, 17123, 918, 13714, 9363, 78439, 8907, 102376, 108523]"
117621,"[65411, 65970, 29473, 103311, 50690, 9063, 95614, 91237, 13469, 84639]"
117622,"[80969, 100664, 104691, 5955, 27354, 86854, 70193, 31890, 63704, 19109]"
117623,"[99167, 57968, 66890, 54432, 27424, 2078, 48196, 25211, 93862, 107735]"
117624,"[83005, 3644, 95951, 99923, 62953, 73458, 73596, 103614, 59450, 80074]"
117625,"[101542, 52963, 67125, 24156, 36591, 26131, 47210, 13186, 74788, 100301]"
117626,"[76395, 88443, 59119, 45321, 89170, 30062, 6173, 3150, 4217, 3054]"
117627,"[72384, 59831, 23791, 50823, 97642, 5506, 56908, 69358, 14597, 11509]"
117628,"[96076, 93934, 43151, 101679, 18577, 21736, 77080, 66632, 49252, 85660]"
117629,"[57796, 16496, 79770, 86222, 67970, 26534, 44518, 86563, 73833, 107014]"
117630,"[107846, 31038, 89690, 56325, 72852, 60431, 37645, 6181, 66896, 45937]"
117631,"[84680, 107283, 44680, 100072, 6916, 100509, 56736, 46635, 26597, 95081]"
117632,"[38555, 86589, 78402, 33310, 64942, 100200, 41143, 103584, 39593, 44466]"
117633,"[50338, 36978, 84836, 11526, 16693, 104583, 25882, 5892, 63944, 12538]"
117634,"[88083, 21760, 45809, 52105, 77780, 58492, 71979, 78824, 105137, 39802]"
117635,"[105559, 29154, 5826, 40846, 99695, 65050, 34282, 29593, 109499, 97017]"
117636,"[74888, 21989, 99019, 59906, 19229, 69519, 54114, 77030, 59530, 24735]"
117637,"[77854, 26940, 46880, 14648, 109360, 20038, 8606, 56894, 55258, 19010]"
117638,"[35866, 101893, 14490, 93401, 47149, 40521, 102229, 55188, 18911, 34752]"
117639,"[52199, 30601, 4430, 27423, 37484, 97559, 65887, 67541, 92185, 61939]"
117640,"[88869, 94483, 98293, 66540, 25176, 6873, 79409, 55576, 35293, 15431]"
117641,"[45457, 11785, 59749, 27529, 50822, 96195, 40479, 73392, 76241, 22962]"
117642,"[65440, 45028, 86063, 70096, 27579, 6084, 53548, 99272, 30772, 65653]"
117643,"[33493, 40809, 20716, 48498, 31193, 99101, 26657, 71772, 73691, 46607]"
117644,"[14887, 101879, 70077, 66564, 42790, 43481, 58059, 86981, 56950, 22968]"
117645,"[48460, 65676, 77429, 64203, 98360, 19837, 47266, 99987, 21607, 109446]"
117646,"[32942, 27899, 77447, 66822, 26162, 45032, 90346, 57266, 29952, 62317]"
117647,"[27888, 103603, 69874, 100839, 89930, 20298, 87669, 82054, 14970, 97625]"
117648,"[53672, 36246, 62652, 52221, 34810, 93359, 78940, 59670, 47176, 19190]"
117649,"[49283, 56137, 63836, 42480, 46191, 20746, 11840, 58471, 42074, 58215]"
117650,"[100659, 67086, 25318, 3427, 4154, 104787, 33974, 15210, 83165, 97827]"
117651,"[77817, 11527, 81719, 17858, 61196, 67374, 62303, 22247, 19387, 2522]"
117652,"[57453, 19934, 28879, 91848, 63715, 74692, 31498, 3345, 48806, 92339]"
117653,"[36187, 38442, 66737, 106775, 88756, 11638, 97679, 68018, 77448, 71944]"
117654,"[90265, 95529, 88663, 99894, 56154, 83577, 68313, 48516, 42723, 30104]"
117655,"[22229, 54699, 24756, 99551, 44882, 93145, 58919, 62153, 51163, 75633]"
117656,"[59299, 101387, 107967, 51802, 54592, 80537, 49290, 88852, 102673, 25547]"
117657,"[41048, 29273, 103842, 12023, 50456, 72060, 3043, 45705, 39098, 51767]"
117658,"[91162, 53331, 57415, 78645, 106182, 11025, 72783, 70752, 109208, 62285]"
117659,"[25938, 21800, 53657, 78949, 85600, 30315, 87858, 11932, 87952, 93470]"
117660,"[61888, 57593, 16205, 89533, 53323, 68229, 99378, 41075, 14013, 17104]"
117661,"[37860, 21365, 82871, 42860, 108646, 11663, 4019, 96961, 48360, 33521]"
117662,"[25615, 28355, 72636, 67358, 95653, 64809, 76694, 53139, 66830, 22306]"
117663,"[63719, 98369, 20849, 100958, 22220, 33717, 86853, 31689, 15402, 88825]"
117664,"[10877, 57738, 90037, 49917, 34376, 47428, 62169, 48507, 54445, 36698]"
117665,"[103848, 51324, 8000, 86493, 3215, 75588, 100704, 17770, 45627, 77099]"
117666,"[105792, 738, 72858, 72161, 33610, 86786, 107529, 54760, 45936, 2923]"
117667,"[36480, 12096, 33087, 84657, 35637, 57429, 75092, 106545, 101483, 2059]"
117668,"[14130, 79126, 42015, 83508, 36670, 12635, 101532, 20176, 62660, 57308]"
117669,"[109375, 73949, 32782, 78743, 42187, 63935, 73179, 5011, 93088, 4701]"
117670,"[65034, 86505, 31342, 50712, 82908, 64507, 39726, 81899, 87264, 9831]"
117671,"[81756, 66804, 46608, 93459, 92239, 41540, 76816, 85362, 53836, 98041]"
117672,"[22217, 56790, 6950, 43817, 37257, 18710, 87810, 66173, 79512, 33823]"
117673,"[15673, 31880, 67328, 105090, 94057, 105200, 59484, 106906, 53039, 55581]"
117674,"[6476, 78206, 52032, 84818, 70720, 49585, 66224, 83584, 21237, 34017]"
117675,"[15165, 42910, 107466, 97394, 7789, 46775, 98929, 7926, 41904, 4721]"
117676,"[65077, 40686, 82552, 59699, 53517, 69410, 4643, 3974, 39008, 62719]"
117677,"[73293, 69390, 84289, 100737, 86421, 2837, 33500, 33348, 17475, 99640]"
117678,"[30121, 79047, 43593, 12138, 68417, 87807, 48326, 94086, 4749, 36178]"
117679,"[3235, 71104, 84643, 78624, 70408, 59111, 56618, 105423, 38484, 101095]"
117680,"[83095, 14589, 1960, 26787, 67707, 66560, 70136, 14798, 27150, 36213]"
117681,"[52213, 90850, 19203, 88660, 57404, 69767, 23390, 39775, 30026, 21032]"
117682,"[49169, 46567, 27838, 78611, 92143, 2522, 77731, 67954, 19892, 67059]"
117683,"[2477, 46048, 83337, 6780, 19871, 59793, 100634, 37967, 93346, 109662]"
117684,"[38703, 41167, 103691, 71428, 41590, 66498, 77861, 14551, 67812, 54938]"
117685,"[74554, 13701, 6548, 53628, 14248, 63397, 52043, 69786, 6817, 82608]"
117686,"[35561, 12281, 32337, 88940, 92735, 92739, 102870, 104081, 60399, 12934]"
117687,"[74626, 106406, 54529, 95178, 43574, 9604, 10055, 10035, 22151, 85010]"
117688,"[4457, 108964, 83610, 36281, 60097, 67499, 30714, 86891, 99682, 68867]"
117689,"[15317, 55793, 108289, 52816, 45166, 61243, 5428, 19514, 91094, 36975]"
117690,"[12308, 99112, 15305, 73743, 43056, 66740, 33972, 17739, 93788, 83433]"
117691,"[94789, 46091, 80445, 100531, 35806, 12474, 10450, 25382, 13681, 9679]"
117692,"[1719, 89376, 55437, 45850, 84905, 67167, 75115, 49736, 93090, 73862]"
117693,"[53905, 30089, 36077, 49555, 57631, 56967, 91417, 66733, 62942, 21873]"
117694,"[45992, 95849, 38946, 29076, 58011, 18465, 85599, 84745, 4318, 63139]"
117695,"[104578, 102763, 88850, 26462, 6879, 66456, 52743, 18562, 1739, 37054]"
117696,"[45637, 50866, 11384, 53426, 17396, 91792, 10493, 1675, 13504, 22878]"
117697,"[58238, 97311, 34613, 30964, 72476, 51341, 78121, 95081, 61647, 47011]"
117698,"[40584, 76095, 67558, 15601, 24183, 46153, 79277, 20709, 100923, 91265]"
117699,"[79621, 101817, 55639, 107885, 1820, 10878, 2157, 39860, 67043, 81293]"
117700,"[9360, 26402, 54388, 31465, 29652, 76509, 84991, 86381, 23136, 14911]"
117701,"[78911, 9933, 96891, 28290, 99292, 37321, 57900, 65459, 39652, 40413]"
117702,"[45697, 104145, 65272, 41463, 77142, 83470, 71404, 85729, 93864, 40009]"
117703,"[31119, 60086, 7157, 64335, 43721, 23799, 107313, 19481, 27486, 53824]"
117704,"[62252, 29089, 70140, 21134, 80497, 75860, 78370, 24852, 96543, 17187]"
117705,"[24920, 94879, 106974, 49672, 90586, 59884, 78438, 63341, 101367, 79908]"
117706,"[80571, 58925, 63230, 30115, 22056, 64289, 52319, 16930, 42679, 67815]"
117707,"[34015, 29819, 105001, 55432, 8773, 7439, 51572, 108926, 2869, 51379]"
117708,"[101500, 29048, 53533, 63264, 15271, 98413, 108307, 84501, 62535, 106548]"
117709,"[1833, 93860, 99764, 59490, 106282, 33403, 50283, 103556, 46184, 90181]"
117710,"[3539, 52599, 60607, 68779, 8166, 97807, 22784, 93499, 68974, 37471]"
117711,"[19257, 9371, 73779, 96122, 75740, 48039, 21042, 45620, 82612, 28791]"
117712,"[51366, 98016, 60060, 63293, 98423, 87285, 67986, 88380, 93309, 12422]"
117713,"[32064, 88305, 66525, 26552, 8411, 28662, 36443, 40327, 100027, 46444]"
117714,"[25959, 15481, 10678, 49036, 61969, 28075, 53059, 5161, 89009, 15372]"
117715,"[30713, 70887, 69512, 64358, 15907, 74405, 103293, 107690, 84047, 26819]"
117716,"[11795, 63858, 7879, 61245, 94726, 46021, 38857, 65675, 16446, 31481]"
117717,"[28229, 81777, 15554, 56456, 96936, 48097, 85999, 50752, 49164, 23750]"
117718,"[72711, 94906, 94141, 1928, 109211, 2436, 8651, 102164, 32606, 76780]"
117719,"[28092, 14366, 73481, 16447, 56217, 90392, 10098, 26769, 29009, 50011]"
117720,"[39095, 71344, 108414, 102152, 658, 83396, 26423, 18367, 1081, 28926]"
117721,"[59471, 70323, 5921, 72404, 57151, 81774, 55943, 66093, 66500, 72659]"
117722,"[71208, 74454, 54034, 77481, 66594, 65631, 24327, 15361, 11983, 75215]"
117723,"[56483, 29676, 79836, 59220, 97248, 4727, 20594, 21928, 44491, 66246]"
117724,"[5192, 13612, 391, 11391, 35448, 87307, 61608, 58811, 45673, 8984]"
117725,"[37972, 5, 16287, 102881, 65589, 31564, 84028, 48706, 81057, 17393]"
117726,"[13363, 83620, 107090, 52665, 34951, 51423, 31486, 106414, 37595, 84053]"
117727,"[68090, 54355, 10149, 20367, 98680, 74576, 105499, 94468, 84636, 24545]"
117728,"[6999, 107901, 12529, 79625, 21801, 7686, 25023, 55132, 29056, 6129]"
117729,"[20037, 109246, 25509, 89649, 27439, 104702, 96943, 16727, 107361, 63828]"
117730,"[31886, 79452, 31314, 39838, 54252, 101640, 55739, 93620, 65300, 20451]"
117731,"[97827, 38572, 78623, 11357, 96827, 85952, 101388, 3660, 89299, 109066]"
117732,"[54338, 32190, 20788, 41815, 74081, 45500, 70227, 36599, 28332, 15268]"
117733,"[71184, 71924, 99684, 29720, 2123, 59522, 25202, 31113, 103066, 37423]"
117734,"[26146, 25348, 63781, 105811, 17278, 21066, 38734, 106204, 19941, 77225]"
117735,"[98071, 31680, 93623, 49235, 40175, 85128, 26700, 89069, 68446, 7712]"
117736,"[107361, 16346, 4514, 27439, 69252, 6763, 96943, 11269, 4025, 37898]"
117737,"[102192, 108699, 108882, 16035, 105762, 69930, 98155, 13243, 74368, 13848]"
117738,"[42412, 36548, 32981, 101131, 97502, 67859, 91048, 30576, 8183, 86986]"
117739,"[41974, 82618, 55119, 96890, 101771, 97077, 52942, 82246, 98525, 108677]"
117740,"[66694, 2014, 102296, 102202, 102473, 23624, 48651, 40722, 53989, 107582]"
117741,"[23798, 14331, 38596, 34847, 81006, 35186, 106277, 84993, 29722, 15521]"
117742,"[108271, 46360, 71827, 17268, 81231, 44596, 99143, 86846, 48244, 1443]"
117743,"[10014, 96019, 13426, 29695, 8001, 69718, 95610, 104614, 55031, 105329]"
117744,"[99746, 99942, 101278, 54382, 66770, 64101, 24504, 102329, 3350, 94698]"
117745,"[86027, 23308, 24452, 62194, 100851, 17949, 52249, 8914, 44779, 6290]"
117746,"[108054, 79078, 36769, 6495, 33253, 39754, 55858, 45005, 17391, 32481]"
117747,"[143, 97200, 45997, 15768, 36337, 49672, 60790, 36864, 94166, 21248]"
117748,"[61803, 73533, 75674, 30227, 109149, 31013, 66675, 79280, 90033, 97021]"
117749,"[90856, 98739, 78055, 50919, 24454, 82848, 18418, 56933, 79423, 20327]"
117750,"[57311, 1526, 84280, 1499, 6143, 106502, 67104, 102105, 6305, 34135]"
117751,"[87697, 54571, 85644, 74939, 105693, 76909, 82432, 1461, 22732, 95403]"
117752,"[77360, 55244, 73074, 109344, 93646, 97319, 32981, 27416, 71154, 68563]"
117753,"[8882, 50987, 76432, 20398, 82529, 21367, 71485, 78969, 6892, 96703]"
117754,"[12281, 92735, 92739, 102222, 102523, 15619, 94482, 35561, 20163, 88940]"
117755,"[61538, 34610, 12376, 44424, 24874, 13237, 43230, 58149, 25854, 89858]"
117756,"[11412, 18979, 62020, 65170, 73098, 71043, 26008, 42532, 84041, 84278]"
117757,"[36648, 10337, 28327, 52365, 9156, 95732, 45254, 98185, 60857, 39127]"
117758,"[93348, 53299, 92915, 97875, 63697, 38094, 43891, 89644, 52450, 98681]"
117759,"[95798, 51004, 66178, 8513, 28436, 12149, 108800, 45643, 89274, 24539]"
117760,"[39159, 11614, 71810, 61383, 35844, 17230, 98004, 99821, 28345, 53264]"
117761,"[97558, 84226, 77720, 16175, 20302, 21239, 50818, 81692, 94400, 50861]"
117762,"[100359, 38622, 41819, 67570, 106833, 13602, 21258, 97770, 26520, 2406]"
117763,"[27443, 67399, 29645, 6380, 56222, 11207, 26452, 89984, 92880, 101965]"
117764,"[52405, 85215, 14325, 81449, 3469, 5756, 89233, 90532, 82853, 29967]"
117765,"[32760, 42342, 86453, 7419, 90464, 28032, 38913, 83589, 89682, 52453]"
117766,"[74585, 47088, 30549, 60813, 79795, 69422, 73223, 10338, 98037, 83710]"
117767,"[65244, 49877, 44043, 91338, 79221, 8952, 56485, 33662, 88334, 14764]"
117768,"[103471, 100269, 17140, 69452, 57834, 56774, 19859, 48783, 10379, 34261]"
117769,"[27242, 102652, 11194, 81109, 3847, 108197, 31790, 6518, 31302, 74589]"
117770,"[56899, 8707, 103731, 52907, 34811, 65415, 29591, 46912, 1946, 11844]"
117771,"[11472, 90269, 98548, 20734, 37676, 103147, 28982, 51127, 25347, 2587]"
117772,"[50843, 88210, 7181, 54174, 18977, 30824, 54284, 5042, 87086, 27056]"
117773,"[79043, 36521, 82462, 24870, 25949, 37913, 74510, 47857, 103540, 94333]"
117774,"[78814, 36351, 108982, 82888, 12395, 11759, 85115, 14471, 98342, 23783]"
117775,"[96413, 72166, 49816, 91267, 25052, 44851, 65042, 88087, 30686, 11317]"
117776,"[35062, 7216, 69025, 37648, 43533, 45800, 70766, 30396, 15969, 62397]"
117777,"[59481, 76698, 23296, 85043, 77062, 67973, 5364, 107369, 28549, 35077]"
117778,"[93340, 13202, 74213, 56898, 46860, 94807, 76378, 21454, 95834, 67416]"
117779,"[61912, 29814, 41276, 94524, 87131, 13164, 104262, 105488, 12473, 99081]"
117780,"[93863, 85604, 17413, 101105, 95757, 33021, 90249, 47736, 80193, 66808]"
117781,"[96772, 104009, 67639, 42014, 62100, 51113, 20206, 64665, 53535, 23101]"
117782,"[84348, 108155, 68055, 78126, 85698, 49335, 34055, 77646, 12382, 108708]"
117783,"[61442, 58281, 76365, 30952, 34257, 13374, 41144, 19881, 61580, 3216]"
117784,"[95094, 5083, 11474, 8535, 101921, 33314, 78968, 69056, 67698, 108018]"
117785,"[95389, 59945, 50962, 14631, 60745, 87978, 38565, 35034, 34374, 35616]"
117786,"[4586, 70280, 33762, 71219, 109639, 79116, 66583, 39039, 47729, 48076]"
117787,"[34620, 6235, 103678, 105074, 92490, 59920, 43299, 67068, 27065, 97092]"
117788,"[5186, 1711, 109116, 36423, 5428, 71433, 41846, 80814, 66376, 5295]"
117789,"[106618, 72733, 3904, 49341, 72076, 21119, 100531, 60477, 71185, 25920]"
117790,"[58080, 75128, 57973, 46633, 86991, 61796, 5446, 22506, 4341, 71586]"
117791,"[4772, 101599, 23934, 34762, 101347, 69998, 101109, 98494, 107972, 10270]"
117792,"[2037, 89543, 26160, 88138, 78073, 4201, 104070, 107529, 6720, 3290]"
117793,"[38363, 87370, 62746, 89241, 69411, 17107, 49977, 43730, 60763, 68723]"
117794,"[93371, 21111, 10214, 12370, 98846, 55707, 3594, 59062, 34979, 32280]"
117795,"[96399, 102592, 76117, 22755, 18933, 34496, 5259, 23149, 42962, 9704]"
117796,"[107597, 47097, 35918, 24660, 63831, 93013, 72371, 86808, 74037, 13459]"
117797,"[74565, 72230, 107599, 81974, 63757, 94599, 53965, 27589, 38322, 103255]"
117798,"[76403, 21186, 3339, 35088, 68389, 81552, 55682, 104493, 105484, 87013]"
117799,"[31455, 89437, 42971, 17963, 48175, 23581, 16594, 87730, 78065, 21938]"
117800,"[30676, 89934, 64766, 60038, 49245, 88331, 36574, 90749, 91608, 6478]"
117801,"[8445, 91686, 72153, 63927, 28736, 5235, 85041, 77698, 82598, 65199]"
117802,"[20472, 46621, 9909, 16315, 101789, 15180, 90703, 46634, 74879, 34012]"
117803,"[75763, 72553, 60197, 94564, 91933, 51757, 28792, 24574, 54606, 83984]"
117804,"[28338, 23184, 27501, 61374, 42283, 33007, 47430, 97649, 99535, 33704]"
117805,"[86863, 7991, 37438, 93666, 83929, 46469, 39168, 23850, 46462, 29666]"
117806,"[29721, 47414, 12535, 6289, 82690, 90499, 57588, 32415, 45742, 33983]"
117807,"[81895, 18562, 104402, 83531, 80219, 103908, 58511, 72766, 26462, 33245]"
117808,"[41131, 83978, 98980, 105523, 44735, 58700, 61601, 80635, 30108, 64876]"
117809,"[65572, 99372, 20528, 82866, 36473, 32531, 53092, 54658, 63417, 51231]"
117810,"[99719, 21141, 77484, 54587, 76748, 109021, 7882, 49842, 92654, 9911]"
117811,"[31266, 47110, 49065, 24958, 48367, 92190, 53914, 36015, 82319, 83248]"
117812,"[36363, 78045, 11754, 12761, 85217, 85371, 37486, 42090, 71100, 41947]"
117813,"[76326, 63575, 25971, 76009, 100705, 39489, 60379, 93505, 62113, 40831]"
117814,"[39687, 50981, 27808, 101162, 96789, 45926, 52271, 40829, 45490, 44180]"
117815,"[101768, 12766, 59648, 23859, 87480, 12251, 3871, 94092, 88284, 59250]"
117816,"[106505, 57333, 65490, 26955, 75484, 73751, 35699, 4524, 15807, 79543]"
117817,"[51375, 81795, 55992, 78597, 11667, 54423, 4723, 74320, 14834, 49812]"
117818,"[1660, 27810, 43831, 67689, 86731, 103034, 103910, 46576, 76315, 27188]"
117819,"[15210, 1647, 72383, 10416, 51282, 73115, 63766, 6977, 12824, 82394]"
117820,"[45183, 8031, 77820, 18297, 57701, 10060, 101445, 81155, 10653, 68917]"
117821,"[8808, 59224, 15065, 72521, 66321, 18208, 17520, 102978, 23892, 105675]"
117822,"[48410, 48426, 91565, 62418, 10733, 2864, 5111, 37067, 101528, 42939]"
117823,"[85091, 2074, 44899, 106136, 101947, 63144, 91348, 53106, 72241, 83459]"
117824,"[31754, 101544, 68433, 23453, 25375, 85051, 74139, 68266, 100849, 14651]"
117825,"[43548, 77203, 74874, 42258, 25526, 73653, 1333, 8900, 84418, 36464]"
117826,"[20979, 66875, 25725, 86044, 16298, 26155, 93964, 9593, 58706, 75855]"
117827,"[48914, 40599, 108151, 9234, 56108, 171, 85883, 1303, 86334, 45614]"
117828,"[37792, 44367, 76341, 71362, 19293, 105630, 42263, 12711, 49821, 3896]"
117829,"[15510, 72206, 45834, 88919, 81952, 22793, 45718, 101115, 72376, 33682]"
117830,"[63070, 13621, 105510, 80509, 36805, 107260, 22713, 93268, 58906, 45312]"
117831,"[95369, 42609, 53177, 455, 12903, 22845, 6210, 63853, 4726, 6133]"
117832,"[66714, 53246, 58303, 25191, 12368, 59952, 16720, 1669, 91151, 77589]"
117833,"[105626, 26384, 39145, 33135, 54911, 106629, 100823, 8219, 50721, 49523]"
117834,"[2929, 15094, 431, 20842, 107939, 94419, 14399, 60424, 107302, 13124]"
117835,"[4418, 1093, 25105, 96499, 105721, 95945, 54817, 82380, 77946, 89652]"
117836,"[13310, 64862, 8820, 19498, 21840, 11035, 77821, 17044, 28473, 67164]"
117837,"[91194, 106200, 103713, 60734, 43230, 105176, 90731, 61338, 82745, 49098]"
117838,"[22591, 62188, 7710, 15146, 74232, 5106, 41510, 17038, 64251, 56398]"
117839,"[93340, 97400, 94807, 89752, 10532, 12579, 88120, 67849, 59449, 40915]"
117840,"[95895, 97789, 70895, 50724, 19996, 69678, 66219, 26834, 51648, 42628]"
117841,"[10838, 5440, 54937, 13519, 93432, 51620, 77041, 13054, 103969, 7390]"
117842,"[21465, 8020, 96752, 14220, 37971, 61897, 19704, 15004, 24777, 54619]"
117843,"[94184, 67446, 88057, 51230, 32891, 20591, 42006, 15044, 24581, 92483]"
117844,"[7103, 31788, 93022, 69831, 12241, 26512, 82088, 64026, 66976, 70040]"
117845,"[47133, 103598, 60690, 15895, 106680, 105756, 109237, 73371, 22078, 77485]"
117846,"[54005, 54259, 92863, 103311, 50690, 89620, 21999, 67105, 95614, 60977]"
117847,"[9163, 47771, 87523, 28363, 70640, 33850, 79093, 107577, 100286, 20447]"
117848,"[67305, 6027, 69465, 100565, 11939, 57890, 19021, 25758, 16880, 97430]"
117849,"[65393, 28212, 46466, 90362, 46840, 106592, 88099, 34932, 108496, 46318]"
117850,"[81899, 39726, 86505, 31342, 53217, 78024, 96375, 85960, 97165, 88831]"
117851,"[56499, 13714, 25179, 37086, 87710, 102376, 9363, 6000, 55534, 8752]"
117852,"[46280, 41545, 66450, 12727, 103404, 101025, 21632, 45662, 55152, 35449]"
117853,"[77326, 77142, 104145, 64585, 53322, 60261, 11279, 44488, 36555, 84219]"
117854,"[97955, 38135, 106803, 107466, 18985, 60865, 16853, 35711, 22983, 15165]"
117855,"[70760, 7442, 94333, 100188, 87054, 109426, 20211, 91091, 34532, 100036]"
117856,"[23137, 32206, 23735, 36323, 33191, 102213, 55584, 55021, 13951, 107399]"
117857,"[95511, 10132, 105578, 46958, 15821, 25239, 54006, 36180, 5728, 22158]"
117858,"[97211, 39663, 84379, 49064, 61053, 105278, 1569, 62230, 26807, 40191]"
117859,"[54082, 104372, 43282, 22144, 27477, 88591, 39416, 84577, 23357, 73660]"
117860,"[17171, 3066, 82569, 18531, 55980, 669, 55544, 57523, 49140, 96086]"
117861,"[97354, 48985, 44105, 106584, 93446, 42817, 4863, 73882, 48733, 79322]"
117862,"[75814, 74155, 98054, 25712, 87616, 17812, 106504, 47477, 94398, 51854]"
117863,"[34783, 64950, 70166, 5083, 62732, 64663, 41015, 38455, 68651, 105623]"
117864,"[84270, 10770, 48216, 22721, 34936, 104444, 5416, 61765, 69914, 2582]"
117865,"[71430, 8560, 65157, 86746, 50148, 97403, 39950, 89556, 39153, 33115]"
117866,"[95065, 95684, 52812, 82771, 10953, 46858, 40332, 57557, 3009, 57030]"
117867,"[67015, 79350, 23977, 108279, 81323, 35176, 77426, 58417, 76988, 84491]"
117868,"[13624, 33635, 28575, 4592, 14787, 46464, 94366, 65636, 17118, 93300]"
117869,"[12304, 83716, 10248, 70138, 23377, 29846, 41024, 63254, 48991, 9260]"
117870,"[73654, 94474, 21136, 98917, 45098, 23394, 35978, 188, 93669, 41486]"
117871,"[24540, 1014, 16787, 35550, 70695, 39917, 433, 96895, 56135, 35130]"
117872,"[42010, 103638, 98602, 108805, 88279, 55171, 74895, 57516, 95918, 94120]"
117873,"[47821, 84057, 11480, 59646, 17555, 86946, 47369, 84093, 50771, 39796]"
117874,"[42872, 74930, 87930, 64910, 101701, 48110, 96344, 35618, 15279, 93430]"
117875,"[90681, 7053, 31517, 106426, 26549, 64650, 38745, 86097, 83116, 86787]"
117876,"[70364, 97603, 100792, 103624, 18347, 44019, 21282, 70763, 2400, 3835]"
117877,"[46178, 22362, 67947, 80777, 30092, 29524, 102184, 96488, 97906, 59115]"
117878,"[84536, 9199, 79053, 45027, 34675, 5927, 64656, 36328, 46718, 64903]"
117879,"[49211, 56526, 98173, 21293, 25074, 75930, 3512, 39094, 70066, 644]"
117880,"[102464, 101487, 34371, 20058, 74416, 85666, 92023, 34799, 52840, 101636]"
117881,"[19734, 68495, 63207, 89050, 94167, 38644, 94245, 46949, 39416, 55547]"
117882,"[6691, 66002, 60206, 92230, 46173, 25931, 108209, 36698, 10572, 96625]"
117883,"[21885, 69170, 95752, 25921, 62193, 53013, 42081, 97485, 93743, 46298]"
117884,"[5460, 3223, 24137, 108401, 30406, 42515, 72552, 109638, 51764, 50775]"
117885,"[9485, 97722, 63220, 58971, 65277, 99759, 44163, 40058, 109771, 61106]"
117886,"[82612, 28791, 38182, 19257, 75740, 28318, 11930, 78924, 15921, 99034]"
117887,"[102287, 3318, 69965, 106811, 53370, 34054, 42104, 16650, 5572, 32431]"
117888,"[21135, 65214, 96662, 23695, 80711, 27479, 85238, 83968, 106126, 12514]"
117889,"[32860, 16288, 108592, 5903, 7172, 13282, 78641, 18461, 63464, 54113]"
117890,"[7023, 22416, 22600, 87436, 17597, 6660, 44094, 50875, 50317, 32286]"
117891,"[98246, 12760, 108460, 59453, 85884, 25853, 23903, 13718, 29809, 73198]"
117892,"[109561, 17585, 45796, 8548, 51108, 73254, 11820, 106568, 9109, 80585]"
117893,"[36264, 10948, 78416, 86488, 79857, 73399, 75307, 30468, 39084, 75393]"
117894,"[75283, 62155, 29157, 85032, 74238, 24087, 32615, 80133, 73643, 72284]"
117895,"[87535, 98500, 103513, 49034, 77259, 40776, 5534, 90923, 55867, 45591]"
117896,"[28825, 54555, 50000, 19139, 33811, 59510, 72118, 109202, 53705, 75632]"
117897,"[103913, 66732, 78239, 55699, 42358, 64383, 4032, 108308, 42717, 87980]"
117898,"[103463, 88236, 91979, 66351, 57731, 62765, 31633, 52784, 19381, 7149]"
117899,"[26621, 15018, 99946, 46630, 6480, 20845, 27381, 14329, 57687, 104098]"
117900,"[11572, 87786, 90898, 4744, 16646, 45198, 27340, 23862, 84815, 11540]"
117901,"[102100, 85929, 87497, 25429, 31905, 90376, 45101, 46199, 99375, 43344]"
117902,"[77378, 42031, 20763, 6987, 21702, 106862, 70275, 66769, 26282, 108130]"
117903,"[102091, 19525, 55472, 33129, 14866, 22928, 75348, 54736, 59217, 78762]"
117904,"[56226, 93954, 90577, 88969, 34391, 17260, 72223, 41056, 55095, 672]"
117905,"[24335, 77231, 99171, 56362, 108697, 101373, 88169, 16783, 88422, 38900]"
117906,"[107791, 68169, 78386, 37126, 77590, 43043, 74906, 33443, 48642, 50651]"
117907,"[18410, 17093, 15822, 17141, 97369, 77463, 19051, 52993, 43995, 27611]"
117908,"[72017, 83288, 94441, 1654, 15299, 41954, 9509, 65648, 22840, 2697]"
117909,"[32599, 100395, 12394, 67811, 16825, 44358, 79444, 9724, 58494, 37473]"
117910,"[40016, 14543, 46512, 66935, 28597, 20504, 81748, 83074, 40432, 59190]"
117911,"[50935, 109020, 82345, 70548, 25743, 42823, 21578, 24594, 109732, 4058]"
117912,"[68751, 104900, 82273, 67010, 8801, 51868, 29836, 32818, 11541, 767]"
117913,"[28463, 55441, 76493, 71198, 31375, 82116, 104933, 58878, 51396, 37452]"
117914,"[9862, 43634, 15001, 97700, 72466, 98145, 2101, 33876, 37665, 34720]"
117915,"[3497, 51752, 98788, 9127, 74973, 71798, 98982, 76483, 80074, 2415]"
117916,"[13531, 105213, 97352, 106624, 39433, 88053, 1447, 34616, 13060, 98167]"
117917,"[19169, 85366, 48844, 7076, 14304, 26209, 23055, 88750, 25946, 46075]"
117918,"[33425, 49704, 5742, 15554, 55316, 51455, 19923, 2274, 100339, 9142]"
117919,"[47385, 52189, 52969, 64992, 4967, 28574, 37008, 68157, 40087, 109035]"
117920,"[53696, 84403, 108134, 89770, 100793, 60472, 88458, 52838, 95405, 104608]"
117921,"[91504, 80718, 18225, 52466, 82841, 96362, 80376, 67769, 7948, 28877]"
117922,"[83584, 19722, 100561, 99005, 106179, 84274, 14784, 45033, 66224, 78206]"
117923,"[71878, 301, 35278, 94235, 48292, 50921, 96113, 1041, 59586, 67291]"
117924,"[38483, 88229, 24477, 78425, 39642, 51674, 76436, 44589, 89264, 6360]"
117925,"[1950, 27851, 93862, 80281, 26473, 60664, 5444, 11705, 17834, 25596]"
117926,"[390, 82077, 54789, 45541, 42771, 105350, 30911, 39439, 65071, 66456]"
117927,"[86978, 56110, 78599, 85343, 932, 26397, 45276, 16269, 23293, 79501]"
117928,"[106434, 13959, 65444, 53088, 61817, 82363, 54546, 501, 98504, 22963]"
117929,"[84827, 83532, 20579, 37046, 52062, 59349, 51357, 88606, 74929, 178]"
117930,"[30710, 3269, 64442, 106794, 60455, 13615, 98612, 28985, 94348, 66383]"
117931,"[60497, 20791, 24696, 101094, 36853, 40397, 17920, 11288, 86593, 8885]"
117932,"[52883, 90052, 1904, 10703, 39257, 47716, 11468, 16774, 64470, 21820]"
117933,"[69916, 44242, 60949, 18241, 4845, 91873, 26402, 108778, 47879, 82657]"
117934,"[69668, 88629, 6806, 73826, 5327, 28804, 21361, 6942, 108028, 42588]"
117935,"[59943, 96445, 42521, 54151, 20559, 89826, 24018, 96694, 38291, 45774]"
117936,"[28154, 6985, 43064, 82341, 9239, 34047, 18025, 8254, 74249, 41251]"
117937,"[41840, 40748, 19400, 45027, 32433, 53443, 71822, 83906, 20302, 16175]"
117938,"[106228, 9052, 80383, 33032, 89408, 8764, 23548, 52752, 20972, 101946]"
117939,"[42782, 28049, 36300, 87109, 70310, 32268, 96541, 107830, 21039, 56885]"
117940,"[88078, 44544, 64968, 81511, 69953, 101325, 102053, 104634, 74886, 105399]"
117941,"[85768, 76276, 8219, 48778, 109503, 32921, 11779, 105349, 101513, 91210]"
117942,"[53798, 102319, 29564, 61274, 69063, 29696, 24743, 55215, 24731, 21413]"
117943,"[70721, 69810, 71596, 7938, 27182, 96559, 68188, 17990, 73910, 14643]"
117944,"[92430, 102451, 26882, 63760, 85438, 69863, 56953, 64500, 97075, 52356]"
117945,"[6380, 29645, 66852, 67399, 77366, 46440, 63135, 109199, 67444, 73581]"
117946,"[104566, 46458, 876, 36754, 28932, 5033, 69272, 41536, 48183, 69428]"
117947,"[9604, 87838, 44054, 72875, 58251, 104515, 50638, 60693, 8667, 81214]"
117948,"[66916, 3017, 84631, 27440, 65810, 91399, 99628, 75477, 104690, 93146]"
117949,"[102196, 55590, 103930, 108070, 5099, 40601, 27229, 442, 9987, 75294]"
117950,"[38406, 77980, 106952, 101004, 67445, 34388, 7288, 23622, 12400, 68557]"
117951,"[64358, 74405, 103293, 30713, 13974, 26819, 70887, 84047, 69512, 49722]"
117952,"[22644, 85841, 48967, 31213, 15607, 40887, 28555, 108486, 12060, 22677]"
117953,"[68580, 62387, 86367, 36086, 59473, 79941, 84080, 74600, 92037, 71280]"
117954,"[19022, 98558, 60571, 104151, 36378, 14660, 55892, 43366, 66145, 72646]"
117955,"[9950, 68164, 57842, 74751, 64710, 29263, 2792, 21055, 108176, 11249]"
117956,"[54410, 162, 74201, 55364, 64091, 68775, 18541, 20765, 65730, 40616]"
117957,"[100197, 41711, 55013, 107515, 92671, 87893, 80280, 18901, 28674, 26460]"
117958,"[29109, 99983, 68190, 108543, 43799, 102029, 69736, 93334, 93971, 44721]"
117959,"[61593, 105565, 104854, 52500, 12268, 22280, 64354, 34158, 15656, 15304]"
117960,"[75752, 47422, 53778, 57904, 99135, 84404, 42997, 37911, 12606, 57720]"
117961,"[4202, 40503, 24306, 66977, 88930, 41775, 74459, 79008, 107328, 33196]"
117962,"[53754, 40617, 32881, 92041, 32828, 106155, 53571, 46914, 70815, 60966]"
117963,"[76451, 86403, 50643, 108516, 59172, 6249, 20, 18527, 56283, 54354]"
117964,"[7073, 51105, 4031, 67828, 87960, 56142, 44177, 8398, 105125, 66391]"
117965,"[93913, 88212, 78659, 97503, 49941, 88070, 7020, 108589, 22215, 39747]"
117966,"[72181, 1375, 14743, 39482, 57710, 107111, 1446, 90147, 74042, 45561]"
117967,"[32357, 22523, 104281, 23233, 91079, 70604, 95277, 25196, 32098, 43089]"
117968,"[65296, 62424, 24778, 16839, 97765, 9283, 37561, 29872, 63466, 20659]"
117969,"[85828, 49277, 61805, 99236, 104903, 104413, 21798, 20705, 98708, 74109]"
117970,"[42136, 50750, 107398, 47081, 100085, 52962, 30943, 101745, 105613, 58948]"
117971,"[93118, 75201, 1011, 69416, 34405, 93, 28897, 70855, 55705, 88942]"
117972,"[44344, 52697, 99550, 38307, 1801, 52659, 68592, 10768, 77207, 62435]"
117973,"[82324, 21320, 17607, 106601, 14452, 101284, 70636, 77152, 97039, 37925]"
117974,"[48840, 4346, 16970, 39205, 99129, 42271, 32258, 55495, 19983, 106170]"
117975,"[96459, 25766, 19380, 82238, 17175, 8837, 17692, 60852, 83565, 51071]"
117976,"[3514, 6188, 14704, 94620, 75133, 8192, 26207, 83987, 3069, 105011]"
117977,"[61678, 90046, 72162, 2615, 69642, 94650, 24388, 30385, 74424, 23917]"
117978,"[50202, 2265, 50131, 76513, 84352, 74944, 103949, 80943, 92812, 37505]"
117979,"[25457, 59606, 61121, 63460, 39859, 92568, 22019, 106728, 30475, 5067]"
117980,"[78061, 92849, 103935, 60292, 62043, 79296, 25583, 55771, 107433, 86654]"
117981,"[1892, 9491, 91446, 30338, 88734, 57167, 86554, 50568, 69510, 50246]"
117982,"[62318, 88158, 79914, 46694, 41079, 58509, 27144, 8734, 106160, 14834]"
117983,"[105591, 35759, 103488, 63868, 30865, 28194, 3276, 20829, 31451, 102483]"
117984,"[85432, 39344, 2300, 21878, 75859, 102093, 39690, 34166, 24903, 82239]"
117985,"[101754, 10843, 4347, 21993, 5296, 41486, 2704, 87905, 73556, 103916]"
117986,"[41953, 88901, 41998, 104276, 36439, 80382, 64343, 32777, 5619, 44236]"
117987,"[78103, 817, 10498, 6065, 97606, 60403, 22612, 72931, 32075, 60652]"
117988,"[45206, 62649, 84589, 81132, 51496, 26022, 77643, 66168, 89999, 82719]"
117989,"[95003, 65904, 49957, 38630, 60905, 85525, 35059, 69852, 26929, 59466]"
117990,"[732, 49909, 105870, 27748, 29021, 72091, 2493, 78756, 47743, 13617]"
117991,"[87550, 56028, 46744, 80025, 30861, 60628, 27467, 30027, 21802, 83813]"
117992,"[16937, 35669, 12277, 76310, 71497, 102391, 83102, 67361, 24362, 65838]"
117993,"[103903, 42919, 57321, 75395, 1547, 23188, 58807, 65220, 12680, 43037]"
117994,"[97500, 105099, 85918, 11044, 97372, 1297, 18476, 9537, 30052, 12088]"
117995,"[99784, 51058, 20439, 76673, 98807, 38409, 48415, 47876, 39701, 105289]"
117996,"[44172, 60228, 66727, 30172, 45067, 72972, 8507, 82882, 48768, 36207]"
117997,"[4855, 63169, 11108, 102182, 13446, 7828, 70035, 14298, 66040, 38979]"
117998,"[33714, 19335, 37299, 20785, 79014, 14907, 51685, 40168, 55673, 10668]"
117999,"[17690, 40262, 34614, 13507, 10780, 28056, 108453, 38824, 88017, 35939]"
118000,"[66227, 22692, 6672, 87023, 58937, 5335, 17240, 25990, 56725, 58538]"
118001,"[50706, 6572, 79948, 70733, 23213, 101437, 49849, 47361, 100895, 10420]"
118002,"[25500, 39139, 3468, 76945, 44809, 62263, 49378, 41282, 24203, 47020]"
118003,"[6574, 14291, 49339, 43143, 27520, 95306, 74443, 83192, 91889, 73864]"
118004,"[23748, 18914, 43277, 43687, 55418, 89383, 18103, 62074, 26313, 30712]"
118005,"[16771, 8997, 5306, 92609, 35485, 24730, 104178, 32562, 80041, 77172]"
118006,"[43979, 95423, 48603, 25810, 34197, 46522, 6812, 40336, 87842, 44539]"
118007,"[98464, 25776, 23795, 98094, 6407, 6869, 99787, 69417, 36454, 100502]"
118008,"[21757, 33941, 90629, 44504, 98674, 57956, 49824, 18276, 71352, 27086]"
118009,"[42363, 95120, 31093, 85161, 10577, 78912, 32192, 53324, 35486, 85339]"
118010,"[8937, 59523, 71890, 50697, 10755, 92769, 82837, 17955, 74127, 80324]"
118011,"[99848, 106730, 40834, 103274, 82237, 50179, 36295, 13481, 22737, 2699]"
118012,"[17891, 4389, 7738, 68317, 24239, 85695, 108390, 99435, 4815, 53997]"
118013,"[42664, 75813, 83279, 44041, 14070, 3042, 70624, 101970, 47121, 84867]"
118014,"[92134, 33715, 20582, 18021, 34077, 50371, 6067, 70515, 13283, 39666]"
118015,"[35381, 105120, 46559, 27984, 30193, 16408, 35549, 100074, 20502, 16388]"
118016,"[39887, 82530, 53912, 46226, 41908, 38247, 7672, 42670, 80171, 58437]"
118017,"[18129, 55588, 56334, 97084, 57181, 46652, 17935, 52398, 17798, 26879]"
118018,"[18114, 62408, 1440, 31400, 71054, 40147, 90252, 78641, 73102, 29902]"
118019,"[14105, 71215, 35529, 81524, 105743, 12933, 64270, 44406, 15909, 13909]"
118020,"[17344, 77444, 104847, 4677, 77134, 30125, 40506, 59509, 91272, 37703]"
118021,"[63490, 69342, 81715, 31936, 26274, 92868, 100759, 43778, 68455, 73454]"
118022,"[105955, 11178, 38270, 50916, 53641, 51062, 82039, 84780, 64415, 55489]"
118023,"[49882, 51549, 102396, 13691, 44321, 38424, 48675, 98335, 90396, 54466]"
118024,"[53936, 92354, 79065, 85567, 26850, 107332, 27832, 11899, 32790, 40433]"
118025,"[1567, 58781, 81409, 85896, 91607, 103375, 109158, 76201, 67478, 101231]"
118026,"[89017, 95641, 91983, 68154, 40550, 68855, 104314, 92154, 35215, 25734]"
118027,"[78551, 4947, 75213, 65688, 17668, 90224, 9018, 85036, 17729, 17454]"
118028,"[8189, 2209, 2198, 12876, 18786, 11223, 45841, 55108, 7542, 7635]"
118029,"[108522, 60102, 94940, 60049, 72565, 78596, 38855, 72420, 13226, 55490]"
118030,"[51756, 18111, 91329, 15116, 3063, 98112, 92729, 81517, 49601, 15306]"
118031,"[90422, 5663, 4637, 46454, 64624, 105077, 79755, 24400, 100050, 71881]"
118032,"[2018, 103590, 79946, 55596, 72395, 74481, 22808, 1929, 18890, 6383]"
118033,"[86846, 70652, 1443, 46360, 17268, 26959, 108271, 34224, 71827, 41591]"
118034,"[54680, 14790, 67485, 16514, 79353, 10822, 19199, 25158, 6810, 76494]"
118035,"[74530, 40680, 1483, 93640, 81510, 88794, 7934, 6115, 64277, 23298]"
118036,"[5964, 76799, 32089, 108246, 77842, 81026, 76295, 72749, 29305, 8348]"
118037,"[104100, 79537, 26159, 1291, 75708, 22908, 67843, 36308, 65179, 9735]"
118038,"[32166, 30581, 28621, 36306, 57380, 85592, 57441, 70795, 107208, 539]"
118039,"[39836, 9046, 5877, 93259, 2339, 55833, 12293, 76747, 84220, 49673]"
118040,"[96656, 91264, 15285, 8552, 72511, 72780, 40958, 28197, 40304, 73261]"
118041,"[40696, 51722, 55151, 10757, 102333, 73002, 6271, 109, 17740, 104444]"
118042,"[78630, 80811, 87150, 71048, 37031, 39507, 64022, 23430, 94108, 95220]"
118043,"[20833, 43951, 11774, 49330, 13086, 96770, 23028, 35378, 61170, 68567]"
118044,"[95932, 7270, 98096, 21105, 25344, 49250, 69176, 104629, 57405, 18001]"
118045,"[52717, 21833, 100115, 46336, 15079, 66254, 70734, 17688, 105958, 11364]"
118046,"[109204, 47690, 102468, 53465, 80398, 4364, 28920, 86247, 100609, 83854]"
118047,"[66496, 61172, 97532, 59233, 27349, 100027, 26552, 19753, 82175, 70382]"
118048,"[107645, 15534, 8090, 90058, 86446, 180, 75091, 81535, 105417, 15669]"
118049,"[42849, 42005, 43180, 96409, 20013, 103888, 52140, 22786, 7248, 92073]"
118050,"[32910, 99712, 21671, 55616, 19983, 101457, 76902, 12758, 105588, 89663]"
118051,"[64886, 7623, 76066, 15751, 94017, 88296, 3969, 91934, 86948, 87517]"
118052,"[80177, 62445, 41774, 37339, 53811, 85556, 18681, 61680, 41460, 7720]"
118053,"[28154, 6985, 43064, 82341, 9239, 34047, 18025, 73562, 74249, 61954]"
118054,"[43539, 26347, 46343, 14147, 40990, 21292, 59056, 32709, 65930, 49197]"
118055,"[75580, 96854, 85105, 96270, 11475, 103177, 98462, 1455, 73695, 80861]"
118056,"[66972, 71948, 12498, 49545, 14121, 44919, 9140, 35196, 106727, 70556]"
118057,"[27156, 64546, 71594, 7721, 109312, 38035, 5047, 95856, 55538, 90738]"
118058,"[52128, 97744, 4137, 26732, 106613, 74604, 77316, 8856, 57294, 94121]"
118059,"[100729, 75919, 79070, 84522, 9746, 96330, 100067, 13641, 97714, 103150]"
118060,"[16055, 24962, 89492, 8995, 66239, 76127, 102221, 33207, 56128, 83706]"
118061,"[92108, 55613, 67366, 1622, 108363, 30800, 53181, 106302, 37281, 77016]"
118062,"[97831, 64997, 29067, 30329, 104831, 95472, 40170, 28446, 33959, 63532]"
118063,"[95155, 19755, 86237, 61114, 22975, 19614, 22196, 41336, 60131, 37635]"
118064,"[29342, 12084, 54633, 21266, 48464, 8565, 22191, 15308, 88908, 69647]"
118065,"[99942, 101278, 9286, 24504, 99746, 22940, 25625, 55984, 66770, 68783]"
118066,"[35753, 79088, 98851, 73925, 100351, 93732, 44353, 7246, 82390, 35408]"
118067,"[63480, 74018, 33812, 62164, 78820, 88597, 1939, 79767, 7804, 41339]"
118068,"[45166, 106971, 39657, 25078, 19795, 66376, 109094, 44315, 63710, 50511]"
118069,"[55621, 49448, 106612, 82697, 38692, 5882, 76492, 67359, 6197, 101552]"
118070,"[9892, 101859, 7477, 33658, 13921, 58121, 31447, 11287, 75611, 71190]"
118071,"[3627, 27966, 6538, 27040, 23367, 78355, 104939, 95478, 47456, 86039]"
118072,"[7278, 80483, 48458, 24150, 76390, 36717, 9861, 79510, 34483, 11534]"
118073,"[3275, 67586, 1197, 79315, 98059, 18718, 76060, 18754, 24515, 29365]"
118074,"[11669, 46446, 29599, 58392, 39619, 8423, 54740, 37833, 31526, 34639]"
118075,"[85857, 92443, 60823, 56489, 29418, 108827, 107237, 13707, 73517, 9383]"
118076,"[75629, 10150, 90643, 81745, 24362, 54688, 21186, 79270, 58566, 50700]"
118077,"[21298, 16893, 9386, 89610, 14250, 82797, 16867, 61186, 38861, 28330]"
118078,"[72835, 88101, 73674, 17657, 90731, 99863, 28946, 34610, 42474, 17533]"
118079,"[32900, 18139, 11952, 65426, 90677, 37721, 57183, 27538, 97129, 51405]"
118080,"[57222, 54485, 71508, 88804, 88643, 10581, 89744, 36941, 103674, 31979]"
118081,"[73940, 5379, 40170, 41499, 30022, 69450, 106747, 58581, 87910, 76428]"
118082,"[26940, 20038, 24081, 77854, 46880, 51758, 80045, 106348, 14648, 62988]"
118083,"[60613, 89207, 59291, 90145, 47829, 78631, 60, 37691, 83852, 44502]"
118084,"[34835, 102786, 67448, 4837, 109323, 107075, 83926, 6643, 6111, 61481]"
118085,"[38958, 64378, 27058, 107299, 81206, 13205, 103457, 98839, 75070, 106259]"
118086,"[54500, 28502, 40623, 61053, 16836, 30821, 36052, 12514, 96634, 99761]"
118087,"[31532, 80945, 100256, 89137, 21444, 24327, 26728, 95821, 55142, 40909]"
118088,"[10084, 82802, 3198, 594, 87424, 62923, 98976, 78227, 76218, 73456]"
118089,"[4856, 98950, 29416, 102689, 97361, 100372, 84576, 46682, 26856, 91313]"
118090,"[48689, 74752, 40779, 68170, 28472, 106757, 98142, 79627, 59199, 51042]"
118091,"[35589, 14462, 42303, 63938, 76320, 103865, 83436, 31645, 46918, 89242]"
118092,"[62172, 47421, 58587, 69653, 85990, 3962, 102533, 86791, 50123, 17111]"
118093,"[107694, 10640, 5720, 50414, 102249, 29423, 101814, 27240, 79287, 13938]"
118094,"[99673, 56520, 8031, 108046, 6728, 29719, 8831, 92957, 33893, 67217]"
118095,"[19720, 1712, 19715, 27631, 83782, 21449, 9693, 95713, 52220, 50749]"
118096,"[7724, 93958, 96855, 27533, 52390, 2549, 44322, 88625, 17294, 88508]"
118097,"[34476, 94558, 89530, 106232, 13564, 99523, 64055, 60467, 9313, 96068]"
118098,"[8744, 65471, 79805, 71214, 69036, 25553, 72612, 19492, 91409, 100812]"
118099,"[97262, 74617, 50224, 61189, 31707, 49173, 69823, 6303, 90215, 1333]"
118100,"[32393, 24355, 65286, 76926, 63210, 58464, 34209, 3299, 5679, 83409]"
118101,"[35052, 61394, 41178, 21808, 102270, 31459, 91563, 18650, 15398, 6422]"
118102,"[40444, 54110, 81886, 36583, 1506, 25431, 99710, 70975, 55496, 63258]"
118103,"[16817, 35683, 19407, 78695, 34254, 49984, 59801, 103050, 8236, 18057]"
118104,"[16940, 54347, 63108, 5724, 75744, 7209, 9478, 42022, 75961, 107217]"
118105,"[45539, 104249, 60916, 106941, 33499, 36221, 4671, 35211, 106339, 30475]"
118106,"[94487, 6357, 23072, 39197, 103654, 37195, 80320, 91337, 16720, 80954]"
118107,"[45303, 38219, 6021, 86443, 17304, 108456, 40066, 72056, 56670, 101409]"
118108,"[52972, 98927, 25568, 64879, 55218, 108101, 9791, 69266, 19643, 85977]"
118109,"[7326, 53477, 3722, 77771, 85182, 10895, 53761, 74201, 55364, 108141]"
118110,"[51804, 2594, 99390, 105419, 105579, 31800, 2693, 72154, 21703, 64452]"
118111,"[83760, 65679, 53414, 3604, 99241, 51856, 41238, 43471, 5268, 3511]"
118112,"[3462, 98498, 109019, 1147, 103104, 104251, 4492, 81030, 23356, 65955]"
118113,"[27191, 5945, 6336, 102457, 96739, 15888, 36918, 23467, 1902, 5698]"
118114,"[74162, 96967, 42528, 48192, 63184, 42118, 50682, 66334, 106393, 35556]"
118115,"[6968, 92647, 25994, 56022, 62968, 53712, 70189, 61859, 88172, 37334]"
118116,"[42986, 13042, 53269, 16916, 84156, 5229, 55279, 45377, 75188, 32151]"
118117,"[94099, 35207, 85244, 10598, 55594, 63622, 42832, 18561, 58189, 88240]"
118118,"[25223, 26566, 64814, 10649, 26763, 83884, 29279, 12749, 41788, 102999]"
118119,"[97776, 98180, 89805, 93179, 47580, 9963, 17388, 1832, 64797, 84253]"
118120,"[61459, 44103, 12039, 10235, 108866, 98789, 59735, 105218, 47133, 8093]"
118121,"[11467, 66524, 28695, 87856, 19159, 91122, 39982, 50869, 79922, 42269]"
118122,"[99857, 96575, 74225, 101529, 80231, 37112, 41375, 92107, 28319, 18279]"
118123,"[20803, 22797, 54989, 44683, 97731, 631, 103274, 61236, 71148, 25082]"
118124,"[104474, 100448, 10644, 44895, 39590, 62071, 47575, 7361, 50099, 39062]"
118125,"[42245, 96613, 12692, 106374, 105605, 76330, 104399, 45389, 31424, 63599]"
118126,"[42392, 25067, 72773, 71389, 37471, 68974, 36995, 34514, 68853, 20838]"
118127,"[65638, 16558, 37315, 7235, 37526, 105914, 42008, 63185, 88047, 58466]"
118128,"[75062, 67219, 94499, 96245, 80805, 38412, 62894, 85927, 17241, 102653]"
118129,"[84610, 49615, 74563, 104837, 70623, 60326, 16240, 57755, 68073, 50667]"
118130,"[55012, 54243, 83091, 43562, 95298, 20690, 66577, 105017, 17690, 48376]"
118131,"[27889, 85815, 90576, 71923, 63179, 8066, 32341, 4296, 107808, 44316]"
118132,"[6771, 56719, 2489, 1568, 83530, 90843, 50402, 247, 29730, 16310]"
118133,"[73852, 43603, 107333, 60067, 85779, 22875, 70355, 69391, 36233, 82714]"
118134,"[68680, 44482, 58922, 88107, 34698, 52145, 102832, 67618, 79456, 77505]"
118135,"[10777, 39624, 57836, 26082, 26711, 32633, 63975, 47092, 78780, 41600]"
118136,"[44560, 101649, 90613, 27630, 21966, 29389, 35487, 85795, 33516, 98760]"
118137,"[21184, 16053, 10758, 101137, 72689, 106147, 107656, 11005, 46535, 28148]"
118138,"[78457, 96630, 25670, 30205, 84872, 63465, 2712, 251, 99372, 8414]"
118139,"[11689, 63005, 43432, 50739, 2666, 25870, 31858, 85772, 77228, 27173]"
118140,"[80293, 97366, 84437, 82285, 8505, 46111, 44399, 15813, 57157, 103668]"
118141,"[77416, 32488, 42294, 78845, 103482, 55507, 34131, 89949, 79532, 42779]"
118142,"[60890, 73331, 60012, 3633, 43172, 75294, 83935, 96077, 72504, 9446]"
118143,"[55091, 47168, 41457, 84588, 46136, 23141, 109447, 33493, 36608, 73691]"
118144,"[3343, 68908, 99864, 28095, 104037, 68745, 83312, 98045, 4728, 45854]"
118145,"[13388, 54834, 7017, 51290, 72956, 67637, 33304, 87843, 14844, 3493]"
118146,"[93146, 46501, 31907, 59742, 83793, 81364, 807, 11428, 26985, 89798]"
118147,"[63279, 20365, 11386, 20101, 41037, 54078, 562, 29724, 109036, 3754]"
118148,"[19368, 109650, 86046, 58909, 36145, 76185, 85465, 57366, 6131, 7899]"
118149,"[104290, 100986, 35928, 17328, 33096, 85888, 102678, 30157, 45506, 52202]"
118150,"[21551, 87308, 57494, 80259, 54786, 98719, 67519, 38616, 77923, 41990]"
118151,"[74012, 5280, 103725, 28134, 12504, 49381, 32678, 26639, 91174, 17096]"
118152,"[69851, 9013, 11038, 77640, 39298, 54503, 27235, 5039, 66532, 22827]"
118153,"[6996, 93489, 20299, 29248, 83157, 91671, 22706, 97056, 45904, 405]"
118154,"[68800, 24479, 88151, 88201, 22751, 855, 62435, 6613, 83663, 19841]"
118155,"[90640, 71207, 99476, 13941, 71803, 74620, 48064, 68192, 50315, 101375]"
118156,"[108085, 67529, 55195, 50767, 52532, 81809, 39275, 99996, 72622, 103626]"
118157,"[31085, 99852, 75048, 12686, 884, 8705, 43808, 33183, 20649, 15383]"
118158,"[81109, 3847, 31302, 6518, 27242, 108197, 102652, 31359, 101285, 53032]"
118159,"[38264, 42492, 70645, 26031, 9186, 63874, 49650, 50936, 106944, 90166]"
118160,"[42600, 90759, 25848, 51461, 57931, 72762, 12181, 74292, 82241, 50090]"
118161,"[11216, 45118, 73487, 104772, 89609, 92888, 109547, 38049, 66012, 89568]"
118162,"[48350, 61025, 88446, 79366, 58443, 4700, 75375, 106051, 7912, 90751]"
118163,"[52889, 87472, 78577, 49115, 19012, 20568, 79969, 43682, 218, 87382]"
118164,"[55515, 107494, 22237, 76943, 90518, 93801, 59441, 102035, 72523, 79783]"
118165,"[69564, 95610, 81633, 56210, 106102, 46784, 11748, 5972, 87417, 22724]"
118166,"[82063, 72391, 45077, 60287, 104808, 46373, 63112, 99715, 68008, 82458]"
118167,"[73508, 99896, 21155, 37855, 74313, 77191, 102421, 41578, 18032, 88793]"
118168,"[57046, 6331, 107874, 75209, 99438, 62147, 37199, 73588, 36557, 19310]"
118169,"[58661, 4385, 76100, 71280, 44611, 45033, 16956, 15391, 27789, 11890]"
118170,"[55210, 106936, 28786, 100007, 17506, 26723, 683, 70643, 103376, 28033]"
118171,"[19929, 64048, 39854, 23976, 64820, 108561, 15503, 47385, 68820, 92727]"
118172,"[85089, 90524, 105041, 43118, 82084, 14950, 85662, 42435, 96668, 106246]"
118173,"[49990, 99379, 47147, 82246, 66947, 98196, 41508, 27915, 58724, 93815]"
118174,"[96770, 46317, 71360, 103598, 81380, 60690, 15895, 73371, 106680, 22078]"
118175,"[857, 32955, 47919, 21203, 12873, 74277, 66323, 22742, 22919, 83395]"
118176,"[25776, 6869, 87810, 23795, 46938, 6407, 98094, 83374, 99787, 98464]"
118177,"[10529, 83284, 76047, 29889, 87796, 85342, 108972, 749, 46396, 56104]"
118178,"[2435, 2658, 51659, 79681, 88173, 72660, 50160, 44513, 21151, 71893]"
118179,"[68732, 83765, 67656, 86754, 13831, 39199, 13679, 49911, 22651, 87472]"
118180,"[72919, 106273, 74802, 96472, 49843, 87234, 43032, 51646, 84571, 48715]"
118181,"[87907, 20600, 28941, 68589, 15760, 26112, 77603, 100313, 6318, 48271]"
118182,"[1099, 15071, 69504, 18331, 104936, 70567, 91823, 97400, 98559, 11134]"
118183,"[80237, 102399, 67730, 79884, 6340, 57164, 71287, 4100, 43046, 5623]"
118184,"[30239, 67734, 106435, 59732, 17221, 44120, 75779, 80552, 82242, 75025]"
118185,"[88536, 13248, 64191, 52319, 16930, 38620, 19652, 80571, 17082, 30115]"
118186,"[66192, 47564, 92790, 99133, 57453, 19934, 89775, 72616, 63715, 86014]"
118187,"[28952, 41602, 34990, 61126, 85635, 82729, 80888, 38423, 75039, 96159]"
118188,"[37943, 77747, 6752, 14031, 64228, 71205, 28600, 15530, 99069, 72008]"
118189,"[79564, 58025, 105330, 94802, 12849, 106425, 108121, 22569, 73659, 47561]"
118190,"[18962, 1764, 9347, 64179, 49751, 19919, 36765, 76103, 31271, 32648]"
118191,"[37850, 103105, 8167, 43892, 48845, 104238, 52649, 57577, 49584, 57454]"
118192,"[15827, 3777, 38708, 10111, 16881, 107093, 49329, 76854, 90195, 98527]"
118193,"[24901, 69693, 10033, 82936, 22536, 16016, 82837, 57264, 82171, 45136]"
118194,"[83302, 76942, 27432, 95999, 24078, 71078, 29139, 76341, 88019, 40358]"
118195,"[38780, 84976, 47288, 58530, 109349, 94763, 70303, 83514, 34256, 68801]"
118196,"[30168, 106641, 60383, 13019, 16402, 59846, 58616, 33832, 101401, 14389]"
118197,"[74256, 73553, 11369, 20968, 89571, 87770, 80351, 24149, 92388, 32294]"
118198,"[27370, 90812, 78391, 78994, 75434, 83940, 107993, 37583, 34779, 27278]"
118199,"[38409, 55735, 51058, 95549, 99784, 39701, 20439, 76673, 72244, 48084]"
118200,"[108340, 61626, 46611, 81852, 97207, 6359, 64732, 67689, 86731, 75106]"
118201,"[54385, 17159, 25690, 33319, 6840, 51156, 91681, 103451, 16227, 84253]"
118202,"[52513, 17570, 95991, 13675, 51603, 48388, 45018, 61396, 98866, 89572]"
118203,"[89751, 76671, 63649, 20271, 95871, 18255, 25936, 81707, 83446, 57139]"
118204,"[11136, 53859, 86080, 40450, 8116, 60428, 591, 33364, 90149, 1554]"
118205,"[79059, 98520, 74410, 36428, 103244, 15698, 101792, 21273, 109217, 27787]"
118206,"[29155, 102855, 93482, 86702, 107087, 3384, 46308, 84501, 93528, 107587]"
118207,"[105239, 18074, 27779, 106162, 40818, 68035, 15039, 51407, 72340, 40427]"
118208,"[61471, 96959, 20244, 43103, 73175, 48540, 55810, 97108, 10243, 102747]"
118209,"[27065, 37957, 57052, 103678, 52598, 54536, 37006, 37286, 52548, 40182]"
118210,"[55336, 91339, 55440, 20843, 14213, 69846, 52992, 1313, 73903, 44765]"
118211,"[60379, 40831, 94006, 25275, 9071, 53609, 76326, 63775, 47963, 93505]"
118212,"[105478, 20557, 83965, 3374, 75256, 7336, 89978, 85111, 102121, 47669]"
118213,"[61964, 20128, 3626, 81846, 97061, 56152, 64684, 109636, 6980, 41265]"
118214,"[95559, 69943, 80979, 23720, 33814, 60350, 77828, 73875, 66191, 68573]"
118215,"[49402, 41996, 74029, 91857, 55266, 71347, 47586, 38876, 25673, 12600]"
118216,"[63700, 23215, 99487, 75704, 83840, 89391, 8052, 73958, 101132, 4228]"
118217,"[78964, 33589, 7840, 36492, 74080, 52162, 27190, 77879, 77992, 24619]"
118218,"[89646, 56827, 74555, 92630, 16373, 73821, 27351, 43544, 99621, 4582]"
118219,"[48937, 49415, 90055, 71380, 37081, 40614, 11652, 79285, 1899, 9728]"
118220,"[22371, 65699, 107861, 13820, 29467, 36468, 89105, 99271, 14722, 59226]"
118221,"[28081, 104885, 90398, 106981, 63232, 47685, 50062, 28320, 99753, 51838]"
118222,"[60375, 92300, 30546, 89596, 105716, 84025, 32544, 22613, 99966, 61430]"
118223,"[73487, 62651, 77629, 82129, 66012, 71930, 109276, 95816, 45118, 32172]"
118224,"[41774, 80177, 62445, 48583, 33729, 90772, 96413, 46302, 43854, 11317]"
118225,"[49016, 73409, 95419, 52727, 42471, 65176, 36590, 81644, 79679, 72624]"
118226,"[57208, 57891, 106087, 91675, 100062, 59279, 96590, 104983, 41475, 36371]"
118227,"[84985, 30656, 73024, 60423, 8206, 88100, 41870, 6809, 92030, 72709]"
118228,"[83192, 93997, 86794, 53089, 10759, 94400, 7295, 26701, 27568, 92498]"
118229,"[23613, 8416, 3978, 90964, 77200, 48584, 49331, 108725, 92246, 13786]"
118230,"[35190, 89621, 5170, 66298, 29289, 99212, 52138, 109336, 11748, 104868]"
118231,"[87584, 89592, 82845, 32119, 85159, 12807, 61869, 72579, 81628, 11612]"
118232,"[1514, 108333, 105290, 22122, 73162, 95959, 57620, 93574, 19504, 59144]"
118233,"[34148, 4398, 2220, 23621, 63166, 65680, 15186, 63590, 20319, 60408]"
118234,"[38304, 37923, 10517, 3708, 20501, 45512, 11858, 14120, 77195, 89684]"
118235,"[81658, 100361, 93433, 67979, 27020, 10637, 46174, 97269, 20553, 52927]"
118236,"[9981, 45923, 20853, 2676, 49600, 72717, 91879, 57376, 72952, 87771]"
118237,"[6454, 32210, 92436, 78981, 30865, 94748, 28575, 25014, 58465, 80472]"
118238,"[28785, 24079, 50354, 17330, 11332, 53523, 34165, 72559, 24220, 12888]"
118239,"[109618, 19472, 34850, 24023, 5024, 99313, 69057, 6725, 63687, 67822]"
118240,"[82727, 58457, 84213, 23316, 15668, 70191, 104489, 25320, 35229, 14511]"
118241,"[53592, 45839, 45225, 38609, 59219, 83798, 69575, 20892, 56837, 63721]"
118242,"[27964, 32074, 82427, 68843, 11781, 29854, 82114, 14098, 305, 22206]"
118243,"[54884, 33387, 103202, 103745, 37401, 53902, 101726, 21463, 91297, 36348]"
118244,"[61122, 75534, 52406, 78810, 12932, 94474, 30637, 87094, 91081, 68945]"
118245,"[58482, 71581, 91967, 78445, 77197, 11429, 10540, 57095, 31925, 28041]"
118246,"[26485, 52328, 11062, 55055, 1590, 47741, 13459, 24493, 92578, 32105]"
118247,"[20558, 104162, 52695, 34902, 51241, 80372, 56662, 107699, 86782, 9961]"
118248,"[67899, 37486, 66291, 107107, 7307, 89682, 61673, 46901, 75061, 68715]"
118249,"[35422, 88169, 88422, 94318, 101317, 23216, 19108, 93966, 79994, 72605]"
118250,"[37607, 23661, 77298, 88989, 49270, 12297, 11460, 6618, 91556, 99150]"
118251,"[67792, 90511, 104734, 69198, 24784, 98304, 27862, 86774, 62786, 103341]"
118252,"[67077, 58521, 30500, 6612, 60248, 64281, 72971, 89043, 59670, 109109]"
118253,"[40958, 96656, 91264, 95483, 72780, 72511, 15285, 8552, 74069, 105352]"
118254,"[20643, 14592, 81860, 102330, 32490, 92117, 54800, 108156, 52882, 34377]"
118255,"[51416, 101798, 10435, 35736, 56704, 98791, 71673, 68376, 66481, 46146]"
118256,"[3584, 29457, 75934, 36967, 48852, 105958, 73071, 77290, 75774, 67615]"
118257,"[49000, 6003, 40036, 23616, 30432, 66035, 36338, 79492, 105730, 55365]"
118258,"[106985, 23893, 17899, 14012, 72731, 50985, 11700, 55681, 20732, 70625]"
118259,"[101155, 59184, 104718, 2062, 42203, 37511, 87366, 90011, 25204, 12799]"
118260,"[68827, 30149, 87830, 32388, 108841, 46663, 1040, 32521, 76966, 78497]"
118261,"[59759, 53150, 57156, 91189, 93828, 92913, 29480, 27672, 26818, 107767]"
118262,"[24344, 46163, 108245, 83540, 25530, 31127, 36602, 34712, 109322, 60785]"
118263,"[84046, 1487, 98159, 72466, 3976, 71081, 27032, 43583, 79065, 53795]"
118264,"[6535, 24959, 107665, 49860, 79853, 62081, 61906, 88084, 48457, 5956]"
118265,"[50962, 60122, 41483, 27859, 109470, 5895, 38563, 96313, 103882, 12631]"
118266,"[34515, 50991, 20272, 49867, 99865, 88055, 46854, 89394, 95564, 4673]"
118267,"[45976, 69532, 13497, 60573, 66217, 71580, 68517, 28247, 73687, 24716]"
118268,"[31490, 64881, 90777, 54050, 108195, 56229, 6566, 92643, 30663, 3480]"
118269,"[54832, 50848, 29102, 17744, 68528, 6861, 82660, 29217, 44438, 62733]"
118270,"[35702, 30664, 8654, 58400, 42899, 87562, 36486, 5864, 4879, 96149]"
118271,"[81451, 48616, 97752, 13010, 67693, 34900, 95424, 102541, 49347, 17510]"
118272,"[87639, 57890, 13758, 53639, 74947, 41683, 36047, 80325, 79353, 70019]"
118273,"[32808, 28992, 31268, 90087, 37345, 30228, 57558, 109502, 86392, 102306]"
118274,"[12469, 88711, 24680, 24156, 52963, 12497, 36591, 65339, 23823, 104332]"
118275,"[4970, 26243, 99217, 85349, 15893, 3130, 4390, 33670, 4209, 14489]"
118276,"[85375, 71978, 53842, 75876, 14786, 98061, 46919, 48339, 70229, 94321]"
118277,"[8559, 51836, 32947, 71721, 89121, 98101, 32924, 4616, 66552, 10438]"
118278,"[16891, 81920, 16354, 58366, 92160, 59481, 62220, 82060, 15156, 26629]"
118279,"[59063, 7919, 24574, 82061, 52060, 61743, 13674, 56701, 9966, 22489]"
118280,"[78412, 20944, 3441, 36220, 106933, 69076, 108068, 7145, 58735, 105784]"
118281,"[46532, 77440, 19862, 34163, 60710, 14545, 54331, 68272, 104830, 10895]"
118282,"[11387, 34394, 44579, 87384, 52101, 87885, 30237, 94900, 60183, 85852]"
118283,"[100361, 93433, 67979, 95943, 24288, 81400, 52927, 84633, 60264, 81658]"
118284,"[48376, 95298, 83091, 33772, 55852, 45848, 55012, 24414, 11004, 54243]"
118285,"[14657, 16006, 88325, 53150, 6477, 16901, 7994, 54986, 12856, 21748]"
118286,"[5851, 81639, 88686, 56984, 58342, 59479, 13875, 101099, 11917, 47581]"
118287,"[94773, 81323, 41493, 31436, 37056, 66606, 38763, 48348, 2031, 24885]"
118288,"[15841, 101195, 72255, 40769, 77410, 67935, 2369, 85029, 69543, 70486]"
118289,"[54461, 55463, 103536, 26188, 100499, 17919, 64348, 81093, 76344, 93654]"
118290,"[66687, 93492, 35272, 100986, 92885, 73008, 104290, 83961, 107505, 76053]"
118291,"[84873, 80008, 60340, 29510, 96364, 69444, 26039, 46140, 105449, 31972]"
118292,"[74859, 73243, 28798, 24777, 40521, 103575, 81869, 25322, 17054, 38779]"
118293,"[104359, 15772, 46110, 95821, 64163, 98221, 36790, 65500, 52560, 66803]"
118294,"[83959, 59091, 55466, 62334, 98646, 90847, 87106, 21767, 23945, 24721]"
118295,"[4190, 47237, 98267, 10519, 19238, 23986, 1622, 33026, 21181, 102843]"
118296,"[90560, 24071, 4931, 85975, 43699, 79945, 16888, 27647, 59012, 14664]"
118297,"[109553, 108707, 79958, 80300, 12378, 67732, 66050, 67321, 82944, 52404]"
118298,"[38443, 78689, 38867, 8297, 82123, 25667, 89676, 90930, 82487, 37151]"
118299,"[87413, 87520, 57303, 75059, 55694, 63813, 63158, 79872, 12077, 84084]"
118300,"[108872, 46280, 41545, 57950, 95135, 93749, 21632, 55152, 24748, 66450]"
118301,"[26631, 108407, 26901, 79380, 104980, 5884, 15451, 90397, 99553, 50064]"
118302,"[26212, 48707, 6784, 107917, 83123, 23839, 19564, 96735, 77553, 28209]"
118303,"[81885, 84492, 96452, 1869, 88226, 46735, 88033, 70807, 58666, 50923]"
118304,"[103007, 43288, 93766, 25179, 78439, 26809, 54457, 106198, 83683, 12225]"
118305,"[24210, 25741, 37879, 34327, 50089, 335, 744, 37976, 33740, 98981]"
118306,"[104724, 6177, 87228, 74512, 87557, 73648, 60943, 56729, 26009, 59140]"
118307,"[36023, 108878, 48928, 61825, 85797, 35496, 86127, 96142, 4672, 36911]"
118308,"[30081, 101836, 98354, 55196, 57386, 17645, 108369, 1702, 69996, 42063]"
118309,"[27691, 27304, 77061, 87170, 56233, 34588, 89988, 18059, 9932, 102603]"
118310,"[2471, 8330, 92476, 8703, 37698, 29821, 87164, 24091, 85397, 48304]"
118311,"[107350, 56634, 95138, 88427, 34102, 11650, 32161, 44108, 30131, 48250]"
118312,"[9257, 72539, 11616, 4149, 100686, 47058, 20298, 1161, 49919, 87383]"
118313,"[94766, 9318, 40304, 98933, 35984, 75099, 72780, 54677, 12936, 43442]"
118314,"[99706, 84407, 37255, 77999, 41563, 62084, 25970, 18381, 39852, 87714]"
118315,"[104389, 13707, 97541, 95866, 87945, 40567, 40919, 50377, 107140, 21921]"
118316,"[1741, 34838, 47712, 15593, 56563, 62525, 17953, 58503, 89315, 12241]"
118317,"[10904, 104681, 5552, 99546, 27328, 76919, 106233, 88894, 25957, 53492]"
118318,"[76870, 4639, 13155, 56650, 49969, 101354, 38276, 70718, 63430, 29521]"
118319,"[101492, 80983, 86024, 5157, 68793, 19394, 81750, 97960, 45831, 16129]"
118320,"[102222, 102523, 92739, 94482, 12281, 74103, 92735, 54037, 6341, 60399]"
118321,"[1860, 8083, 100803, 14849, 20727, 13005, 6663, 105503, 61833, 31129]"
118322,"[86620, 80629, 40616, 162, 62862, 31618, 16328, 39602, 49644, 79041]"
118323,"[57624, 93493, 41359, 91747, 108411, 62919, 70318, 40069, 56121, 94134]"
118324,"[106225, 87121, 102059, 100683, 24281, 102701, 97438, 51023, 89379, 40689]"
118325,"[85540, 32572, 73130, 19305, 97076, 47267, 42592, 34751, 25188, 10513]"
118326,"[45224, 11992, 56566, 11739, 23234, 34682, 51210, 107757, 75792, 101951]"
118327,"[74126, 14507, 29774, 15429, 3443, 31641, 17406, 3340, 65503, 70835]"
118328,"[85592, 54649, 30581, 44900, 57380, 28621, 107208, 72950, 49484, 57403]"
118329,"[56208, 95776, 45997, 97200, 13889, 40634, 51217, 47908, 21785, 36337]"
118330,"[99117, 75597, 50521, 80682, 92681, 46041, 61986, 14441, 46209, 57286]"
118331,"[40650, 59278, 24206, 15822, 11974, 96389, 37666, 29183, 65603, 18410]"
118332,"[16065, 91851, 100571, 27411, 61361, 95838, 65833, 55882, 96365, 47442]"
118333,"[39275, 18769, 78359, 33934, 52532, 27738, 43065, 24206, 63119, 62122]"
118334,"[34372, 68555, 78793, 7304, 60256, 4337, 10320, 9805, 102346, 83998]"
118335,"[14489, 89217, 8644, 81333, 81539, 17290, 35538, 40715, 74559, 30298]"
118336,"[65240, 41201, 102286, 102065, 35638, 96572, 64885, 109036, 97122, 19522]"
118337,"[38469, 92309, 99317, 80006, 105365, 4884, 33273, 78797, 70968, 25613]"
118338,"[46773, 43590, 68529, 27084, 105257, 19600, 46389, 101056, 107778, 55948]"
118339,"[17426, 8427, 11753, 27603, 109105, 55932, 36543, 37872, 82913, 34770]"
118340,"[81764, 90298, 10825, 46705, 69500, 102502, 33219, 93120, 80476, 37670]"
118341,"[23824, 59317, 88591, 69854, 63094, 99445, 23443, 21861, 24570, 2133]"
118342,"[47780, 37227, 50314, 30565, 68634, 91467, 29585, 31506, 10811, 23683]"
118343,"[10763, 16765, 50677, 47463, 45956, 22859, 100470, 52687, 63529, 87189]"
118344,"[104459, 56360, 22354, 31148, 27745, 71199, 83909, 62874, 1742, 62616]"
118345,"[98674, 32733, 101580, 18276, 49593, 35961, 4369, 63431, 15502, 44504]"
118346,"[52928, 89269, 87254, 34151, 28875, 94972, 72757, 24643, 3727, 72058]"
118347,"[88702, 75004, 45385, 53323, 9542, 24676, 84007, 14320, 17117, 93445]"
118348,"[59820, 52969, 32905, 22758, 109328, 47457, 40997, 36511, 36623, 27561]"
118349,"[25999, 48496, 58654, 76279, 31097, 59094, 25272, 28237, 8845, 8921]"
118350,"[101868, 460, 23376, 19298, 93017, 59180, 32689, 13929, 106038, 10209]"
118351,"[53064, 72691, 98803, 20900, 23835, 45095, 22185, 33097, 25131, 48319]"
118352,"[96014, 21788, 20621, 68078, 43195, 49966, 99524, 106097, 34320, 9956]"
118353,"[100493, 615, 23608, 38806, 53028, 11153, 53569, 32288, 106086, 64118]"
118354,"[90739, 45239, 96439, 27968, 54036, 21857, 40064, 9128, 54192, 29271]"
118355,"[83087, 33775, 91263, 23782, 79460, 67474, 65542, 52470, 61515, 31953]"
118356,"[55392, 29051, 67609, 69118, 71868, 47723, 30035, 97284, 37868, 68309]"
118357,"[102229, 52977, 83870, 97001, 44554, 70206, 8443, 47149, 38375, 4718]"
118358,"[82917, 97419, 35067, 13030, 91989, 51449, 26899, 4583, 55656, 87684]"
118359,"[51334, 60208, 56430, 14363, 82703, 17412, 62860, 42089, 30764, 79868]"
118360,"[104171, 8810, 64219, 19953, 9755, 59912, 104274, 55476, 61295, 22170]"
118361,"[15190, 30005, 57598, 90152, 21300, 6745, 92861, 102031, 45853, 33736]"
118362,"[73174, 34234, 66313, 32539, 73092, 57060, 6155, 37094, 86950, 77516]"
118363,"[317, 9659, 68477, 68297, 81880, 27790, 63270, 59459, 59950, 65846]"
118364,"[57750, 3009, 46858, 57030, 16255, 10953, 89159, 32218, 34120, 22373]"
118365,"[27785, 19360, 59241, 87332, 19552, 34165, 16219, 30454, 104695, 62290]"
118366,"[93192, 21025, 44843, 10117, 81714, 104527, 19457, 96819, 19787, 26795]"
118367,"[75901, 39336, 47475, 9893, 71114, 109726, 62828, 5874, 65637, 53765]"
118368,"[72527, 58542, 78483, 90648, 80161, 88022, 62724, 52135, 22029, 45393]"
118369,"[75128, 85727, 70119, 61409, 74919, 95688, 85710, 32704, 34060, 60733]"
118370,"[77978, 74661, 16339, 63412, 96842, 35979, 60023, 104296, 67491, 58143]"
118371,"[39215, 37797, 26195, 72779, 102671, 87588, 45687, 76811, 65168, 4635]"
118372,"[60756, 80637, 14483, 55252, 21509, 58949, 90215, 28855, 29417, 55878]"
118373,"[85282, 26738, 19838, 964, 11320, 67555, 40316, 43693, 71716, 9117]"
118374,"[19138, 1819, 26797, 75244, 56635, 17176, 19280, 32830, 43087, 109605]"
118375,"[20778, 51675, 42706, 94094, 89264, 59147, 82664, 107647, 38331, 82187]"
118376,"[103187, 90062, 23288, 24448, 90344, 15951, 9026, 64131, 89440, 92916]"
118377,"[871, 91840, 1626, 38759, 89444, 85657, 48481, 78553, 41557, 93952]"
118378,"[30474, 24623, 73771, 9145, 18166, 87090, 49591, 39866, 105457, 20772]"
118379,"[85828, 20134, 20705, 80377, 23719, 75830, 27991, 82072, 56081, 102835]"
118380,"[21734, 20059, 90439, 102991, 100504, 42232, 105738, 38755, 17936, 70847]"
118381,"[94568, 14438, 72522, 18321, 29394, 94921, 32333, 83992, 5535, 58162]"
118382,"[100035, 19909, 34445, 50911, 18611, 100353, 54944, 80737, 107307, 104337]"
118383,"[97880, 70092, 52203, 46918, 48851, 98916, 20025, 92126, 2995, 82967]"
118384,"[88652, 18340, 80619, 2456, 62221, 28630, 96089, 64528, 41528, 63218]"
118385,"[2714, 66947, 29651, 68627, 50611, 65029, 10240, 63204, 28723, 49842]"
118386,"[34432, 37103, 28288, 104809, 27087, 70717, 50105, 24205, 97657, 57917]"
118387,"[85486, 102648, 13552, 90569, 77937, 80605, 109008, 101662, 107289, 52398]"
118388,"[102536, 94409, 102551, 10055, 107257, 57833, 81214, 1076, 40791, 11892]"
118389,"[26585, 78386, 25475, 67019, 76661, 42993, 33443, 45874, 48642, 79067]"
118390,"[10483, 38738, 35534, 43498, 81947, 105729, 99500, 49092, 7118, 674]"
118391,"[11041, 2490, 99791, 1767, 8475, 17062, 21906, 62676, 48297, 94131]"
118392,"[23924, 92680, 7136, 28624, 12704, 66151, 48478, 12982, 9658, 67715]"
118393,"[15708, 13439, 40254, 32550, 44900, 80120, 95523, 38893, 7826, 97163]"
118394,"[35327, 78844, 19616, 86630, 12151, 57655, 48322, 76991, 108273, 80353]"
118395,"[42561, 47771, 61944, 9163, 55854, 107577, 100286, 8732, 43962, 28363]"
118396,"[41585, 81058, 2416, 39111, 101134, 61652, 95663, 59624, 52330, 101018]"
118397,"[88651, 89616, 13105, 35002, 83224, 87741, 18406, 72693, 104970, 9609]"
118398,"[96851, 18444, 70922, 26307, 35576, 27113, 95215, 33000, 68416, 106694]"
118399,"[69909, 24226, 23162, 43425, 13832, 25468, 53816, 29783, 73237, 62997]"
118400,"[21007, 65720, 41605, 21068, 71958, 70246, 22509, 95398, 95328, 76545]"
118401,"[100974, 29573, 35492, 90457, 75103, 92174, 26223, 88869, 63849, 69375]"
118402,"[17008, 7885, 65099, 11392, 12852, 26202, 36700, 75338, 51610, 51992]"
118403,"[68463, 56864, 43975, 8940, 90205, 88766, 45258, 105404, 51949, 65160]"
118404,"[30063, 104371, 19217, 15139, 79325, 58054, 55767, 85096, 62964, 55449]"
118405,"[83228, 18796, 69008, 63785, 91327, 10739, 16065, 30345, 94801, 46602]"
118406,"[47903, 27420, 63607, 76724, 94813, 88376, 24681, 37150, 21017, 47238]"
118407,"[68659, 103753, 85148, 102647, 22411, 46479, 17701, 35008, 28953, 105236]"
118408,"[25612, 35295, 57207, 72668, 41352, 105891, 41256, 20361, 73913, 37041]"
118409,"[28502, 16269, 60653, 12330, 27065, 34948, 16614, 73128, 39441, 18254]"
118410,"[74414, 102794, 3006, 13106, 91047, 107892, 48491, 13293, 78358, 66390]"
118411,"[392, 100262, 45053, 98811, 19852, 80724, 101517, 75403, 101506, 24199]"
118412,"[31838, 16341, 50386, 98613, 98611, 108304, 21836, 109252, 27054, 100412]"
118413,"[46842, 6523, 80847, 26910, 84059, 28163, 97507, 32578, 37931, 69011]"
118414,"[65058, 98843, 26866, 5173, 39001, 93331, 51376, 9429, 66134, 84740]"
118415,"[101116, 40384, 35788, 53195, 91724, 103230, 101906, 7565, 42965, 59183]"
118416,"[80587, 40819, 95981, 24984, 60796, 2812, 34301, 8192, 77552, 3477]"
118417,"[3455, 16191, 75679, 68524, 63006, 55910, 22711, 22981, 5713, 29372]"
118418,"[2380, 49176, 19855, 49289, 62635, 11252, 48475, 44694, 45585, 101360]"
118419,"[811, 26792, 66608, 76364, 50392, 87826, 109306, 45261, 3293, 70666]"
118420,"[6628, 82714, 3596, 69391, 36233, 85779, 104114, 43603, 37415, 73852]"
118421,"[23857, 40296, 108715, 76259, 78287, 39562, 25234, 38912, 27179, 81881]"
118422,"[105448, 13795, 8630, 10223, 38458, 63289, 85382, 77208, 62294, 106515]"
118423,"[904, 73246, 54323, 70351, 72080, 25416, 8865, 23083, 47322, 77942]"
118424,"[34749, 2212, 49949, 15748, 83690, 70155, 68211, 49734, 38290, 11873]"
118425,"[79872, 21419, 39044, 33978, 87078, 57303, 84626, 38995, 78210, 92897]"
118426,"[8543, 36895, 5920, 60576, 38244, 48666, 102668, 18598, 31876, 11579]"
118427,"[84788, 92465, 60712, 6182, 54232, 17170, 97364, 104985, 51055, 80632]"
118428,"[82266, 32070, 62444, 105207, 71725, 64013, 68979, 30342, 88656, 38141]"
118429,"[71804, 95182, 7571, 96565, 84227, 90926, 71149, 13876, 10967, 13997]"
118430,"[47065, 48005, 12411, 42319, 43694, 57401, 40127, 20981, 41494, 934]"
118431,"[34685, 28944, 13652, 35073, 39551, 94060, 86167, 98915, 26493, 91648]"
118432,"[38478, 70840, 102601, 63949, 109056, 11839, 44971, 4360, 66050, 56738]"
118433,"[88231, 21991, 107097, 52733, 25973, 12945, 11664, 54189, 78390, 81297]"
118434,"[17689, 68479, 63919, 51013, 26294, 76255, 47880, 22900, 4230, 89309]"
118435,"[94434, 51811, 25984, 63303, 98585, 57569, 91477, 90760, 36598, 34447]"
118436,"[69413, 79579, 4090, 95697, 83588, 85620, 69887, 36044, 34182, 692]"
118437,"[73692, 46485, 107453, 10214, 10510, 76531, 21111, 93371, 43357, 24768]"
118438,"[73802, 41901, 45731, 22116, 85514, 62467, 14399, 82107, 87978, 102563]"
118439,"[23486, 44599, 68144, 3842, 76130, 83258, 107832, 101040, 109340, 37443]"
118440,"[36641, 29172, 40654, 68868, 91396, 69935, 42713, 82534, 26383, 48430]"
118441,"[14038, 98246, 11016, 106382, 92574, 21185, 29814, 22242, 7466, 77925]"
118442,"[97206, 102655, 30216, 76633, 103866, 100910, 17192, 65284, 39181, 90883]"
118443,"[62670, 41658, 26032, 11960, 40119, 7988, 25001, 94469, 80143, 57077]"
118444,"[66856, 14251, 25265, 48286, 90095, 48406, 2393, 79206, 100559, 53446]"
118445,"[19709, 72750, 53438, 60151, 8692, 75667, 62958, 85149, 50939, 15953]"
118446,"[58242, 40730, 7172, 49265, 76217, 771, 69062, 85066, 23775, 24380]"
118447,"[65839, 85187, 16844, 41476, 21059, 80523, 44448, 85636, 80896, 73757]"
118448,"[77577, 68376, 50113, 4414, 106111, 64791, 6370, 72992, 52074, 83581]"
118449,"[106110, 70151, 2840, 80495, 62815, 107091, 43837, 90288, 96582, 63282]"
118450,"[21689, 7997, 35945, 79187, 82939, 66155, 42575, 68877, 26072, 96417]"
118451,"[94182, 106727, 12898, 57224, 79980, 105569, 24775, 18393, 26544, 63718]"
118452,"[19037, 42355, 52886, 67354, 105227, 29015, 84596, 57937, 80696, 51909]"
118453,"[31554, 43909, 29118, 66618, 17640, 2833, 94078, 20313, 83848, 65600]"
118454,"[54189, 63636, 11664, 18437, 46106, 50388, 12945, 81264, 15863, 82732]"
118455,"[9925, 85959, 94372, 1639, 79003, 75764, 45258, 75441, 78527, 78196]"
118456,"[103619, 68547, 72306, 8772, 75386, 19765, 82896, 23318, 6942, 5319]"
118457,"[100855, 37978, 54716, 22329, 17764, 2270, 81172, 29666, 82861, 100646]"
118458,"[56557, 76002, 26266, 66412, 6333, 97655, 3759, 104869, 109336, 37256]"
118459,"[31296, 69368, 18543, 17938, 97522, 58872, 10074, 88477, 10769, 6366]"
118460,"[69984, 22058, 47326, 15000, 36723, 38613, 30852, 4821, 68060, 72347]"
118461,"[52509, 105298, 25454, 99897, 89811, 36880, 78928, 29011, 4946, 66557]"
118462,"[50142, 61011, 47755, 8727, 80011, 60990, 21984, 68622, 40428, 78036]"
118463,"[58974, 78976, 106122, 11983, 15361, 39745, 20751, 52641, 94124, 64676]"
118464,"[29196, 109471, 50412, 21763, 17982, 72101, 24595, 80115, 57057, 49241]"
118465,"[93491, 1512, 4463, 63082, 58153, 46117, 67009, 92594, 42024, 64960]"
118466,"[94083, 43141, 34227, 38008, 33167, 72849, 51219, 104562, 6444, 87530]"
118467,"[55027, 74789, 10439, 39420, 61953, 17019, 10034, 30719, 27757, 70485]"
118468,"[78259, 100426, 22273, 97340, 43782, 23401, 94613, 17021, 102777, 32727]"
118469,"[75655, 83147, 16395, 29390, 95767, 86328, 102504, 73476, 76606, 39689]"
118470,"[109765, 27063, 91833, 74388, 10344, 52453, 37159, 46721, 46901, 28909]"
118471,"[66680, 81095, 53233, 84121, 12557, 49961, 70988, 1166, 61365, 37511]"
118472,"[96955, 53879, 59732, 39204, 104796, 55923, 60859, 3686, 41078, 8586]"
118473,"[38156, 8229, 71413, 13052, 83095, 107833, 11552, 24367, 106664, 56214]"
118474,"[41628, 4192, 82131, 29506, 14893, 82942, 920, 11781, 51759, 65675]"
118475,"[47864, 62105, 101265, 72390, 33790, 34084, 10552, 34238, 24588, 39081]"
118476,"[93664, 35246, 33485, 56085, 40814, 103111, 56017, 69422, 73223, 99102]"
118477,"[72757, 12545, 53927, 59903, 92282, 56769, 100380, 99583, 15209, 25651]"
118478,"[31425, 6396, 42420, 107537, 18548, 45220, 76861, 109422, 102227, 48741]"
118479,"[98020, 108129, 11642, 73032, 63471, 103254, 60233, 33842, 72340, 94517]"
118480,"[15055, 107814, 30718, 52811, 16477, 102314, 75700, 56248, 103833, 29569]"
118481,"[19418, 10026, 81569, 38482, 77659, 102129, 99672, 46072, 1961, 65504]"
118482,"[49631, 25831, 11773, 54745, 86843, 77189, 15904, 104133, 89637, 21045]"
118483,"[74727, 5837, 83143, 33912, 38928, 57025, 29865, 68175, 80276, 9540]"
118484,"[92510, 1229, 86472, 95759, 59842, 102179, 104360, 30583, 70569, 88568]"
118485,"[99890, 20145, 54916, 67743, 62305, 73549, 46348, 102381, 1588, 4323]"
118486,"[24349, 37617, 88170, 60742, 53503, 10106, 59647, 41545, 17063, 58724]"
118487,"[83884, 26566, 20781, 108763, 26763, 10649, 64814, 25223, 41788, 12749]"
118488,"[85878, 9197, 42750, 31712, 63692, 14748, 7518, 15309, 72398, 107598]"
118489,"[89029, 58904, 35034, 107575, 51888, 51824, 100604, 38565, 31955, 34374]"
118490,"[33075, 91142, 20623, 63251, 24670, 4945, 3110, 21866, 63631, 60158]"
118491,"[64121, 99600, 107664, 91301, 63372, 56046, 98827, 8752, 95108, 12065]"
118492,"[48225, 26029, 89487, 12101, 56376, 79364, 91345, 45200, 57088, 5529]"
118493,"[67368, 24318, 107790, 81958, 48639, 7102, 39243, 12112, 11354, 104965]"
118494,"[47988, 104979, 5488, 28481, 9430, 18212, 92548, 49657, 106469, 7497]"
118495,"[101985, 77039, 33172, 67509, 61488, 26694, 19258, 76703, 51763, 3118]"
118496,"[2757, 108590, 20531, 79505, 28223, 1285, 67067, 91609, 55165, 19982]"
118497,"[27109, 44085, 46884, 25639, 57518, 65951, 6091, 41019, 19473, 91831]"
118498,"[59344, 3419, 68693, 64953, 14363, 56647, 105132, 36505, 68498, 52857]"
118499,"[74658, 50655, 6706, 7504, 61814, 98722, 41836, 55176, 26758, 84941]"
118500,"[52589, 82465, 56049, 19601, 23436, 41162, 100185, 39402, 57419, 104637]"
118501,"[18926, 95383, 45744, 1377, 79029, 73375, 67640, 23659, 48193, 18849]"
118502,"[97491, 22392, 87264, 9831, 86310, 37258, 30685, 64506, 72428, 39209]"
118503,"[20120, 34103, 100518, 84845, 27990, 98953, 101031, 46584, 41779, 80684]"
118504,"[57028, 15576, 39856, 74593, 33010, 7072, 9846, 942, 99456, 16154]"
118505,"[95586, 3853, 101276, 82923, 107864, 63582, 31537, 54921, 62229, 11907]"
118506,"[15296, 92077, 44054, 99220, 79675, 43862, 87838, 10729, 70028, 73499]"
118507,"[27888, 103603, 106705, 86569, 59984, 76990, 20298, 89930, 87669, 82054]"
118508,"[16181, 106265, 9560, 109669, 32562, 16801, 80946, 35485, 16771, 104178]"
118509,"[62170, 42996, 62046, 60134, 87048, 988, 51580, 105071, 8754, 18584]"
118510,"[83338, 659, 84638, 72044, 40167, 63445, 38950, 49369, 7551, 30989]"
118511,"[49145, 89096, 45847, 103822, 58880, 71733, 99491, 15863, 97345, 53076]"
118512,"[56262, 102030, 50487, 98691, 100656, 30916, 10731, 40449, 49754, 107446]"
118513,"[55499, 78183, 24382, 2371, 47602, 81961, 73797, 29666, 22411, 55910]"
118514,"[106663, 87571, 13191, 13882, 54559, 50531, 19698, 27979, 84794, 8454]"
118515,"[73995, 96, 61879, 21251, 101909, 75930, 40741, 43653, 17191, 71539]"
118516,"[94260, 57490, 72988, 36510, 63577, 44704, 43401, 65225, 45770, 103536]"
118517,"[5474, 84157, 103314, 105730, 36723, 38613, 15000, 23616, 12790, 57496]"
118518,"[90430, 9529, 78482, 59800, 6134, 77721, 73887, 88143, 108967, 68457]"
118519,"[18306, 26335, 10154, 21761, 73153, 54501, 50064, 94689, 18369, 103283]"
118520,"[31503, 2937, 59209, 61325, 75160, 75337, 58874, 42327, 56381, 109077]"
118521,"[101486, 47487, 66768, 23649, 76342, 85457, 19717, 69372, 62820, 12056]"
118522,"[29169, 55868, 51571, 44879, 81657, 4324, 50895, 101795, 38645, 67620]"
118523,"[61500, 50134, 5251, 67098, 38371, 64590, 77614, 75065, 102802, 94040]"
118524,"[79917, 10387, 35324, 61188, 91537, 40762, 89382, 76651, 78267, 97072]"
118525,"[71426, 29528, 14435, 46393, 5468, 18772, 72622, 42030, 10960, 81609]"
118526,"[90307, 43991, 51807, 80245, 41883, 108251, 104456, 108686, 76446, 54318]"
118527,"[60517, 14325, 82853, 89233, 8925, 44474, 85612, 100611, 38263, 81449]"
118528,"[12578, 60860, 34647, 29245, 13890, 12576, 40727, 11403, 20057, 99664]"
118529,"[17865, 9101, 68968, 93079, 13876, 82878, 44439, 64425, 94115, 17815]"
118530,"[96953, 47408, 80389, 26682, 60055, 90728, 94051, 89078, 45804, 70839]"
118531,"[5144, 20056, 18895, 82541, 63043, 26000, 96520, 52922, 90602, 100411]"
118532,"[58628, 13658, 80492, 18368, 35590, 43050, 68040, 108191, 65298, 93222]"
118533,"[456, 10751, 70622, 3255, 76762, 101598, 81546, 80280, 18901, 100252]"
118534,"[85368, 58168, 64246, 16943, 32587, 14632, 100544, 79402, 85995, 70088]"
118535,"[21162, 70040, 107161, 36206, 97219, 23974, 94866, 31919, 42159, 59698]"
118536,"[32234, 23410, 38373, 60615, 36504, 36175, 13069, 27208, 56938, 46664]"
118537,"[107150, 54170, 33098, 86759, 35670, 9767, 75851, 81084, 87851, 30439]"
118538,"[108294, 102636, 71380, 49415, 1899, 79285, 29667, 39872, 4028, 40614]"
118539,"[74520, 34802, 30783, 79264, 7271, 39064, 87745, 101508, 52004, 54663]"
118540,"[29034, 72319, 28860, 102111, 80776, 57639, 51632, 7756, 9155, 68422]"
118541,"[91645, 60781, 72903, 99760, 17805, 80805, 96245, 20592, 60575, 66964]"
118542,"[47012, 67926, 82198, 107748, 72403, 59307, 45129, 43600, 60963, 771]"
118543,"[79985, 71328, 30929, 33866, 12842, 103448, 24475, 52760, 17359, 77756]"
118544,"[85144, 3276, 79434, 62372, 97529, 1077, 102483, 93300, 103488, 30865]"
118545,"[82806, 23696, 55072, 89862, 80700, 100184, 35265, 11609, 86577, 79231]"
118546,"[79343, 67127, 89625, 78211, 98148, 3691, 77544, 63730, 19519, 99441]"
118547,"[21622, 60617, 33474, 90176, 98402, 87805, 66348, 100749, 84662, 11253]"
118548,"[88090, 106622, 88252, 25174, 60800, 4064, 58408, 30633, 70438, 27138]"
118549,"[87447, 6113, 75277, 15005, 105416, 96008, 16695, 16730, 89567, 37714]"
118550,"[23198, 105426, 107123, 96294, 24495, 71075, 93715, 4422, 7710, 53923]"
118551,"[97497, 96174, 1735, 64789, 52863, 86145, 105712, 20172, 56883, 28088]"
118552,"[97175, 36049, 95125, 56959, 10842, 51355, 83170, 28251, 60942, 5158]"
118553,"[4600, 58598, 98779, 89291, 53882, 25680, 53450, 88703, 100574, 17220]"
118554,"[85407, 64864, 22202, 107550, 44235, 9388, 102617, 33041, 18169, 103524]"
118555,"[16621, 21666, 96446, 60124, 36999, 4557, 45242, 65356, 72541, 21489]"
118556,"[7543, 58117, 52475, 2943, 36658, 9986, 87351, 107567, 66154, 5634]"
118557,"[4256, 107652, 24441, 57761, 43144, 98240, 66126, 50785, 51526, 57249]"
118558,"[98269, 91457, 108970, 83326, 95201, 98857, 93003, 25796, 94213, 70357]"
118559,"[82654, 90696, 24658, 14145, 54221, 6100, 64330, 53892, 67263, 85947]"
118560,"[79952, 32659, 62899, 32630, 28730, 80921, 38869, 57777, 47227, 101618]"
118561,"[87681, 23116, 22511, 68967, 48537, 90492, 84474, 1906, 44270, 100210]"
118562,"[22757, 18504, 80085, 104116, 79581, 39641, 97925, 98054, 48317, 20269]"
118563,"[58087, 28955, 62867, 64724, 41772, 62210, 42148, 23957, 19067, 41010]"
118564,"[60596, 27582, 68722, 14639, 5413, 96405, 97975, 87245, 19574, 62871]"
118565,"[9559, 56428, 58861, 95700, 108035, 61408, 95069, 29437, 51652, 27484]"
118566,"[68267, 20342, 107798, 36367, 36467, 94203, 28116, 53040, 30676, 94699]"
118567,"[98039, 9760, 18282, 68560, 56848, 33341, 14588, 25351, 49558, 5353]"
118568,"[83923, 44016, 56621, 33452, 23362, 71211, 5413, 86278, 74742, 56791]"
118569,"[14150, 47253, 90944, 3714, 34954, 73639, 23915, 102317, 95157, 39306]"
118570,"[94719, 38071, 20454, 73543, 58247, 43793, 578, 100662, 50646, 75678]"
118571,"[84204, 80237, 102399, 9494, 39862, 44375, 8546, 99727, 71047, 86355]"
118572,"[91224, 68803, 18133, 56354, 30228, 82137, 101866, 35111, 76807, 1494]"
118573,"[109099, 80287, 12616, 97604, 8633, 10569, 51321, 42832, 58189, 101352]"
118574,"[6467, 56836, 56290, 38294, 36351, 85115, 47295, 35801, 82888, 93516]"
118575,"[88822, 45892, 87428, 58711, 17679, 15255, 67842, 82663, 23196, 18670]"
118576,"[107616, 73214, 21807, 36954, 43402, 8913, 47999, 102579, 54922, 6652]"
118577,"[6538, 104939, 3627, 27966, 78355, 95478, 47456, 86039, 36807, 59577]"
118578,"[69519, 85064, 9376, 9441, 100886, 101355, 59906, 99019, 86217, 82183]"
118579,"[58271, 33694, 8334, 95295, 79444, 16847, 9661, 62560, 73136, 80304]"
118580,"[61496, 40365, 70466, 41736, 65930, 49197, 60947, 46945, 5422, 87248]"
118581,"[49893, 3084, 61101, 82226, 93264, 14222, 23061, 27597, 51520, 24433]"
118582,"[72706, 13827, 57674, 9701, 47830, 29598, 36169, 3709, 50574, 9046]"
118583,"[18804, 51525, 67553, 61913, 22420, 78461, 76890, 4121, 51474, 8389]"
118584,"[63333, 19577, 50049, 3845, 60262, 63641, 61993, 41941, 93099, 21208]"
118585,"[74020, 60911, 59608, 81320, 16906, 46534, 72970, 105625, 49509, 67614]"
118586,"[7034, 11503, 95894, 55315, 12511, 70701, 56820, 79347, 83789, 12787]"
118587,"[53886, 51256, 79399, 66564, 37646, 1523, 22968, 27347, 47175, 90563]"
118588,"[10708, 47166, 40914, 74209, 16599, 12332, 45397, 9162, 34333, 19300]"
118589,"[45792, 19567, 9591, 57037, 37423, 71924, 103853, 27654, 28910, 10064]"
118590,"[74847, 21613, 70683, 73055, 82662, 96195, 80828, 76701, 22962, 56006]"
118591,"[29133, 84447, 26408, 48751, 41807, 65643, 33012, 95575, 306, 18298]"
118592,"[68205, 9440, 22367, 97178, 86898, 23520, 86381, 43210, 11061, 92389]"
118593,"[52928, 4001, 76328, 39104, 42920, 50867, 59903, 54730, 29734, 84527]"
118594,"[60804, 38867, 109261, 26482, 20848, 36007, 40060, 68844, 58445, 99116]"
118595,"[61360, 93979, 16635, 103972, 14456, 8430, 45718, 70785, 59865, 55768]"
118596,"[5858, 63419, 106720, 57643, 19456, 80104, 67627, 7857, 108986, 74290]"
118597,"[36754, 28932, 104650, 7221, 3545, 41536, 105838, 78549, 107019, 56400]"
118598,"[101659, 12113, 67419, 92511, 27846, 83986, 38574, 103467, 57029, 44780]"
118599,"[45361, 32407, 91052, 68113, 78202, 82931, 38672, 89560, 96147, 79687]"
118600,"[105642, 95379, 95042, 6861, 68528, 7141, 84734, 47792, 25531, 90251]"
118601,"[58466, 87492, 63185, 19806, 19649, 55361, 62006, 13645, 43190, 141]"
118602,"[75165, 16737, 30176, 49789, 63916, 11570, 34664, 81360, 103980, 21570]"
118603,"[57402, 42298, 54328, 3636, 89725, 89184, 79719, 99526, 12457, 91072]"
118604,"[90221, 53417, 75326, 77499, 84914, 65140, 21438, 74553, 89922, 13760]"
118605,"[7965, 26928, 81080, 13105, 44295, 3393, 24293, 47558, 104104, 67583]"
118606,"[71404, 12938, 63163, 65272, 104145, 26442, 51740, 19800, 45697, 78107]"
118607,"[18254, 13775, 26397, 32547, 80711, 37006, 42591, 66249, 57594, 34663]"
118608,"[37327, 31613, 70456, 22526, 992, 36263, 93164, 103097, 48558, 74419]"
118609,"[55334, 84925, 26346, 102116, 28788, 38698, 103000, 47197, 9810, 18788]"
118610,"[37721, 27538, 97129, 51405, 32900, 85466, 65426, 90677, 57183, 18139]"
118611,"[18852, 52206, 30573, 86779, 98749, 72069, 43372, 85453, 106348, 578]"
118612,"[94034, 98727, 29206, 14860, 76885, 22809, 18325, 7378, 71444, 37473]"
118613,"[11375, 87064, 108088, 85082, 95043, 63353, 52640, 50384, 75895, 62606]"
118614,"[40433, 23482, 85567, 77323, 79065, 107332, 76215, 94710, 70203, 28266]"
118615,"[22534, 63337, 76683, 42601, 4737, 59359, 16709, 53468, 16936, 85970]"
118616,"[42359, 81940, 43648, 43170, 73607, 45852, 93819, 2298, 3572, 8799]"
118617,"[104271, 66665, 78610, 59393, 55629, 91944, 109402, 37554, 30133, 90498]"
118618,"[83999, 84591, 31008, 44267, 67576, 70258, 30248, 64681, 40277, 104229]"
118619,"[40041, 46016, 89592, 3142, 68888, 86431, 107998, 50861, 62200, 87221]"
118620,"[50089, 335, 37976, 24210, 25741, 34327, 95853, 70743, 53647, 37879]"
118621,"[59185, 99634, 29962, 71010, 51348, 24248, 39634, 26595, 104367, 40511]"
118622,"[15885, 9444, 75305, 59008, 82415, 63552, 26651, 10389, 2283, 51425]"
118623,"[48180, 27919, 60406, 61262, 86122, 87385, 63497, 76558, 54510, 29443]"
118624,"[99518, 40175, 275, 14902, 47765, 54570, 2145, 4992, 28593, 38861]"
118625,"[90194, 29655, 94727, 47543, 24293, 108908, 107152, 11206, 47293, 26321]"
118626,"[79364, 30658, 746, 3296, 8609, 64061, 87049, 20922, 11550, 29493]"
118627,"[11929, 53299, 98959, 91844, 19746, 72760, 11964, 3065, 74468, 91383]"
118628,"[28539, 46612, 9287, 12778, 33941, 90629, 6080, 49593, 35961, 11337]"
118629,"[34217, 28855, 101847, 104095, 49711, 75969, 11226, 69315, 21509, 2082]"
118630,"[76502, 102138, 69905, 52566, 10920, 95477, 13271, 42536, 101688, 48402]"
118631,"[100981, 41123, 21145, 48810, 62273, 8870, 59558, 54736, 20239, 72200]"
118632,"[35881, 35964, 2652, 9804, 96230, 85425, 8365, 41338, 85412, 33766]"
118633,"[35261, 107443, 89977, 24762, 28668, 83400, 80258, 74361, 78258, 21437]"
118634,"[99615, 17952, 18308, 81222, 70414, 18232, 10860, 36650, 19372, 48834]"
118635,"[22185, 56703, 36538, 33097, 62266, 25131, 91284, 62508, 9069, 9525]"
118636,"[16588, 16282, 14299, 45478, 96064, 59168, 97399, 9971, 10462, 34977]"
118637,"[105821, 94912, 26319, 1958, 27221, 12037, 79573, 17517, 48663, 42045]"
118638,"[99169, 27706, 89040, 109243, 79554, 102283, 31780, 19172, 101361, 32855]"
118639,"[81513, 108765, 32718, 18212, 52326, 53016, 31659, 78288, 84744, 59500]"
118640,"[99440, 77771, 85960, 10895, 64630, 41221, 97208, 102590, 53761, 39902]"
118641,"[3012, 92339, 107646, 74692, 103705, 13056, 79610, 83776, 40352, 3345]"
118642,"[83281, 93648, 45457, 60841, 109216, 20213, 8861, 106708, 81953, 50293]"
118643,"[72519, 36295, 56114, 57122, 25756, 20273, 13481, 2699, 88892, 103274]"
118644,"[31424, 69162, 32600, 77405, 108400, 96072, 85356, 85344, 105605, 104288]"
118645,"[23395, 25777, 32082, 34221, 61858, 91038, 38537, 101722, 628, 62842]"
118646,"[19981, 58064, 18270, 47499, 75296, 76420, 895, 40282, 70816, 16660]"
118647,"[67491, 71618, 100215, 66903, 20005, 63412, 60023, 60200, 92260, 19611]"
118648,"[88377, 49006, 18037, 86010, 3167, 34757, 3313, 80519, 69749, 72703]"
118649,"[54635, 39912, 34696, 39944, 22111, 23066, 71332, 75786, 43317, 82997]"
118650,"[30168, 106641, 60383, 13019, 16402, 59846, 58616, 33832, 101401, 14389]"
118651,"[38128, 65169, 87421, 69493, 65161, 73014, 79569, 104597, 30017, 60985]"
118652,"[102946, 38934, 3257, 86924, 34382, 22942, 66043, 66305, 5945, 71900]"
118653,"[21993, 105936, 90761, 23629, 10843, 46437, 86145, 93702, 5296, 101754]"
118654,"[17219, 54825, 72863, 69948, 101562, 78078, 57063, 83588, 95697, 30655]"
118655,"[103702, 41898, 79754, 74722, 76881, 109132, 71076, 60022, 87335, 106802]"
118656,"[6102, 11221, 45769, 87575, 33992, 102870, 104081, 80747, 17973, 75039]"
118657,"[84438, 32754, 59305, 92365, 67064, 34820, 90391, 63468, 5402, 34617]"
118658,"[39062, 47969, 73398, 18486, 92128, 59741, 78745, 75387, 14081, 38725]"
118659,"[48923, 28629, 76562, 86712, 3824, 79973, 103543, 13276, 96693, 94199]"
118660,"[35132, 8851, 47575, 109339, 58950, 30192, 100316, 37469, 106449, 88898]"
118661,"[5783, 70569, 67508, 79335, 15515, 29153, 69381, 92249, 92510, 22941]"
118662,"[99611, 80454, 105144, 105106, 33492, 88445, 21005, 75877, 59030, 108941]"
118663,"[52141, 72277, 46396, 56104, 76789, 50606, 93649, 77656, 71685, 109458]"
118664,"[95801, 68579, 73574, 51470, 44852, 62325, 56950, 15887, 100015, 37379]"
118665,"[40633, 82516, 61516, 52493, 64757, 33010, 34826, 38153, 99194, 3693]"
118666,"[61519, 83298, 23411, 46402, 23769, 104828, 1094, 94472, 16605, 27424]"
118667,"[88076, 69141, 108267, 64681, 16454, 86741, 94421, 44267, 62414, 18924]"
118668,"[66506, 63813, 60438, 87526, 77058, 23615, 19082, 17507, 68273, 3848]"
118669,"[98437, 47911, 75016, 45416, 70359, 106433, 51631, 63139, 105196, 67431]"
118670,"[15762, 101628, 78955, 67269, 74247, 94047, 77068, 34713, 74398, 37032]"
118671,"[51309, 38533, 45619, 74865, 12276, 46299, 48240, 32514, 74878, 47831]"
118672,"[70547, 20041, 95686, 91185, 106932, 4447, 2728, 35031, 20831, 11112]"
118673,"[12014, 41404, 64427, 42423, 101839, 75588, 73514, 41708, 76722, 8533]"
118674,"[52393, 54705, 86870, 37329, 25033, 59314, 6870, 20654, 89359, 71443]"
118675,"[40756, 6134, 93730, 38319, 78482, 9529, 59800, 98444, 90430, 4271]"
118676,"[88952, 11066, 4868, 107608, 20770, 74420, 71861, 86122, 78492, 104437]"
118677,"[39790, 70221, 75235, 47468, 91434, 79972, 49404, 37762, 23880, 23500]"
118678,"[20152, 45435, 63053, 39584, 59288, 109161, 20406, 5425, 65076, 14586]"
118679,"[87216, 16939, 3086, 56551, 82161, 9353, 21358, 59563, 43513, 23325]"
118680,"[3782, 94413, 12483, 6415, 63139, 77969, 98437, 82059, 61318, 83169]"
118681,"[34782, 62751, 78525, 80989, 109692, 72689, 54085, 103395, 13375, 83127]"
118682,"[44549, 27818, 21548, 58791, 15684, 65793, 52215, 102146, 102248, 39778]"
118683,"[84701, 2623, 38793, 37996, 42975, 21336, 46063, 86576, 94665, 107442]"
118684,"[72401, 107907, 15483, 11364, 73374, 100996, 71221, 73071, 65962, 73183]"
118685,"[76424, 98729, 107037, 37829, 27140, 87187, 76719, 11357, 60450, 52746]"
118686,"[93721, 66235, 86983, 31439, 8733, 69524, 59002, 96240, 6338, 640]"
118687,"[78040, 94273, 34864, 59177, 84879, 40152, 66922, 16264, 21244, 11718]"
118688,"[87002, 98423, 1926, 107730, 102068, 42040, 22692, 6834, 51366, 75687]"
118689,"[73490, 53109, 3122, 66494, 41581, 49043, 101050, 46316, 4852, 26432]"
118690,"[57795, 83707, 89630, 60491, 42226, 6420, 98511, 75883, 93859, 8118]"
118691,"[97144, 83094, 39703, 4020, 40702, 54352, 95735, 7966, 20031, 25318]"
118692,"[13177, 22639, 69186, 76042, 71045, 68877, 104635, 79484, 62957, 105376]"
118693,"[65621, 91425, 102865, 74270, 15602, 28330, 38861, 82797, 61186, 94288]"
118694,"[84152, 4409, 19399, 93729, 16396, 55834, 105558, 37533, 32789, 25976]"
118695,"[75814, 25712, 74155, 40986, 98054, 98984, 40054, 97925, 79581, 94738]"
118696,"[77265, 17511, 37413, 69065, 92763, 9999, 58023, 88567, 67098, 7787]"
118697,"[95391, 1702, 101836, 98354, 54310, 45230, 61799, 26579, 106421, 30081]"
118698,"[62569, 103743, 8469, 10184, 87968, 31196, 74172, 74068, 3814, 33392]"
118699,"[44014, 63103, 89657, 49464, 57073, 33300, 99805, 56532, 30953, 21295]"
118700,"[41924, 9280, 57098, 45728, 69159, 8962, 90286, 33153, 68724, 39938]"
118701,"[33114, 53888, 27288, 107053, 5150, 72342, 59772, 77235, 87529, 41114]"
118702,"[64145, 100968, 79213, 46098, 89329, 30967, 11193, 70660, 5002, 15842]"
118703,"[80030, 108736, 79001, 17093, 18410, 28709, 17509, 97369, 102723, 77463]"
118704,"[83456, 95678, 15033, 76859, 59107, 59730, 83809, 77833, 77229, 64146]"
118705,"[93562, 101872, 28957, 71402, 93442, 107767, 59759, 39774, 33037, 76005]"
118706,"[103745, 21463, 109312, 59800, 22467, 13945, 54884, 100495, 95986, 37401]"
118707,"[1094, 104828, 94472, 61597, 47230, 70964, 61744, 66444, 11278, 77948]"
118708,"[96925, 29608, 31385, 29312, 15519, 51266, 63428, 100858, 96586, 106913]"
118709,"[60340, 96364, 83388, 29510, 80008, 66687, 93492, 85571, 69444, 84873]"
118710,"[26397, 86978, 79501, 56110, 78599, 41818, 104443, 55209, 85343, 54740]"
118711,"[81206, 13205, 103457, 98839, 27058, 27903, 38958, 45567, 5273, 107299]"
118712,"[86190, 36253, 63067, 76173, 67978, 58880, 43860, 94788, 25496, 41063]"
118713,"[14182, 32014, 63056, 103541, 64236, 44601, 656, 24835, 87392, 17480]"
118714,"[101507, 54313, 28453, 25062, 53391, 11093, 67243, 3879, 29026, 97790]"
118715,"[81086, 48412, 96104, 31499, 52321, 100902, 84537, 32497, 80282, 69240]"
118716,"[52330, 7589, 79498, 83495, 18990, 99365, 60579, 41253, 108761, 39479]"
118717,"[97821, 1849, 101232, 53067, 59132, 6722, 73850, 48420, 27712, 54931]"
118718,"[106977, 84213, 54101, 74566, 104489, 87786, 15321, 58789, 70900, 28501]"
118719,"[74674, 18440, 7283, 26098, 94883, 69029, 89853, 80623, 51522, 30771]"
118720,"[4256, 43144, 107652, 9421, 88247, 46693, 9146, 16010, 8972, 24441]"
118721,"[28538, 44124, 103851, 73300, 62297, 61797, 68763, 49609, 70432, 24068]"
118722,"[1822, 71772, 102310, 48498, 44357, 99101, 31193, 40809, 55640, 20716]"
118723,"[32707, 15386, 45552, 29069, 77411, 62889, 2751, 81174, 17012, 72953]"
118724,"[28707, 67523, 87863, 101110, 22928, 62632, 76792, 10169, 56243, 16951]"
118725,"[101387, 104870, 80537, 98205, 103402, 51802, 54592, 59299, 98051, 66083]"
118726,"[13359, 1982, 55200, 83326, 2249, 29082, 75903, 30465, 85957, 76565]"
118727,"[62479, 49809, 82291, 96210, 15677, 78187, 95490, 88370, 54628, 104654]"
118728,"[100282, 10933, 57951, 17918, 74845, 75270, 98452, 8604, 10834, 104391]"
118729,"[68866, 31255, 69193, 51542, 11690, 49594, 76992, 7453, 37292, 53080]"
118730,"[60736, 74762, 87409, 29740, 85057, 92883, 4962, 19141, 49376, 105731]"
118731,"[93813, 37030, 50284, 96274, 65693, 23741, 62222, 10271, 52145, 45375]"
118732,"[38685, 99124, 88423, 108862, 49494, 99349, 23751, 43897, 7235, 30700]"
118733,"[74583, 11187, 89396, 53736, 107533, 97954, 103194, 74766, 53330, 69947]"
118734,"[9372, 88828, 26379, 91183, 48045, 53055, 29830, 4286, 56344, 18581]"
118735,"[21437, 81201, 107443, 69108, 88078, 86131, 95674, 31181, 64088, 32344]"
118736,"[103675, 51181, 2585, 26533, 76352, 20584, 8969, 71520, 82970, 17239]"
118737,"[11846, 94615, 92131, 64889, 36860, 84164, 55915, 70143, 27511, 55350]"
118738,"[48903, 109050, 100100, 35898, 9738, 14829, 107069, 15297, 42218, 48541]"
118739,"[72832, 76766, 83921, 51639, 77561, 61942, 73208, 82479, 61976, 32720]"
118740,"[19657, 72360, 90749, 24356, 89399, 80603, 98626, 45335, 83405, 88224]"
118741,"[4969, 6796, 74869, 14348, 38336, 8067, 109061, 22696, 39357, 83533]"
118742,"[24499, 13509, 11641, 16432, 107401, 61589, 50589, 65492, 85306, 47305]"
118743,"[73621, 98591, 63611, 4363, 54813, 52518, 57469, 67779, 79039, 71409]"
118744,"[13243, 21106, 105541, 86290, 17438, 24563, 18308, 81222, 13326, 48834]"
118745,"[43979, 95423, 48603, 25810, 64047, 62085, 34197, 46522, 84553, 91695]"
118746,"[26739, 76678, 76069, 90360, 96379, 104280, 63614, 85001, 50143, 43829]"
118747,"[15395, 26823, 61022, 108623, 93916, 54042, 27129, 55665, 42627, 98850]"
118748,"[20234, 52490, 39517, 53481, 65515, 46438, 15338, 58847, 20606, 42234]"
118749,"[40763, 74929, 178, 50252, 82686, 87820, 27358, 45522, 30279, 9534]"
118750,"[75795, 82171, 80928, 76947, 105317, 18762, 47858, 75248, 45471, 51465]"
118751,"[109066, 62481, 27387, 45406, 86008, 61943, 89238, 3427, 33517, 83463]"
118752,"[68544, 44290, 68864, 64234, 47089, 36133, 98207, 62411, 55144, 17936]"
118753,"[47177, 103231, 5233, 54358, 6218, 58377, 52537, 10849, 93624, 44934]"
118754,"[92234, 66613, 43415, 76030, 89931, 54246, 1177, 44355, 4605, 64252]"
118755,"[46470, 84663, 99229, 89778, 33291, 42325, 109767, 18051, 109697, 84824]"
118756,"[4935, 21789, 52621, 56660, 55542, 86306, 65856, 66331, 53305, 97141]"
118757,"[4494, 4148, 39847, 62478, 46372, 81060, 22645, 62177, 21401, 70880]"
118758,"[16495, 18154, 17363, 84654, 97650, 38431, 10079, 58140, 79759, 47554]"
118759,"[71888, 63833, 32057, 81430, 62261, 40275, 108670, 94962, 55763, 40928]"
118760,"[49350, 23730, 109744, 99329, 3534, 11331, 76359, 34539, 74575, 38327]"
118761,"[20463, 53302, 13130, 62944, 66912, 103407, 67725, 58846, 103727, 71348]"
118762,"[106564, 40034, 39749, 5073, 91171, 104792, 55101, 47963, 22817, 46997]"
118763,"[104387, 101430, 54634, 91630, 98499, 15660, 57854, 8783, 40753, 50367]"
118764,"[55564, 108652, 4591, 23263, 20231, 7208, 66764, 7760, 98269, 50276]"
118765,"[77923, 86388, 21551, 86672, 49201, 57552, 80330, 37044, 92256, 87308]"
118766,"[74032, 6034, 30890, 44616, 32770, 15646, 43591, 6958, 86675, 31817]"
118767,"[105201, 35067, 68032, 87684, 56413, 82917, 27959, 67498, 85248, 20802]"
118768,"[9680, 22586, 65186, 77886, 56522, 15099, 35873, 5452, 44869, 3935]"
118769,"[109715, 41969, 52527, 37393, 5141, 37200, 31896, 97978, 15027, 9974]"
118770,"[37124, 75748, 99455, 77198, 86295, 80609, 108942, 104414, 35741, 89837]"
118771,"[88848, 51523, 49821, 17547, 84566, 3060, 90787, 21308, 35489, 91599]"
118772,"[101089, 9144, 59855, 89460, 56138, 108565, 102272, 10157, 73671, 32592]"
118773,"[87875, 54808, 94782, 16827, 104739, 74463, 68865, 52575, 46825, 87732]"
118774,"[17706, 37973, 20150, 17743, 29838, 98688, 102117, 81103, 4754, 49365]"
118775,"[33169, 26951, 75500, 34601, 52420, 40505, 48040, 75321, 22205, 65430]"
118776,"[70110, 106887, 21854, 59161, 86809, 31753, 86282, 108890, 48528, 64198]"
118777,"[20904, 75963, 98461, 89455, 66150, 47219, 36280, 9502, 29191, 6105]"
118778,"[41682, 6634, 8950, 50496, 93625, 49773, 95405, 31770, 72416, 11260]"
118779,"[54944, 100353, 26120, 63604, 7429, 31413, 85722, 22970, 13051, 27470]"
118780,"[47745, 91508, 100022, 35707, 9307, 61232, 40682, 54829, 32382, 56003]"
118781,"[60992, 60940, 30959, 103648, 89853, 79314, 63462, 90617, 56092, 84372]"
118782,"[12974, 20720, 17916, 82644, 91429, 84189, 13587, 71248, 72618, 29126]"
118783,"[107821, 45833, 10257, 48427, 88214, 78828, 50467, 56087, 11356, 90393]"
118784,"[54159, 84612, 57180, 95810, 59188, 97856, 26449, 64648, 83882, 71163]"
118785,"[107036, 28064, 89030, 1819, 15650, 1582, 52392, 70390, 33388, 75244]"
118786,"[89780, 76685, 4287, 12555, 6318, 26112, 38222, 91738, 24267, 16445]"
118787,"[14915, 81605, 62585, 36147, 39393, 27866, 60934, 55436, 43804, 64986]"
118788,"[30529, 34037, 10772, 49096, 10469, 66193, 53710, 20472, 63792, 34258]"
118789,"[93698, 62367, 89458, 16048, 34524, 88501, 47329, 15774, 45233, 12387]"
118790,"[42469, 25634, 35137, 80408, 75688, 27685, 92929, 80039, 19581, 77387]"
118791,"[20942, 60955, 70340, 67496, 3330, 43282, 84577, 69528, 106554, 83006]"
118792,"[46790, 12390, 89172, 28808, 93847, 101799, 95378, 36694, 39556, 96228]"
118793,"[91271, 34175, 98791, 18773, 101798, 10435, 71673, 3552, 61283, 28547]"
118794,"[108228, 29074, 12335, 6834, 67986, 87285, 12739, 98016, 93309, 12422]"
118795,"[18996, 84172, 77304, 37765, 21077, 86, 29848, 64057, 74905, 14529]"
118796,"[36754, 28932, 105838, 41536, 107019, 78549, 39981, 59295, 48183, 75681]"
118797,"[41883, 98208, 53018, 63347, 49244, 108237, 22383, 106198, 64762, 76283]"
118798,"[86282, 19845, 38078, 99614, 41451, 56175, 1795, 1073, 45082, 29972]"
118799,"[95921, 56037, 8986, 25788, 22431, 104688, 26746, 50797, 81509, 86711]"
118800,"[22792, 44129, 19269, 12621, 35258, 37671, 92824, 13222, 54756, 10091]"
118801,"[55686, 58784, 102673, 82369, 16643, 74116, 5754, 93063, 62068, 88852]"
118802,"[42996, 25878, 76970, 62170, 18584, 6595, 107109, 45046, 50374, 80859]"
118803,"[27617, 105227, 4564, 15041, 48935, 83826, 46028, 34533, 32108, 18288]"
118804,"[71863, 98, 54685, 36587, 100040, 3431, 68444, 88699, 12188, 73502]"
118805,"[7611, 84890, 43315, 77924, 40626, 1777, 106960, 76370, 51381, 17470]"
118806,"[99779, 92782, 41477, 3932, 585, 38853, 106085, 63905, 68349, 79308]"
118807,"[86285, 64954, 67346, 11938, 26188, 64348, 51589, 88995, 89954, 34029]"
118808,"[37876, 41593, 48956, 50719, 72814, 55347, 7693, 108647, 38142, 13204]"
118809,"[40439, 107118, 81311, 55065, 76339, 89111, 60274, 62628, 36491, 43028]"
118810,"[91638, 52855, 70584, 96147, 41607, 64589, 3463, 62396, 6932, 97437]"
118811,"[40542, 65737, 38994, 40899, 65162, 45444, 99622, 108221, 75656, 4994]"
118812,"[46178, 67947, 80777, 30092, 29524, 102184, 96488, 97906, 59115, 22362]"
118813,"[94828, 45751, 23076, 36671, 11258, 28153, 65385, 81426, 59769, 84293]"
118814,"[62835, 34769, 57813, 92980, 97006, 69949, 59835, 92049, 31952, 78972]"
118815,"[72936, 73105, 10640, 33505, 74084, 23832, 102249, 48026, 5720, 60808]"
118816,"[107646, 22304, 25108, 19949, 29355, 48664, 87795, 84410, 8951, 41882]"
118817,"[88506, 99067, 90167, 108872, 54886, 41480, 106014, 49688, 61871, 92566]"
118818,"[13779, 104756, 88894, 103155, 5704, 67459, 44470, 37593, 106233, 25957]"
118819,"[49788, 76451, 40462, 1362, 18527, 69308, 36988, 78175, 34127, 86987]"
118820,"[101767, 24100, 84155, 37481, 5760, 13441, 10076, 25266, 70754, 47761]"
118821,"[4879, 60290, 57626, 101793, 75861, 58400, 39623, 22015, 70207, 37613]"
118822,"[34894, 18725, 71025, 49923, 107983, 18950, 75501, 91664, 92493, 82965]"
118823,"[56927, 97417, 19463, 14204, 109136, 23789, 48926, 53539, 19847, 32100]"
118824,"[52216, 98135, 22075, 36241, 95596, 26396, 6446, 56222, 95183, 97745]"
118825,"[33571, 100032, 33318, 1332, 97522, 1432, 52708, 10074, 23526, 10769]"
118826,"[102534, 72683, 20825, 104525, 68520, 98238, 56948, 109497, 12013, 78053]"
118827,"[49966, 98899, 8909, 22271, 65187, 43195, 68078, 99524, 70912, 55559]"
118828,"[22307, 94035, 59682, 48893, 66220, 78917, 53390, 10058, 21738, 51285]"
118829,"[9882, 37797, 26195, 72857, 99231, 3624, 81351, 18174, 67156, 63663]"
118830,"[75303, 96075, 109410, 47721, 62265, 64094, 51899, 109350, 9908, 89013]"
118831,"[79268, 63004, 47642, 55770, 20857, 73923, 29136, 4676, 30375, 55464]"
118832,"[35868, 15641, 20197, 24204, 3272, 95725, 68856, 91892, 7472, 25824]"
118833,"[11351, 24922, 72772, 43449, 102573, 44794, 43781, 30009, 15457, 50999]"
118834,"[11180, 19605, 72567, 68146, 86622, 6939, 20304, 12573, 77305, 97324]"
118835,"[108632, 5930, 94073, 61177, 73732, 62344, 17478, 28303, 16842, 95078]"
118836,"[88078, 44544, 104634, 102053, 64968, 81511, 101325, 84808, 15980, 74886]"
118837,"[37977, 98826, 61836, 86022, 99757, 14084, 83771, 93070, 44232, 100001]"
118838,"[36297, 83838, 94294, 31971, 84586, 11722, 61630, 32203, 36310, 53821]"
118839,"[40718, 107289, 37782, 69346, 16043, 90569, 52679, 81771, 96187, 101662]"
118840,"[8575, 34482, 95818, 49948, 53136, 27525, 69653, 58587, 64006, 57663]"
118841,"[25572, 62977, 64353, 11079, 102145, 49857, 96596, 36276, 18813, 12837]"
118842,"[98067, 68360, 62831, 43989, 6326, 13457, 1721, 54876, 96308, 35155]"
118843,"[74003, 1826, 98453, 60646, 54641, 51038, 66384, 24945, 18223, 2436]"
118844,"[14195, 63930, 40805, 14217, 99338, 89807, 57685, 98361, 30405, 58102]"
118845,"[60021, 47850, 62852, 108142, 83268, 100560, 73267, 11841, 35672, 2130]"
118846,"[97659, 100506, 31785, 45609, 108278, 107690, 44291, 61390, 2338, 94109]"
118847,"[63536, 49654, 51984, 100071, 89163, 98252, 10511, 81504, 95185, 93089]"
118848,"[24637, 77156, 88718, 89319, 106428, 597, 72820, 92063, 34253, 10970]"
118849,"[68884, 97945, 82005, 44658, 83786, 34030, 74072, 69744, 61794, 75807]"
118850,"[19928, 105143, 83539, 58416, 82576, 97845, 64722, 56787, 72308, 30526]"
118851,"[53115, 31883, 85327, 80392, 64258, 60618, 9802, 30785, 32962, 93066]"
118852,"[76661, 26585, 67019, 25475, 103732, 91424, 42993, 70627, 100148, 45874]"
118853,"[2215, 52705, 108783, 41995, 39358, 63018, 93464, 102321, 67796, 79507]"
118854,"[68023, 67861, 68435, 97162, 61523, 13114, 91197, 102877, 77120, 16681]"
118855,"[89759, 7433, 17687, 77555, 99501, 55745, 98183, 95795, 16040, 81669]"
118856,"[35970, 8088, 11911, 102003, 54171, 51484, 79485, 49760, 5504, 58404]"
118857,"[57927, 47283, 75242, 56817, 47591, 98150, 24914, 8736, 76491, 64430]"
118858,"[71717, 38874, 108104, 91320, 97613, 32663, 67167, 30513, 76623, 88699]"
118859,"[9686, 19993, 53427, 73711, 58219, 33107, 91129, 100515, 98923, 37601]"
118860,"[47839, 99096, 101017, 77404, 59743, 10976, 83812, 25901, 25335, 53626]"
118861,"[52443, 11987, 58610, 27765, 85047, 100140, 78024, 54695, 43175, 73455]"
118862,"[50296, 96081, 31725, 98997, 78575, 53825, 1580, 43845, 55512, 24558]"
118863,"[83920, 54113, 58068, 31337, 67209, 87149, 78641, 18461, 63464, 32860]"
118864,"[64830, 24325, 33626, 105571, 27028, 16320, 28274, 59594, 76158, 65583]"
118865,"[98102, 39361, 51029, 82879, 3472, 36193, 23587, 18917, 54059, 28350]"
118866,"[80346, 22438, 86211, 59265, 95561, 94722, 69716, 63235, 73531, 93588]"
118867,"[78551, 65688, 4947, 957, 25493, 106618, 72733, 3904, 54693, 105820]"
118868,"[32666, 74449, 27478, 46831, 86015, 58974, 66461, 59737, 65230, 107240]"
118869,"[63408, 65252, 71169, 108504, 109050, 101948, 64170, 82418, 25896, 41443]"
118870,"[14095, 102631, 10266, 48758, 36403, 91556, 33380, 68336, 68527, 22118]"
118871,"[10071, 19824, 1463, 85651, 29697, 22728, 60877, 94989, 94758, 32303]"
118872,"[74501, 20883, 55460, 48719, 69392, 13870, 11048, 106076, 4775, 7344]"
118873,"[67857, 97008, 27215, 9274, 90442, 101228, 85361, 24459, 43568, 76197]"
118874,"[2385, 15364, 39797, 7275, 101589, 15585, 21067, 26263, 40555, 39477]"
118875,"[83463, 87224, 695, 69184, 269, 22505, 68468, 90719, 93917, 103111]"
118876,"[9665, 67597, 21943, 97567, 13605, 67677, 59424, 33085, 66751, 97697]"
118877,"[55765, 88775, 16993, 90621, 7731, 101147, 32507, 38045, 3240, 61497]"
118878,"[8045, 37852, 29374, 75772, 45873, 46768, 81423, 1310, 103317, 50093]"
118879,"[66095, 109111, 26984, 18824, 81722, 38699, 104653, 48787, 74436, 72585]"
118880,"[101069, 60220, 45426, 66005, 63350, 102111, 57639, 84325, 19164, 60034]"
118881,"[56987, 87355, 78292, 95376, 75057, 89187, 16907, 20564, 47818, 28655]"
118882,"[39111, 83495, 97992, 17630, 33302, 71979, 68251, 21513, 33427, 81365]"
118883,"[104728, 96158, 50593, 53833, 66616, 11617, 79995, 50510, 77065, 22222]"
118884,"[68790, 53165, 33077, 64282, 33372, 16157, 69538, 66795, 107924, 14257]"
118885,"[84542, 71121, 33375, 11037, 100850, 84659, 64390, 79087, 83377, 83195]"
118886,"[7200, 27414, 36518, 84984, 82347, 30179, 9766, 27961, 69591, 34073]"
118887,"[17156, 101171, 1746, 92805, 6828, 91825, 33277, 52739, 89748, 48360]"
118888,"[102217, 42735, 2099, 30530, 64943, 48868, 76768, 85273, 29333, 35506]"
118889,"[91090, 93401, 95956, 26169, 40361, 26651, 10389, 2283, 1454, 553]"
118890,"[45611, 97905, 42449, 84772, 15989, 9980, 109269, 96964, 108990, 61513]"
118891,"[69772, 104570, 38884, 79936, 87959, 84485, 11255, 91331, 89324, 101035]"
118892,"[46062, 10254, 64306, 40914, 86972, 25875, 99809, 58091, 11702, 25874]"
118893,"[96090, 2734, 72475, 61526, 48106, 62623, 104963, 18005, 49162, 83559]"
118894,"[89279, 10505, 86444, 96994, 87102, 90608, 9761, 104215, 70169, 13430]"
118895,"[34803, 57660, 98373, 49406, 82835, 85389, 92018, 23631, 7648, 53334]"
118896,"[10355, 3986, 70001, 26414, 545, 713, 11217, 27997, 94144, 63122]"
118897,"[100607, 71474, 101013, 11609, 75350, 65291, 40619, 31632, 68236, 44770]"
118898,"[38690, 21607, 99987, 80284, 33174, 68673, 62498, 43765, 77429, 109446]"
118899,"[72629, 5702, 30523, 56133, 79113, 32765, 105261, 67975, 9098, 103416]"
118900,"[6778, 94616, 68875, 78104, 80727, 86148, 60568, 41310, 103959, 101739]"
118901,"[78285, 103583, 313, 96579, 59754, 35701, 77853, 93734, 96967, 107404]"
118902,"[67161, 13716, 100575, 92642, 18220, 41568, 104278, 53151, 76576, 59141]"
118903,"[20243, 29890, 30995, 11371, 64623, 28980, 99466, 51541, 14788, 45221]"
118904,"[38405, 107549, 100094, 19271, 57887, 100170, 100787, 91279, 109180, 79534]"
118905,"[84765, 43517, 8340, 40909, 106623, 10217, 57944, 80945, 74779, 109280]"
118906,"[61493, 100354, 4738, 44311, 19441, 91165, 81113, 81368, 59746, 101383]"
118907,"[82092, 18602, 36155, 27219, 56803, 31770, 74740, 88167, 23101, 40294]"
118908,"[15944, 70909, 34964, 11804, 12501, 52085, 59356, 47178, 89238, 31232]"
118909,"[91224, 68803, 18133, 82137, 76807, 30228, 73240, 101866, 1494, 56354]"
118910,"[50423, 12293, 72377, 34524, 93698, 49349, 12387, 11244, 24720, 32463]"
118911,"[97219, 70040, 21162, 107161, 78781, 77428, 10528, 15330, 19291, 77527]"
118912,"[68316, 77902, 99190, 70277, 65265, 43928, 3817, 61997, 12049, 46788]"
118913,"[77383, 19500, 74775, 54259, 63758, 42429, 4686, 6830, 96252, 56767]"
118914,"[53087, 58055, 79730, 22831, 41721, 102928, 69231, 70031, 46078, 16260]"
118915,"[85468, 100824, 45271, 33709, 94601, 60335, 42572, 682, 53870, 69032]"
118916,"[23501, 42249, 33854, 26606, 50780, 88894, 58731, 90954, 80207, 69365]"
118917,"[49305, 91809, 60986, 18735, 104803, 14081, 21795, 89785, 42062, 108138]"
118918,"[23887, 38817, 82276, 94498, 44515, 75608, 35757, 13936, 79912, 4686]"
118919,"[19141, 7693, 72814, 49376, 55347, 60736, 68802, 50719, 87409, 108647]"
118920,"[59261, 98039, 71507, 75175, 9760, 101428, 41772, 9118, 26330, 88830]"
118921,"[301, 72418, 20001, 63637, 90506, 19970, 109749, 103695, 1585, 1834]"
118922,"[38085, 17024, 14364, 39509, 35643, 93208, 18890, 36767, 35652, 102446]"
118923,"[69211, 67770, 82468, 84935, 11397, 45826, 60364, 91258, 99866, 11532]"
118924,"[15178, 34930, 108894, 43342, 38836, 27021, 42775, 108435, 77043, 20389]"
118925,"[34149, 43713, 98023, 1081, 11003, 71325, 23808, 59997, 88102, 55446]"
118926,"[19184, 41418, 80913, 65336, 64199, 8613, 92150, 49756, 8440, 58589]"
118927,"[109460, 42833, 82332, 102006, 52412, 52163, 94117, 52555, 59506, 78509]"
118928,"[84820, 33386, 88145, 10492, 87292, 49174, 13246, 45551, 3099, 54540]"
118929,"[31813, 87745, 101508, 35994, 30783, 34802, 66850, 93481, 94754, 81822]"
118930,"[5252, 44796, 68770, 71524, 98175, 294, 100152, 67433, 54426, 65774]"
118931,"[41432, 13300, 95391, 26310, 62394, 53213, 49484, 107208, 105918, 90565]"
118932,"[28145, 33176, 18205, 23960, 54807, 11762, 13638, 6190, 79846, 16020]"
118933,"[109649, 2321, 30703, 73893, 44768, 34011, 76537, 62196, 69153, 72417]"
118934,"[108844, 495, 74920, 24854, 35399, 97223, 1658, 68822, 34409, 33170]"
118935,"[4890, 92133, 70090, 3195, 27434, 9624, 58565, 85597, 30562, 101291]"
118936,"[2034, 56243, 16951, 10169, 76792, 104753, 21306, 28707, 24769, 105374]"
118937,"[71252, 32633, 10177, 63373, 97765, 37561, 40743, 67795, 70653, 95987]"
118938,"[22969, 95272, 23235, 108262, 71151, 56073, 26558, 91751, 102280, 8369]"
118939,"[77957, 3351, 107127, 94288, 47855, 38861, 28330, 33646, 57564, 25184]"
118940,"[93010, 24302, 6708, 103544, 44803, 103841, 8338, 94441, 88802, 62710]"
118941,"[76577, 68253, 4593, 104473, 35228, 82083, 21819, 60708, 58954, 35116]"
118942,"[16819, 29538, 99039, 77869, 43552, 100941, 100030, 71081, 27050, 65661]"
118943,"[89782, 35226, 22783, 90477, 3506, 10377, 54985, 91182, 32006, 28466]"
118944,"[93013, 92578, 23473, 26485, 102566, 68920, 71791, 20081, 85169, 103955]"
118945,"[36649, 97255, 22688, 87383, 46251, 32325, 100460, 79337, 78027, 25953]"
118946,"[63380, 109131, 35772, 44208, 44003, 68630, 86293, 45486, 74763, 40155]"
118947,"[57096, 30866, 76334, 45596, 40445, 105441, 11104, 88428, 57905, 36219]"
118948,"[57861, 15509, 108627, 56936, 102625, 73878, 44980, 68128, 82450, 105449]"
118949,"[107776, 103201, 90699, 75567, 40107, 20510, 66333, 71627, 34844, 58059]"
118950,"[31530, 239, 18143, 16754, 57212, 68214, 100171, 11804, 63856, 21442]"
118951,"[19463, 19847, 14204, 36532, 35039, 97417, 37247, 24893, 56927, 91493]"
118952,"[27495, 69127, 99839, 101890, 81656, 71523, 85018, 36669, 1032, 56071]"
118953,"[59957, 8181, 3775, 43119, 48017, 79277, 55385, 41637, 69587, 2328]"
118954,"[35478, 1391, 59194, 24262, 43311, 27048, 19402, 75376, 60380, 24437]"
118955,"[39056, 54606, 96547, 53615, 61131, 85851, 66428, 101021, 101248, 36465]"
118956,"[21931, 54704, 27345, 48684, 27382, 105721, 34754, 54817, 96139, 72258]"
118957,"[48737, 88618, 54574, 85285, 40379, 34566, 9488, 17964, 107745, 104264]"
118958,"[72847, 70961, 99846, 79632, 84861, 83309, 642, 90493, 90994, 66242]"
118959,"[81414, 91096, 92164, 103309, 67171, 11476, 88035, 92526, 27660, 54091]"
118960,"[42368, 21528, 80562, 83778, 72734, 16376, 80497, 55519, 73066, 15817]"
118961,"[17890, 67477, 13842, 58987, 74192, 21198, 80559, 69776, 86723, 94177]"
118962,"[11689, 46979, 36469, 67078, 23645, 7062, 61124, 50881, 99162, 25649]"
118963,"[48650, 87757, 76165, 71544, 48365, 40860, 5384, 91035, 7390, 96637]"
118964,"[95610, 21498, 92421, 91820, 71095, 8982, 43399, 104872, 87853, 104614]"
118965,"[36974, 62290, 34676, 73329, 83050, 97747, 18836, 100808, 8322, 38237]"
118966,"[20670, 73301, 35465, 89590, 56849, 25069, 85882, 99305, 77194, 40972]"
118967,"[57430, 85561, 27598, 27405, 81407, 58887, 15920, 87293, 92997, 10840]"
118968,"[471, 48306, 105112, 21563, 25967, 100040, 66879, 58649, 88878, 63349]"
118969,"[52964, 61719, 60416, 61257, 13009, 39499, 61543, 100102, 41446, 53454]"
118970,"[55967, 77610, 35021, 61966, 79590, 71625, 58573, 69974, 61364, 10051]"
118971,"[79051, 95915, 94970, 53687, 99338, 58954, 4181, 106506, 58102, 50548]"
118972,"[23120, 109519, 88366, 5096, 50317, 84893, 62104, 64454, 1163, 70105]"
118973,"[93511, 96329, 14498, 38592, 18809, 89569, 98794, 77257, 79784, 57472]"
118974,"[70613, 2758, 59729, 28888, 59343, 35718, 28954, 272, 40285, 102710]"
118975,"[80648, 42942, 58039, 106085, 90072, 40190, 68663, 300, 79937, 30539]"
118976,"[72782, 91461, 60572, 47877, 80868, 57714, 56036, 89261, 22094, 98324]"
118977,"[107579, 24074, 92393, 92010, 1710, 60545, 40923, 69130, 109447, 73544]"
118978,"[54063, 56944, 16948, 14762, 32843, 79999, 9594, 27344, 34316, 44667]"
118979,"[18250, 76554, 41661, 15743, 108698, 24869, 95704, 1839, 82865, 107120]"
118980,"[109334, 30206, 26064, 77187, 35819, 42646, 44628, 105781, 38494, 43464]"
118981,"[96, 38225, 47603, 39031, 20545, 43812, 78703, 83038, 74646, 54348]"
118982,"[86515, 74487, 102603, 94093, 90556, 74233, 108921, 95912, 77061, 98298]"
118983,"[34707, 79488, 56592, 53553, 35889, 49275, 51829, 104817, 75997, 10297]"
118984,"[89531, 68083, 74820, 64044, 9597, 29286, 15074, 34541, 105647, 68172]"
118985,"[27943, 67319, 36025, 76538, 62689, 97538, 45970, 51049, 59433, 98433]"
118986,"[82194, 61454, 76234, 98098, 71570, 101744, 68274, 13418, 68214, 73973]"
118987,"[61130, 77340, 60254, 61448, 49982, 69288, 92269, 62035, 104680, 12032]"
118988,"[52527, 45539, 95086, 60204, 41969, 15027, 47696, 9974, 37393, 47863]"
118989,"[43382, 35701, 92457, 86354, 33979, 13330, 56718, 71976, 77912, 96579]"
118990,"[40199, 74331, 62400, 104078, 89025, 71641, 38547, 60680, 58147, 74851]"
118991,"[89538, 15247, 18194, 56058, 72453, 43090, 12486, 91858, 27386, 23388]"
118992,"[25917, 39184, 36164, 30353, 100751, 50461, 99832, 45759, 105053, 105155]"
118993,"[16538, 12554, 22562, 69424, 2709, 13289, 38223, 73237, 40893, 31688]"
118994,"[52866, 108902, 37199, 54840, 97338, 278, 27831, 39583, 76600, 26348]"
118995,"[27972, 102443, 9028, 38632, 10336, 52980, 41438, 84192, 84476, 97244]"
118996,"[27599, 38336, 15042, 64565, 84241, 86631, 88058, 103441, 4969, 20673]"
118997,"[30442, 93424, 38999, 19527, 48040, 22402, 22205, 60616, 64268, 61896]"
118998,"[89418, 845, 97523, 47508, 8661, 24843, 54244, 101682, 26315, 74236]"
118999,"[99009, 31887, 32467, 27525, 72614, 62110, 58370, 62446, 7828, 15061]"
119000,"[40603, 38774, 89212, 62609, 73159, 24181, 75622, 85534, 34035, 91593]"
119001,"[106494, 91588, 75977, 88782, 93270, 97609, 99130, 39879, 45187, 27403]"
119002,"[41169, 109400, 61550, 22306, 34934, 61599, 72636, 63793, 25615, 5029]"
119003,"[87090, 9145, 106476, 98379, 100274, 20768, 52233, 77392, 101217, 30474]"
119004,"[49102, 11427, 59459, 64502, 7946, 12074, 60803, 57831, 52491, 104167]"
119005,"[97884, 33495, 16278, 41687, 33728, 98442, 73515, 25746, 59303, 103069]"
119006,"[65844, 31723, 81075, 88696, 105217, 96826, 104802, 23347, 8503, 54140]"
119007,"[61969, 15372, 28075, 53059, 1533, 10678, 82889, 76016, 37323, 25959]"
119008,"[18125, 87492, 13814, 78133, 13137, 76110, 21269, 51191, 11398, 46870]"
119009,"[85130, 105509, 66616, 92273, 12515, 2766, 64892, 98759, 79995, 80190]"
119010,"[36265, 36969, 2544, 17216, 42611, 29137, 105991, 88882, 10872, 72103]"
119011,"[47961, 107247, 89711, 27157, 97889, 106563, 10761, 33372, 24801, 2021]"
119012,"[38709, 108161, 85939, 82995, 10101, 66789, 32728, 17739, 75690, 50584]"
119013,"[36960, 24010, 13992, 34100, 47495, 98516, 65107, 51991, 20868, 23765]"
119014,"[60748, 1178, 69967, 4140, 14464, 44072, 45295, 11401, 72326, 40625]"
119015,"[79047, 68417, 87807, 30121, 72615, 48326, 12138, 43593, 94086, 60753]"
119016,"[65867, 45305, 81393, 8410, 33629, 27916, 88736, 30703, 1024, 105684]"
119017,"[36814, 78958, 15261, 12800, 28026, 28738, 2990, 106211, 108915, 12567]"
119018,"[66584, 72569, 43798, 8103, 37702, 105406, 97259, 44233, 105591, 65037]"
119019,"[93168, 22300, 95727, 82394, 102326, 53740, 65201, 15210, 81053, 20699]"
119020,"[52696, 71476, 99263, 1239, 72899, 50060, 68178, 59076, 65735, 91360]"
119021,"[48274, 98193, 82374, 56933, 20327, 52653, 108247, 50475, 65710, 24454]"
119022,"[12435, 37768, 23634, 70215, 32551, 49962, 87116, 73617, 54588, 100006]"
119023,"[45114, 40044, 14846, 37278, 31427, 1230, 91060, 92813, 50242, 39949]"
119024,"[26339, 96083, 20864, 46461, 2025, 63979, 48843, 48273, 94800, 8126]"
119025,"[4852, 52148, 5062, 46302, 57176, 35124, 34083, 49043, 35192, 51596]"
119026,"[58926, 31549, 104359, 66594, 25497, 15122, 36827, 11983, 15361, 71208]"
119027,"[71544, 26739, 61977, 93889, 57293, 9772, 90360, 104152, 85001, 76678]"
119028,"[75634, 52495, 101389, 58024, 23981, 39339, 109473, 92779, 12875, 91635]"
119029,"[9190, 69622, 57255, 47704, 249, 89895, 36979, 61700, 22284, 95471]"
119030,"[79125, 103161, 89827, 65680, 62213, 42654, 2220, 15186, 23621, 102189]"
119031,"[77654, 13854, 96892, 70713, 12683, 38760, 18763, 92023, 76547, 89048]"
119032,"[29989, 99615, 63892, 8936, 93319, 12805, 57650, 58842, 48285, 93213]"
119033,"[29124, 21815, 103538, 67412, 75540, 93672, 72720, 66423, 67473, 40521]"
119034,"[91448, 58972, 99714, 25418, 21947, 4952, 86909, 61149, 43203, 6894]"
119035,"[95897, 29498, 47411, 47324, 86466, 10491, 19515, 94926, 71406, 7236]"
119036,"[72952, 49038, 5867, 7866, 51473, 47916, 39591, 100898, 78347, 20853]"
119037,"[34647, 12976, 15514, 5953, 88143, 4504, 9529, 93645, 71322, 68987]"
119038,"[96608, 85157, 2450, 33510, 6068, 92775, 15915, 31384, 95321, 17783]"
119039,"[14837, 5226, 98080, 734, 107169, 106220, 45057, 24668, 32983, 86717]"
119040,"[74678, 81933, 50672, 31345, 8483, 10531, 32576, 87534, 3444, 1842]"
119041,"[1238, 105651, 10710, 100872, 12593, 45766, 91897, 8690, 103110, 46021]"
119042,"[98295, 101511, 101634, 51612, 18649, 50942, 46203, 108199, 75219, 40573]"
119043,"[94926, 71406, 47411, 34423, 52968, 47324, 95897, 11432, 102546, 73895]"
119044,"[1353, 22168, 44276, 75983, 63141, 87251, 21088, 46093, 75955, 85733]"
119045,"[87394, 31423, 22848, 62088, 18247, 41196, 35278, 107468, 105918, 27643]"
119046,"[92401, 83078, 3889, 76445, 46488, 99386, 54893, 105325, 102105, 40405]"
119047,"[26483, 40393, 92056, 68577, 108853, 33127, 28137, 37915, 53170, 74051]"
119048,"[41675, 46422, 22775, 3645, 106005, 77371, 96047, 102788, 18515, 52109]"
119049,"[33560, 73509, 103593, 95371, 59578, 82828, 41351, 106555, 97735, 108709]"
119050,"[38327, 16311, 44734, 3534, 39789, 109744, 11331, 107931, 76359, 33414]"
119051,"[64283, 2483, 91275, 4767, 78062, 56149, 94992, 75589, 52331, 30264]"
119052,"[35929, 63394, 98361, 40805, 6978, 30212, 4181, 84644, 57685, 30405]"
119053,"[36599, 28332, 74081, 69699, 54338, 79981, 20788, 41815, 102866, 88900]"
119054,"[65318, 52175, 23176, 10623, 28605, 92733, 39327, 49428, 71931, 46736]"
119055,"[66777, 90500, 56652, 47314, 18024, 61229, 102737, 29005, 76146, 31798]"
119056,"[57314, 38553, 34102, 93816, 96191, 10378, 95138, 61461, 94022, 5902]"
119057,"[80760, 102937, 16068, 10906, 109289, 98251, 12935, 105491, 44856, 51728]"
119058,"[69611, 107077, 36842, 49297, 40774, 98099, 54778, 72564, 26528, 15943]"
119059,"[45474, 90597, 69945, 91286, 38866, 101669, 87111, 95011, 82873, 31317]"
119060,"[73307, 75008, 19100, 47960, 107780, 101303, 38398, 55043, 65663, 90180]"
119061,"[70351, 33945, 101755, 58319, 63489, 69988, 75627, 58782, 57502, 102646]"
119062,"[82141, 54246, 17580, 5983, 44706, 43280, 23782, 68715, 91263, 102323]"
119063,"[15522, 22673, 94816, 23922, 17746, 31579, 77978, 54766, 50627, 19211]"
119064,"[2103, 11254, 35167, 5513, 52335, 47589, 91324, 16504, 23723, 23066]"
119065,"[2169, 49499, 85246, 97082, 9307, 96415, 62191, 83429, 79406, 8876]"
119066,"[29865, 53735, 49806, 44142, 58427, 8399, 74727, 5837, 83143, 57025]"
119067,"[40122, 71241, 53458, 43938, 24326, 33636, 107170, 38689, 36913, 17114]"
119068,"[63929, 23217, 18476, 49725, 78861, 56514, 54126, 50183, 97500, 24686]"
119069,"[68813, 3616, 6743, 41087, 25157, 24560, 59843, 70338, 19238, 68586]"
119070,"[94058, 72744, 57048, 101536, 16047, 82298, 81001, 74181, 24123, 67909]"
119071,"[71666, 22805, 85032, 51945, 38503, 74904, 68933, 71313, 11588, 83205]"
119072,"[25007, 39533, 79615, 22316, 56090, 34625, 69027, 83912, 38179, 81709]"
119073,"[47150, 9112, 78627, 4542, 72066, 89216, 5260, 30593, 53712, 70189]"
119074,"[96420, 37150, 88376, 24681, 76724, 24688, 34836, 67510, 103285, 49626]"
119075,"[99377, 21290, 1253, 38954, 69562, 41994, 4, 16528, 765, 53316]"
119076,"[86742, 89069, 38748, 103153, 86759, 35474, 68446, 46785, 10968, 23283]"
119077,"[50529, 46570, 83703, 73027, 73978, 94786, 3800, 52667, 18489, 97251]"
119078,"[99874, 101292, 22513, 82957, 54962, 72321, 33576, 10159, 99066, 73461]"
119079,"[47403, 43300, 36081, 56042, 93767, 879, 77434, 36855, 70411, 20897]"
119080,"[28498, 78615, 92186, 62201, 39180, 75428, 17414, 25812, 90653, 78653]"
119081,"[6126, 31628, 72233, 30267, 74572, 104582, 5730, 32941, 87260, 102936]"
119082,"[100507, 41104, 32418, 81188, 79720, 50129, 4589, 61100, 95845, 10472]"
119083,"[22891, 96697, 59901, 1403, 22434, 103285, 67026, 97850, 40420, 95688]"
119084,"[58455, 109306, 3293, 45261, 811, 107415, 98958, 108375, 80197, 2994]"
119085,"[27541, 88184, 96800, 26039, 22987, 42108, 84428, 46140, 28308, 52202]"
119086,"[38064, 86256, 51156, 52337, 101651, 1101, 57097, 74909, 87599, 1767]"
119087,"[98602, 91683, 31444, 86806, 10713, 51507, 42010, 33953, 99741, 58879]"
119088,"[108046, 42174, 99673, 8831, 7288, 29719, 73242, 56520, 45183, 38406]"
119089,"[2697, 72017, 29552, 82423, 105867, 38350, 11204, 69895, 73582, 77863]"
119090,"[12117, 2504, 54552, 102924, 85514, 82964, 63348, 53807, 77011, 41892]"
119091,"[65717, 21137, 68550, 53863, 109390, 81586, 102569, 30470, 85178, 82498]"
119092,"[92834, 99411, 93605, 97393, 95124, 89644, 86758, 11897, 1172, 49014]"
119093,"[34092, 67651, 74348, 4425, 63973, 107173, 15758, 79677, 30217, 73283]"
119094,"[6229, 103172, 75224, 100788, 94550, 106019, 85963, 61133, 86578, 41053]"
119095,"[16307, 14760, 67788, 43819, 81817, 31400, 47012, 51859, 19548, 90252]"
119096,"[85562, 60777, 29546, 23958, 27189, 90240, 29336, 50615, 32019, 55458]"
119097,"[12775, 104368, 96492, 50372, 23126, 104416, 60354, 89212, 27309, 28140]"
119098,"[95742, 89199, 59286, 96332, 39711, 15714, 14590, 105685, 29639, 20978]"
119099,"[43122, 95318, 51523, 92040, 88848, 49821, 18491, 99867, 3060, 81033]"
119100,"[22158, 3940, 88620, 12592, 88909, 82804, 75281, 58809, 34678, 95511]"
119101,"[10555, 84218, 78159, 77517, 20881, 77273, 89330, 73208, 60167, 68352]"
119102,"[45558, 23653, 78415, 79136, 9857, 83278, 80640, 27179, 39881, 55895]"
119103,"[33743, 90400, 75610, 41124, 53125, 32106, 91742, 57263, 71847, 17620]"
119104,"[7264, 5217, 10989, 32971, 22705, 56169, 53280, 49555, 85192, 35005]"
119105,"[50897, 49382, 7182, 30960, 65219, 79702, 9961, 49825, 72296, 47946]"
119106,"[8222, 57135, 67081, 90519, 74485, 75437, 25713, 51710, 59790, 18925]"
119107,"[64445, 19915, 64934, 7798, 46603, 54218, 71795, 63246, 85254, 18578]"
119108,"[18944, 42680, 81458, 2978, 59389, 87614, 98206, 24569, 30485, 91023]"
119109,"[21005, 80454, 109579, 105144, 105106, 37296, 33492, 99611, 49661, 108941]"
119110,"[38966, 53748, 94116, 75226, 11887, 59170, 61433, 33574, 68456, 31739]"
119111,"[71581, 61448, 60230, 78445, 76789, 73505, 9935, 95797, 86312, 61130]"
119112,"[105563, 75912, 68126, 399, 98742, 48678, 96573, 27448, 26528, 93647]"
119113,"[101315, 18286, 83665, 2228, 34961, 26487, 76433, 14896, 46274, 89107]"
119114,"[17068, 103771, 107181, 104449, 47632, 65452, 68143, 93844, 85803, 60914]"
119115,"[21352, 77672, 36959, 105886, 88245, 87160, 55536, 72818, 53410, 77558]"
119116,"[4187, 44606, 15297, 83114, 84828, 109652, 38765, 19739, 81699, 44338]"
119117,"[96663, 107460, 90118, 27267, 85803, 106117, 103771, 44802, 97946, 42793]"
119118,"[46766, 57947, 55842, 3515, 31409, 98714, 65687, 78225, 78570, 49353]"
119119,"[24175, 28190, 32417, 68563, 42314, 15812, 53959, 36548, 61343, 56681]"
119120,"[59369, 74633, 3380, 107858, 3582, 95905, 82567, 64566, 35897, 34233]"
119121,"[8832, 97110, 45512, 40309, 55082, 14277, 42311, 39937, 6991, 55675]"
119122,"[23222, 39131, 21820, 98532, 52883, 64470, 11468, 26692, 68322, 23159]"
119123,"[109067, 99963, 88599, 39341, 60564, 12265, 108061, 103053, 105587, 105306]"
119124,"[95607, 108042, 3399, 49378, 41282, 100758, 106580, 55778, 29131, 61517]"
119125,"[84127, 37358, 91824, 22868, 98217, 31360, 56649, 68095, 95198, 77716]"
119126,"[94382, 8809, 7273, 87515, 98643, 104025, 51602, 38625, 70078, 84470]"
119127,"[2209, 2198, 4472, 11223, 55108, 7542, 8189, 7635, 12876, 27854]"
119128,"[5688, 31094, 83297, 86883, 109367, 85415, 63956, 21780, 30575, 55805]"
119129,"[87045, 8456, 26835, 64497, 71394, 46252, 106203, 91667, 63951, 56586]"
119130,"[16563, 51050, 69020, 14466, 49866, 80881, 10844, 37452, 92176, 91130]"
119131,"[46682, 84576, 82661, 4856, 62496, 64731, 9846, 58720, 99663, 98950]"
119132,"[15100, 44393, 25614, 5606, 49841, 88106, 57377, 61692, 84358, 63612]"
119133,"[52458, 34580, 77424, 21210, 75762, 1908, 25240, 87460, 93892, 73523]"
119134,"[93888, 10979, 108082, 101151, 63851, 87833, 81685, 87881, 63986, 5071]"
119135,"[56171, 7424, 4477, 85363, 76519, 92937, 80792, 62504, 85783, 8798]"
119136,"[37101, 63060, 12905, 66110, 1280, 85664, 63358, 92896, 90055, 66375]"
119137,"[83369, 10137, 9250, 10828, 94862, 26328, 88950, 108402, 89131, 65703]"
119138,"[14480, 8676, 20491, 49495, 95072, 30770, 106859, 12803, 56378, 26296]"
119139,"[13588, 91899, 36516, 37647, 33357, 75672, 66132, 27372, 100026, 45951]"
119140,"[89481, 82059, 43828, 37472, 33088, 47869, 7420, 71251, 107691, 52741]"
119141,"[87330, 30378, 82783, 14035, 57072, 19397, 49837, 94276, 5042, 8631]"
119142,"[43419, 37035, 42008, 74299, 8319, 64523, 18464, 66278, 20598, 90656]"
119143,"[71174, 80657, 20040, 52400, 67220, 77588, 101410, 66125, 91230, 25517]"
119144,"[26128, 6966, 40794, 88163, 37055, 78890, 101200, 86317, 61792, 97032]"
119145,"[10291, 104102, 50057, 104721, 18071, 45978, 100396, 57606, 60231, 59126]"
119146,"[108057, 7775, 17598, 88017, 1200, 54949, 61865, 13278, 17747, 84752]"
119147,"[25899, 28629, 33058, 30167, 94199, 74931, 60712, 88641, 12309, 58515]"
119148,"[83519, 106995, 23741, 23919, 46349, 50678, 20495, 86528, 96274, 4126]"
119149,"[91302, 38430, 28806, 21029, 72074, 7204, 31703, 105309, 98077, 9867]"
119150,"[49561, 67303, 12998, 32140, 97344, 16679, 60950, 66658, 6024, 102278]"
119151,"[45734, 73440, 101680, 69662, 66624, 1553, 74348, 63973, 4425, 36019]"
119152,"[25263, 81483, 79617, 8308, 16811, 78442, 30686, 51981, 12249, 91267]"
119153,"[14183, 23690, 66629, 33404, 53147, 97218, 35745, 31100, 61163, 23860]"
119154,"[44907, 36911, 86964, 2487, 11277, 76293, 27031, 61960, 108878, 91083]"
119155,"[88814, 66546, 11002, 71038, 98876, 1729, 60945, 88961, 6881, 92962]"
119156,"[48041, 47630, 29387, 97872, 34292, 19228, 47868, 13631, 1955, 90505]"
119157,"[67488, 37758, 87007, 33777, 72856, 63253, 81090, 8911, 18155, 12970]"
119158,"[54559, 19210, 38656, 52755, 8573, 28959, 3164, 9412, 102488, 70787]"
119159,"[42247, 52209, 95089, 52370, 25706, 100336, 44925, 65943, 38449, 10182]"
119160,"[94566, 28181, 30557, 1747, 3471, 70897, 47474, 15290, 55118, 109582]"
119161,"[8914, 23308, 6290, 86027, 80473, 52249, 12289, 24452, 39947, 16858]"
119162,"[68784, 28126, 42309, 7683, 89836, 81312, 48997, 75877, 35240, 46303]"
119163,"[18156, 40248, 26382, 40646, 14016, 36261, 79945, 81008, 97627, 4789]"
119164,"[89362, 79205, 42095, 51273, 98445, 7967, 72611, 20117, 47990, 53700]"
119165,"[68760, 19956, 41972, 77788, 83830, 60141, 96478, 8085, 25913, 7896]"
119166,"[55565, 72518, 66472, 81247, 40924, 99688, 61307, 53247, 69435, 75968]"
119167,"[107788, 71027, 80396, 103690, 24501, 23045, 96730, 13160, 35541, 44183]"
119168,"[106875, 98036, 40591, 36685, 85167, 24284, 95469, 21183, 79474, 2469]"
119169,"[15809, 65967, 28440, 50052, 75951, 65737, 40542, 21225, 51446, 101944]"
119170,"[78145, 97769, 28491, 70544, 39378, 2484, 22298, 16367, 26450, 15795]"
119171,"[55254, 56239, 3332, 37152, 106972, 85618, 24430, 57148, 22377, 106921]"
119172,"[43179, 86009, 91331, 6431, 69940, 2252, 11557, 12362, 61044, 77937]"
119173,"[55809, 46290, 52051, 90385, 9344, 89848, 94793, 15738, 19141, 104302]"
119174,"[59933, 92376, 16335, 49581, 94386, 57146, 55978, 95008, 54412, 52758]"
119175,"[96544, 10772, 42687, 10469, 66193, 34258, 106485, 30793, 73203, 53710]"
119176,"[23025, 41720, 104168, 39014, 19297, 16298, 83955, 56414, 46127, 9437]"
119177,"[105164, 70583, 33620, 95603, 53030, 7645, 40050, 52069, 19478, 70818]"
119178,"[41797, 87250, 51675, 7038, 91399, 65810, 76129, 81533, 62159, 23437]"
119179,"[46739, 80898, 25396, 39732, 65822, 76580, 29955, 108, 87362, 72916]"
119180,"[84992, 5172, 103424, 77241, 58688, 108083, 19850, 50451, 42985, 47937]"
119181,"[83384, 8210, 109080, 61893, 25457, 61121, 45080, 93187, 68971, 65406]"
119182,"[26336, 79641, 91044, 24671, 94551, 22016, 50801, 103612, 57063, 89750]"
119183,"[34929, 5250, 61941, 2333, 50002, 89641, 100889, 83590, 14803, 95802]"
119184,"[98809, 2956, 31041, 44095, 81170, 65270, 28630, 91366, 81641, 84441]"
119185,"[67699, 25943, 86814, 89381, 99299, 102180, 80962, 16165, 12094, 9507]"
119186,"[30639, 100082, 16390, 49101, 91011, 105675, 23892, 46831, 18208, 48438]"
119187,"[72095, 54739, 50674, 109039, 86363, 59495, 29281, 102326, 93125, 29460]"
119188,"[54053, 27290, 54624, 27433, 36266, 59, 73040, 71613, 17691, 57104]"
119189,"[20872, 95488, 11639, 89125, 29184, 31083, 92319, 66099, 8350, 22021]"
119190,"[8706, 499, 78254, 26433, 100795, 82685, 21340, 78131, 104731, 43166]"
119191,"[32416, 84839, 39471, 71681, 95902, 22874, 77233, 108275, 81939, 4545]"
119192,"[50672, 50698, 27769, 32576, 74678, 81933, 106198, 31345, 8483, 87534]"
119193,"[79969, 20568, 9032, 107320, 43987, 64377, 108006, 98848, 29925, 8487]"
119194,"[40447, 81637, 104444, 80784, 56906, 23842, 66927, 76314, 5416, 69914]"
119195,"[46741, 18777, 8413, 9591, 32670, 56993, 82139, 17707, 45964, 94492]"
119196,"[101560, 96486, 55566, 8621, 91993, 40610, 67724, 99982, 6216, 66753]"
119197,"[5220, 5374, 34358, 9365, 105437, 3010, 84167, 39323, 86374, 18200]"
119198,"[66452, 59473, 102791, 20450, 82045, 55724, 80406, 15468, 74600, 105952]"
119199,"[78096, 25041, 86934, 12919, 20282, 92036, 10887, 52207, 34808, 68939]"
119200,"[10594, 18749, 85490, 3582, 82567, 95905, 3467, 45350, 74548, 59369]"
119201,"[81018, 14199, 89759, 7081, 92381, 41791, 12308, 27407, 9949, 3639]"
119202,"[31535, 52408, 109544, 93202, 106296, 28430, 53153, 66426, 1727, 49308]"
119203,"[97158, 90338, 9215, 82663, 88187, 92353, 82554, 23413, 87428, 58711]"
119204,"[89059, 90532, 90644, 42866, 85612, 79015, 62469, 23515, 14325, 100611]"
119205,"[11122, 58657, 86762, 91651, 4320, 68542, 75398, 62377, 25543, 87984]"
119206,"[100912, 32629, 9657, 68574, 70433, 40394, 2158, 10175, 3310, 10268]"
119207,"[30986, 90186, 93272, 78733, 57049, 65396, 339, 81920, 79949, 93871]"
119208,"[63093, 56074, 66852, 66956, 36834, 86876, 85561, 107445, 43459, 27443]"
119209,"[89622, 13574, 35788, 27836, 106427, 109264, 81548, 59183, 31063, 99613]"
119210,"[13964, 38894, 61412, 6077, 105058, 89997, 89089, 41872, 64919, 50523]"
119211,"[14580, 61140, 57392, 16127, 35048, 8790, 1413, 69480, 64231, 61453]"
119212,"[94972, 28875, 40544, 27759, 29641, 92204, 40006, 37874, 13605, 25177]"
119213,"[7172, 58242, 40730, 13282, 85066, 49265, 771, 69062, 67188, 13753]"
119214,"[77843, 88502, 81982, 79242, 90197, 59486, 82885, 57882, 30591, 15029]"
119215,"[65431, 85211, 79243, 45013, 93112, 75548, 40750, 35880, 45536, 50863]"
119216,"[7903, 98257, 31585, 93555, 95114, 26398, 71492, 21923, 43001, 54199]"
119217,"[25257, 1831, 94295, 55188, 72885, 23485, 75366, 50192, 37971, 101842]"
119218,"[60284, 17807, 60271, 50220, 75815, 332, 57487, 13558, 41718, 31267]"
119219,"[64152, 30210, 56847, 105825, 7242, 67898, 89751, 44442, 91041, 76671]"
119220,"[77949, 39067, 68982, 39154, 34654, 83447, 107850, 42012, 82537, 29222]"
119221,"[11688, 46268, 76798, 39728, 94844, 107527, 21353, 73668, 106113, 26686]"
119222,"[62019, 106750, 47606, 6366, 95754, 68345, 1107, 48917, 28764, 90827]"
119223,"[80700, 35265, 11609, 48416, 92806, 91128, 10550, 68236, 1351, 23696]"
119224,"[91910, 97067, 39834, 76904, 4432, 76585, 3501, 12819, 30924, 23369]"
119225,"[22003, 89515, 50048, 38199, 57737, 44243, 53899, 67353, 70103, 100177]"
119226,"[61711, 45828, 32557, 107380, 7094, 29384, 58509, 71993, 100235, 9040]"
119227,"[88733, 8762, 109115, 99493, 33881, 23375, 2061, 52529, 102490, 50854]"
119228,"[90612, 4599, 22225, 1497, 28830, 76247, 14018, 14644, 98783, 60121]"
119229,"[4705, 79767, 41339, 90446, 77926, 70507, 63480, 62203, 62164, 56498]"
119230,"[26204, 91013, 18968, 56086, 8896, 41275, 54990, 37878, 44347, 52027]"
119231,"[18049, 87591, 22322, 55408, 33102, 37796, 26812, 97092, 13059, 108440]"
119232,"[15406, 97548, 93699, 12270, 69286, 109565, 60477, 95969, 88743, 27768]"
119233,"[14525, 46728, 77863, 38218, 79793, 12291, 32312, 24504, 57123, 37091]"
119234,"[106402, 19458, 37700, 61967, 42316, 76226, 30518, 77219, 50267, 57181]"
119235,"[89647, 81166, 90635, 47389, 38059, 17651, 32321, 87837, 16710, 47637]"
119236,"[81956, 100983, 25091, 55598, 21020, 30666, 86348, 22727, 297, 103074]"
119237,"[90062, 23288, 90344, 907, 9026, 103187, 43024, 5573, 65604, 45894]"
119238,"[61287, 62272, 69256, 88290, 64511, 15433, 99471, 15705, 22896, 17541]"
119239,"[45248, 54266, 19122, 80241, 52127, 21812, 28885, 3352, 81010, 108484]"
119240,"[86534, 1428, 97366, 101553, 40046, 97435, 81236, 17005, 44399, 37025]"
119241,"[101867, 21311, 92143, 78611, 31394, 105716, 102158, 67059, 67193, 13416]"
119242,"[104660, 78022, 6008, 38360, 75922, 54164, 93975, 65673, 77175, 86398]"
119243,"[39179, 80774, 8143, 76113, 79981, 45710, 57278, 61816, 11198, 10516]"
119244,"[56042, 5018, 36081, 57252, 68518, 43300, 62716, 47403, 77434, 97398]"
119245,"[64033, 65731, 51435, 25461, 55292, 1458, 106701, 98139, 53488, 9013]"
119246,"[68165, 37226, 33627, 8373, 36321, 72641, 31818, 45598, 63010, 57566]"
119247,"[1315, 74684, 94026, 94114, 69509, 17503, 38351, 83442, 109231, 19115]"
119248,"[4538, 71848, 97710, 1810, 49562, 94076, 17405, 27947, 4463, 77917]"
119249,"[95687, 106873, 25183, 46502, 80758, 16434, 28733, 5118, 46782, 80916]"
119250,"[94888, 50564, 31768, 4331, 70867, 47394, 99259, 22597, 46147, 14574]"
119251,"[5638, 104429, 52411, 78842, 82160, 42985, 50451, 77677, 101736, 71583]"
119252,"[5804, 78218, 33257, 94860, 94208, 92491, 42200, 63771, 22973, 78866]"
119253,"[45581, 32912, 70844, 49864, 100427, 108391, 32453, 26013, 109462, 103873]"
119254,"[101681, 2413, 54760, 45936, 51215, 99646, 2718, 900, 90874, 52]"
119255,"[27758, 67977, 59717, 70972, 53819, 103737, 100743, 67818, 44480, 52629]"
119256,"[54413, 13292, 22570, 49569, 12622, 92342, 40882, 62223, 47901, 83862]"
119257,"[51297, 68551, 72067, 73946, 51656, 48812, 24257, 59819, 103924, 4792]"
119258,"[39034, 27700, 106271, 38737, 49952, 46680, 30278, 82357, 87717, 65106]"
119259,"[89246, 30371, 79577, 26684, 1972, 109391, 91956, 108691, 104383, 11558]"
119260,"[13829, 4212, 93124, 29556, 54361, 37591, 50861, 30200, 7664, 31049]"
119261,"[82783, 32251, 8288, 43052, 89409, 107273, 82937, 33142, 19352, 34725]"
119262,"[95287, 41234, 25296, 66135, 41571, 22142, 16488, 67543, 3705, 66683]"
119263,"[53746, 44751, 105455, 91260, 74954, 32142, 73685, 106783, 1128, 25138]"
119264,"[41733, 48553, 65629, 104430, 91501, 69828, 45246, 105174, 12456, 74152]"
119265,"[46095, 56155, 92287, 1894, 100945, 105677, 83827, 93305, 32089, 75122]"
119266,"[4909, 106708, 53846, 51684, 92331, 27934, 96161, 8426, 653, 30124]"
119267,"[82651, 78604, 70157, 76926, 43948, 63210, 62075, 583, 65286, 46034]"
119268,"[90389, 20592, 31912, 70837, 45467, 103909, 80049, 103894, 26685, 8978]"
119269,"[67574, 89400, 109500, 50983, 102143, 31594, 59073, 84451, 49547, 98828]"
119270,"[24256, 45283, 106626, 15385, 52078, 97785, 26031, 13899, 50199, 47769]"
119271,"[50013, 42268, 46803, 189, 92993, 16056, 109671, 38048, 85891, 58058]"
119272,"[52079, 94239, 108827, 102667, 47521, 60823, 29418, 85857, 92443, 28881]"
119273,"[65983, 107990, 94814, 40386, 108031, 51130, 11954, 10002, 27136, 90105]"
119274,"[30375, 30107, 33858, 69139, 84932, 109408, 21315, 20857, 68089, 41693]"
119275,"[60884, 100121, 48612, 88565, 67163, 18639, 38591, 16512, 51146, 42076]"
119276,"[54857, 46612, 13382, 76592, 18973, 65028, 8778, 25364, 57383, 97273]"
119277,"[67120, 47613, 17306, 41299, 59051, 7159, 61628, 16641, 93260, 55819]"
119278,"[84605, 18274, 97734, 67605, 50123, 1435, 95841, 59353, 58175, 41511]"
119279,"[23987, 81742, 87116, 20757, 68346, 66971, 36662, 73617, 12435, 6920]"
119280,"[20352, 24573, 26217, 2725, 34999, 77170, 31636, 43730, 60763, 96809]"
119281,"[68967, 1906, 87681, 100210, 23116, 48537, 10560, 90492, 102549, 15548]"
119282,"[57813, 92980, 31952, 98087, 59835, 6028, 97006, 47368, 94686, 79371]"
119283,"[12783, 99516, 98104, 31182, 98245, 40309, 83827, 88494, 96592, 18751]"
119284,"[36610, 43744, 33376, 72072, 31383, 28525, 77133, 20919, 30191, 94792]"
119285,"[47219, 18739, 34060, 60733, 50521, 73460, 85727, 5419, 86764, 20904]"
119286,"[96501, 19398, 105628, 61961, 16488, 25296, 52254, 51800, 68631, 72839]"
119287,"[55393, 41543, 21942, 80755, 95080, 1084, 35327, 96400, 5970, 108355]"
119288,"[23966, 80836, 71748, 60593, 26327, 87157, 88144, 54694, 4495, 13057]"
119289,"[57845, 18081, 98655, 103744, 19938, 79393, 86126, 54989, 109617, 86613]"
119290,"[74732, 105846, 74645, 37194, 48685, 9284, 90450, 43149, 3198, 78417]"
119291,"[30582, 23155, 106756, 86799, 100472, 26346, 62281, 11417, 65725, 15240]"
119292,"[108265, 14490, 98117, 105703, 1208, 109146, 78886, 92359, 68408, 61669]"
119293,"[108533, 30722, 801, 15775, 67543, 55447, 52232, 32360, 3705, 66683]"
119294,"[41265, 109636, 56152, 87211, 34969, 20128, 3626, 81846, 53183, 81602]"
119295,"[62486, 45509, 47255, 71266, 89582, 74746, 45678, 61827, 100800, 11488]"
119296,"[34281, 21782, 20303, 48038, 42973, 90470, 71267, 50413, 52600, 77959]"
119297,"[31563, 43472, 104207, 43704, 61808, 11098, 102749, 54727, 36687, 106634]"
119298,"[106531, 59877, 32549, 14033, 63756, 1595, 3440, 48087, 101144, 38216]"
119299,"[37204, 64146, 10395, 50080, 39085, 76884, 9822, 16060, 71749, 45085]"
119300,"[28521, 88189, 11806, 16642, 41731, 32710, 50576, 102244, 91497, 57928]"
119301,"[100328, 95731, 102831, 78731, 77893, 87630, 29549, 46451, 55918, 36543]"
119302,"[103082, 76031, 3897, 71342, 40548, 102822, 14448, 53386, 9481, 82135]"
119303,"[89923, 75192, 31908, 58669, 51683, 71942, 8598, 57111, 51861, 106850]"
119304,"[48266, 20759, 105182, 5156, 87200, 92062, 63783, 64292, 96914, 108480]"
119305,"[7886, 98178, 16089, 99895, 86952, 10857, 20133, 57427, 73351, 40734]"
119306,"[38145, 33093, 32229, 89108, 87693, 23450, 100771, 51745, 25549, 5703]"
119307,"[80203, 59995, 10069, 102253, 97322, 89106, 41453, 72073, 61739, 60747]"
119308,"[109751, 80140, 62870, 65307, 61891, 10300, 87474, 69208, 67232, 82566]"
119309,"[65987, 32135, 63351, 17175, 19380, 96459, 77951, 17692, 9582, 49131]"
119310,"[35799, 89254, 38888, 105447, 34355, 28956, 63895, 2176, 3630, 104488]"
119311,"[45982, 63410, 79331, 62276, 37586, 51101, 1440, 77223, 106321, 70996]"
119312,"[55612, 54728, 48176, 89234, 98190, 43805, 55877, 38044, 91453, 7478]"
119313,"[1470, 40529, 106703, 37618, 30659, 105661, 7995, 24129, 77956, 80957]"
119314,"[59765, 34154, 74647, 78317, 35904, 53294, 10122, 52388, 55130, 94090]"
119315,"[89845, 44774, 62328, 11000, 74967, 103233, 70881, 100385, 94368, 62686]"
119316,"[89683, 74426, 6870, 64980, 17667, 20654, 54705, 52393, 89359, 71443]"
119317,"[3727, 52928, 89269, 34151, 72757, 24643, 75771, 99934, 86425, 84730]"
119318,"[9338, 60160, 23776, 44092, 13570, 38226, 92321, 24215, 32087, 39613]"
119319,"[81997, 89743, 3134, 4914, 39404, 48841, 98790, 105832, 29835, 86769]"
119320,"[56491, 46637, 46224, 98478, 9949, 75565, 102029, 31872, 68831, 60608]"
119321,"[45301, 76598, 75727, 92598, 40474, 4695, 92369, 91373, 67405, 61002]"
119322,"[5754, 74116, 64857, 49290, 93063, 58784, 105614, 16643, 22299, 82369]"
119323,"[50937, 99507, 54637, 11687, 16660, 57065, 2849, 5436, 96568, 39253]"
119324,"[90700, 19954, 72483, 42216, 70576, 3702, 38832, 63242, 25491, 15806]"
119325,"[70489, 87522, 71961, 49873, 97993, 63356, 100973, 87670, 97018, 100767]"
119326,"[17819, 22098, 66146, 31313, 91436, 38109, 33785, 14705, 42354, 12470]"
119327,"[88268, 20876, 92561, 31806, 97473, 97287, 61520, 64490, 10495, 86514]"
119328,"[13096, 51371, 90155, 104861, 90448, 51474, 5500, 18804, 44844, 24557]"
119329,"[65912, 22365, 59259, 50364, 73749, 44569, 25899, 83190, 14797, 76008]"
119330,"[54928, 13536, 21624, 59456, 31817, 50810, 45903, 66640, 68291, 28582]"
119331,"[53398, 69640, 105042, 106769, 43186, 15124, 95227, 5154, 63032, 43033]"
119332,"[19696, 54268, 37264, 18502, 84837, 1606, 34181, 41685, 99349, 75086]"
119333,"[42838, 65465, 93102, 18142, 35494, 95282, 22104, 59738, 28551, 40126]"
119334,"[70151, 90288, 97173, 72745, 108434, 10646, 43837, 58105, 95308, 96582]"
119335,"[96318, 14073, 31882, 6683, 39737, 23480, 13996, 43990, 60933, 59977]"
119336,"[84551, 59662, 25998, 38906, 42079, 20307, 99962, 9816, 20337, 108564]"
119337,"[83392, 109537, 61958, 94376, 37342, 19403, 69000, 39720, 86024, 47528]"
119338,"[54111, 72975, 46925, 40339, 84590, 59598, 66090, 5649, 70243, 74999]"
119339,"[69774, 53767, 49696, 92560, 84770, 18123, 67628, 3787, 91951, 87798]"
119340,"[60845, 65579, 48698, 74261, 17924, 56991, 28099, 33557, 66134, 84740]"
119341,"[4805, 68286, 9331, 29176, 76134, 3877, 26902, 30723, 83148, 21803]"
119342,"[12307, 94677, 109163, 51566, 40927, 4554, 96403, 57743, 105949, 92295]"
119343,"[34724, 16912, 72198, 78320, 66183, 72203, 101186, 19430, 56250, 1429]"
119344,"[77898, 63658, 12949, 60346, 61175, 86744, 75943, 76774, 102960, 60688]"
119345,"[44441, 62990, 32554, 43292, 80176, 9167, 48387, 2940, 65762, 89312]"
119346,"[58816, 86612, 37590, 28139, 55577, 88688, 22988, 59356, 30549, 16526]"
119347,"[73573, 101125, 106179, 87651, 33122, 102791, 79833, 56599, 83584, 103467]"
119348,"[80149, 86463, 57125, 85934, 60166, 59807, 91517, 30834, 93628, 58921]"
119349,"[88212, 8509, 50684, 108326, 85998, 12790, 77437, 31070, 81934, 7613]"
119350,"[4955, 30216, 94598, 43646, 81662, 97206, 10379, 60536, 36426, 44903]"
119351,"[83748, 6513, 86104, 68194, 18604, 109698, 107088, 9788, 17090, 7153]"
119352,"[60, 61813, 10037, 83129, 36915, 97957, 24075, 79555, 358, 67611]"
119353,"[7325, 52707, 100046, 98503, 93949, 74883, 12628, 85209, 69659, 9426]"
119354,"[50090, 82241, 57931, 94047, 102880, 45285, 60536, 14268, 80664, 39677]"
119355,"[29582, 13371, 15398, 80838, 12951, 856, 49925, 43654, 27556, 68414]"
119356,"[8094, 16803, 54395, 6285, 51110, 82456, 27284, 93861, 30209, 28070]"
119357,"[52638, 92594, 67009, 23688, 46867, 4500, 84023, 43257, 49292, 53634]"
119358,"[78162, 49201, 80274, 33733, 18818, 23966, 41615, 21559, 64112, 56156]"
119359,"[28709, 54213, 23232, 48784, 70006, 100551, 33438, 41660, 883, 98836]"
119360,"[47254, 51625, 43361, 53490, 90369, 106621, 67485, 83958, 98510, 98224]"
119361,"[13570, 9805, 92216, 74019, 84900, 49367, 32310, 46038, 4778, 82078]"
119362,"[84003, 71640, 83649, 14659, 59848, 38541, 64631, 75401, 49083, 103118]"
119363,"[81072, 26551, 35913, 36637, 22890, 87323, 59385, 109431, 36561, 221]"
119364,"[91906, 91000, 49506, 87091, 66321, 53820, 49862, 47803, 88676, 2159]"
119365,"[93183, 76031, 8368, 103082, 5480, 59992, 102082, 33824, 104, 17853]"
119366,"[74820, 108717, 27948, 21183, 29138, 13961, 106098, 83806, 73919, 35509]"
119367,"[103850, 104703, 20813, 11895, 102161, 14922, 61426, 43037, 108779, 72526]"
119368,"[89627, 74937, 98995, 31046, 26695, 105759, 29717, 59295, 95666, 96120]"
119369,"[62945, 20118, 2033, 101298, 70830, 2463, 19659, 108175, 39987, 22214]"
119370,"[23440, 7559, 20028, 104159, 17867, 59458, 104022, 45331, 92320, 99245]"
119371,"[25356, 85014, 86085, 66153, 90470, 106724, 91016, 24986, 101123, 68197]"
119372,"[82296, 51600, 35427, 53782, 85762, 759, 42399, 87741, 10718, 15106]"
119373,"[35226, 90477, 22783, 19153, 89782, 53230, 83757, 32006, 91225, 54985]"
119374,"[67953, 55372, 77588, 68621, 45093, 42847, 85773, 84989, 106386, 99115]"
119375,"[109089, 15591, 66542, 90278, 67728, 55394, 13211, 53152, 4916, 85611]"
119376,"[30080, 82402, 84287, 103751, 13429, 96429, 99327, 22949, 95019, 57953]"
119377,"[84200, 91306, 28413, 10095, 35125, 80634, 102800, 62841, 49954, 11560]"
119378,"[101849, 36056, 27458, 15595, 68881, 92539, 1510, 46786, 90232, 93687]"
119379,"[71924, 15444, 59522, 37423, 72862, 79217, 36458, 10662, 14551, 102368]"
119380,"[61657, 32123, 42029, 22161, 107675, 24542, 41032, 84641, 47862, 84229]"
119381,"[42262, 102195, 92861, 102031, 13584, 53045, 12216, 56872, 79214, 68733]"
119382,"[103750, 34106, 41139, 66096, 5681, 71457, 47286, 57709, 91875, 31910]"
119383,"[37120, 28866, 99375, 43344, 62040, 38907, 32677, 28912, 6455, 86294]"
119384,"[23133, 22390, 51199, 6644, 101775, 96198, 19600, 105358, 57147, 17595]"
119385,"[36561, 74417, 65842, 84257, 71268, 26551, 65830, 104836, 109431, 10102]"
119386,"[76843, 7873, 78747, 10136, 81666, 84434, 53653, 30049, 34702, 53625]"
119387,"[62326, 7225, 9336, 109733, 54383, 49524, 82586, 64557, 63024, 21796]"
119388,"[73208, 4393, 60167, 91894, 109533, 31387, 84218, 10555, 89330, 47282]"
119389,"[77360, 109344, 71154, 68563, 67859, 86938, 91048, 72970, 55244, 42314]"
119390,"[79356, 33919, 29662, 44622, 65376, 50122, 53168, 5575, 78310, 40263]"
119391,"[62220, 73868, 81920, 19454, 98970, 16891, 40322, 6153, 57200, 16354]"
119392,"[83585, 7246, 106232, 93732, 33068, 64055, 105402, 53500, 37689, 26458]"
119393,"[85049, 22871, 88386, 23139, 21750, 65651, 26789, 101310, 107737, 103923]"
119394,"[92292, 87663, 1111, 1815, 33282, 91104, 57757, 7478, 74654, 72694]"
119395,"[62659, 95427, 44685, 70345, 54223, 91744, 25498, 23326, 8084, 69978]"
119396,"[98167, 37167, 43834, 99792, 1447, 13060, 66025, 98218, 105321, 39433]"
119397,"[23070, 82114, 100149, 14098, 32074, 14397, 11781, 54701, 81200, 106275]"
119398,"[43510, 78763, 70326, 57651, 53739, 76847, 66898, 45730, 82139, 3024]"
119399,"[88695, 23995, 10499, 1707, 46834, 48006, 6837, 38862, 62760, 74282]"
119400,"[57183, 65426, 90677, 32900, 97129, 51405, 64188, 9603, 63722, 55522]"
119401,"[77154, 104267, 78098, 52294, 100700, 95347, 53295, 66315, 92487, 104596]"
119402,"[94479, 39656, 86794, 103508, 14162, 41820, 7295, 58704, 47351, 99336]"
119403,"[58423, 104908, 109091, 9418, 53726, 13140, 36837, 29198, 107570, 61191]"
119404,"[103973, 80067, 97323, 79695, 16618, 79101, 97197, 93514, 68074, 51916]"
119405,"[74410, 79059, 103244, 21273, 11606, 95302, 98520, 42796, 4091, 10305]"
119406,"[88444, 21113, 91607, 101231, 108654, 85896, 67478, 43160, 54022, 60252]"
119407,"[5829, 63229, 72842, 28703, 90355, 464, 25558, 34945, 70930, 32791]"
119408,"[93228, 101904, 90511, 83112, 63628, 4055, 96009, 70259, 64841, 24423]"
119409,"[31296, 69368, 18543, 17938, 58872, 10074, 88477, 80513, 10769, 1432]"
119410,"[74666, 106177, 95877, 43250, 6726, 58339, 20745, 106356, 79800, 16061]"
119411,"[101557, 64280, 53189, 57012, 82510, 98405, 28390, 71468, 57382, 80944]"
119412,"[109012, 43587, 11591, 19924, 23577, 93249, 19335, 32560, 77787, 93612]"
119413,"[55783, 63146, 1854, 105750, 41031, 27443, 57430, 106155, 36241, 36952]"
119414,"[61269, 13880, 47476, 63719, 45926, 10421, 69089, 16374, 78086, 51115]"
119415,"[3048, 109658, 52656, 60441, 15019, 99736, 107773, 98284, 88010, 38492]"
119416,"[16072, 10222, 7184, 18116, 46025, 21572, 91884, 16596, 101762, 105531]"
119417,"[95888, 54959, 39525, 59475, 59629, 18640, 99814, 38851, 91371, 66492]"
119418,"[3497, 98982, 71798, 98788, 51752, 90028, 9127, 53362, 37305, 48688]"
119419,"[56235, 106007, 100355, 63065, 102799, 16070, 69918, 17423, 70620, 12581]"
119420,"[22409, 92785, 40649, 89107, 79949, 2228, 23047, 13608, 44437, 91507]"
119421,"[58874, 56381, 2937, 31503, 75926, 36413, 92533, 59209, 75337, 76573]"
119422,"[32060, 11299, 10025, 55491, 55183, 107979, 69491, 95199, 84763, 72096]"
119423,"[31503, 61325, 92533, 56050, 80745, 59209, 75160, 75337, 42327, 56381]"
119424,"[95904, 28848, 7866, 75527, 29688, 69763, 106821, 87830, 87680, 5867]"
119425,"[6339, 2951, 43531, 100627, 106632, 11805, 75014, 88744, 2289, 30447]"
119426,"[34671, 14417, 50672, 21221, 35885, 75216, 2511, 31345, 32576, 30186]"
119427,"[93714, 33166, 107987, 97644, 92456, 94683, 38207, 53231, 14855, 65463]"
119428,"[29106, 91164, 33010, 87740, 10070, 102677, 75409, 67992, 82516, 73904]"
119429,"[38502, 40854, 73016, 1546, 8884, 59168, 69862, 49742, 81478, 103063]"
119430,"[78981, 58465, 19195, 32210, 92436, 80472, 6454, 30865, 24353, 94748]"
119431,"[46280, 41545, 80328, 35449, 28025, 77484, 37947, 86753, 102540, 36401]"
119432,"[27331, 92029, 69114, 77457, 94849, 19796, 39941, 62755, 7174, 11830]"
119433,"[2830, 83990, 60382, 31284, 11311, 99199, 85744, 85310, 280, 35361]"
119434,"[57432, 70935, 63721, 107961, 102636, 17137, 35307, 66110, 91218, 11794]"
119435,"[63869, 56985, 75717, 72188, 13748, 72735, 30667, 97015, 6795, 106189]"
119436,"[65296, 62424, 24778, 16839, 97765, 9283, 37561, 29872, 63466, 20659]"
119437,"[38370, 103011, 19896, 7432, 19093, 104960, 78427, 103647, 98822, 28231]"
119438,"[54921, 62229, 101276, 82923, 83210, 95586, 85603, 18610, 76307, 6860]"
119439,"[104165, 33469, 88966, 63615, 63594, 107339, 59139, 82020, 70658, 7428]"
119440,"[37286, 94074, 37957, 107573, 19165, 60653, 30821, 23001, 49253, 27065]"
119441,"[27086, 48257, 104426, 8436, 57956, 10919, 1643, 64148, 35425, 58324]"
119442,"[62460, 20065, 18636, 88889, 83911, 58560, 8754, 91082, 65525, 85923]"
119443,"[44018, 101502, 108021, 77627, 94537, 35221, 52606, 26612, 86141, 14262]"
119444,"[94328, 59019, 100967, 15730, 1509, 58249, 1550, 34158, 32846, 46900]"
119445,"[76009, 76326, 100705, 39489, 20392, 25971, 81171, 60379, 21721, 69375]"
119446,"[51614, 101192, 35068, 16094, 15549, 109742, 22124, 81439, 40811, 24322]"
119447,"[150, 60566, 91486, 29795, 71289, 96409, 36381, 51071, 71879, 17692]"
119448,"[57481, 68666, 57743, 57305, 12307, 109163, 21482, 86400, 9454, 10325]"
119449,"[29978, 78975, 31519, 68599, 85076, 42419, 91917, 62916, 80028, 104511]"
119450,"[81978, 6215, 89372, 100142, 95444, 76706, 44485, 71480, 41293, 61495]"
119451,"[85118, 38751, 27819, 12410, 67249, 64035, 22435, 23672, 100212, 14968]"
119452,"[63261, 7771, 42860, 25545, 108646, 11663, 81343, 11624, 102783, 44503]"
119453,"[579, 97612, 65373, 45399, 60112, 17673, 35746, 28218, 23639, 45488]"
119454,"[34815, 28499, 84813, 85168, 5338, 87152, 98910, 108256, 51619, 52309]"
119455,"[28262, 54666, 71130, 85563, 102716, 72405, 57344, 93529, 30117, 48002]"
119456,"[84108, 88129, 76123, 62045, 1691, 105064, 31177, 74691, 54105, 30250]"
119457,"[30573, 72069, 98749, 18852, 71994, 52206, 45408, 39004, 31980, 35886]"
119458,"[407, 60646, 44418, 109482, 109373, 22351, 83654, 17392, 68499, 59167]"
119459,"[8991, 3414, 43226, 13401, 77750, 14390, 94668, 86955, 108496, 92992]"
119460,"[38351, 19115, 94026, 94114, 69509, 17503, 109231, 1315, 93264, 74684]"
119461,"[73108, 53660, 84430, 35391, 61842, 863, 63078, 85396, 87869, 90594]"
119462,"[36022, 69403, 988, 25878, 87784, 65339, 102734, 88426, 103304, 40671]"
119463,"[66053, 15665, 13055, 14911, 54833, 47875, 74301, 36239, 28694, 109620]"
119464,"[89084, 75052, 5213, 82162, 68215, 80265, 77504, 59116, 107905, 14487]"
119465,"[33147, 59117, 22116, 31844, 81098, 6416, 52158, 85514, 14455, 66232]"
119466,"[58266, 25518, 43078, 78619, 85591, 68419, 77016, 108821, 19557, 63768]"
119467,"[57131, 61820, 47584, 78342, 8576, 52785, 96540, 49129, 96894, 107136]"
119468,"[19751, 57388, 37157, 90030, 78889, 101427, 71425, 101841, 8019, 25947]"
119469,"[87883, 19670, 99280, 15100, 25614, 79656, 48333, 26051, 88524, 71553]"
119470,"[48726, 60971, 18127, 43309, 38789, 7448, 36474, 38832, 90700, 42216]"
119471,"[103028, 71768, 38693, 623, 31348, 107314, 745, 63237, 78056, 90526]"
119472,"[6579, 16661, 80033, 72965, 7532, 2994, 23166, 91305, 10775, 101485]"
119473,"[15192, 19391, 72957, 53578, 85421, 6838, 22691, 53137, 74646, 57498]"
119474,"[16382, 29282, 46442, 97861, 60066, 28587, 101956, 80665, 22717, 99275]"
119475,"[44494, 36322, 94403, 40318, 55397, 65022, 70739, 23086, 1617, 40891]"
119476,"[106110, 70151, 2840, 80495, 62815, 107091, 43837, 90288, 96582, 63282]"
119477,"[10465, 40956, 11500, 74862, 45265, 1251, 91154, 37425, 81771, 95524]"
119478,"[87231, 45409, 40800, 1308, 43268, 40461, 24392, 25616, 53201, 100213]"
119479,"[6751, 1402, 100107, 10954, 24524, 3861, 69307, 28956, 42500, 29912]"
119480,"[71838, 27196, 55404, 89528, 69002, 33105, 55887, 102295, 2826, 49149]"
119481,"[2513, 71936, 78322, 60814, 72963, 82584, 66131, 54814, 98784, 6466]"
119482,"[109758, 12684, 99154, 2832, 95284, 56145, 20659, 96133, 13261, 95024]"
119483,"[11156, 70005, 81814, 44714, 69635, 21164, 108814, 57691, 51582, 67501]"
119484,"[41455, 6105, 88574, 29191, 9502, 9816, 5419, 86764, 89455, 66150]"
119485,"[15084, 61090, 76281, 59479, 13875, 98072, 35322, 7186, 65649, 63126]"
119486,"[84437, 80293, 8505, 46111, 15813, 81430, 90193, 3739, 82362, 71741]"
119487,"[84337, 64717, 12605, 44189, 96757, 70649, 98595, 98926, 86701, 44873]"
119488,"[92657, 9959, 1566, 6522, 1979, 6659, 20036, 43925, 82401, 89375]"
119489,"[84547, 23702, 17177, 106066, 1144, 36678, 104875, 44285, 36586, 58022]"
119490,"[73571, 65475, 76256, 66869, 52021, 51961, 46296, 33413, 2862, 90423]"
119491,"[48673, 102052, 62368, 80195, 77634, 91541, 56890, 65762, 22435, 15992]"
119492,"[77630, 63549, 95500, 7599, 98412, 104551, 55970, 77493, 70007, 4799]"
119493,"[96412, 79662, 96601, 85312, 69602, 45869, 3971, 46655, 38863, 68871]"
119494,"[56045, 16243, 52295, 76609, 41285, 85509, 92966, 91036, 27701, 74908]"
119495,"[68619, 80343, 39868, 23675, 75213, 96758, 21337, 3475, 9890, 17454]"
119496,"[16268, 24437, 95184, 20063, 1391, 107782, 82649, 7399, 76141, 48219]"
119497,"[104786, 23214, 20196, 101667, 72874, 37779, 68156, 15704, 20781, 108763]"
119498,"[59980, 100777, 76914, 41878, 71914, 11390, 83845, 45748, 6096, 103825]"
119499,"[53766, 22047, 42709, 3209, 33419, 17941, 50368, 98722, 50702, 14675]"
119500,"[76955, 90908, 89838, 4576, 108578, 5666, 22352, 92736, 31995, 11223]"
119501,"[87747, 59709, 40320, 56893, 90031, 86107, 58564, 35073, 9852, 100845]"
119502,"[17933, 65002, 70295, 79519, 10212, 44630, 73509, 16316, 89464, 42292]"
119503,"[95445, 45087, 15532, 77844, 67295, 65397, 4660, 5753, 72029, 49414]"
119504,"[87827, 15343, 31260, 84394, 103612, 67145, 79641, 69760, 29323, 106429]"
119505,"[100837, 63725, 71661, 62998, 30806, 73182, 50281, 43650, 25915, 88073]"
119506,"[533, 78396, 12363, 100764, 64551, 25780, 84775, 104318, 30443, 100513]"
119507,"[23252, 79718, 90730, 38914, 52484, 101288, 70954, 93480, 39125, 286]"
119508,"[15986, 85092, 20440, 40272, 35528, 68589, 44913, 77603, 38222, 68386]"
119509,"[6496, 85087, 29984, 15049, 18652, 101146, 96201, 56521, 37783, 66385]"
119510,"[3412, 109207, 91487, 41414, 17601, 55763, 4386, 17005, 2011, 85989]"
119511,"[94893, 33757, 38236, 50275, 102301, 32295, 58315, 71067, 24245, 28401]"
119512,"[52494, 97021, 13152, 104069, 73533, 1399, 90033, 70394, 69393, 7298]"
119513,"[21460, 74049, 16936, 98255, 71690, 34677, 22634, 15406, 3533, 101457]"
119514,"[17272, 69988, 58782, 101755, 68525, 6073, 64111, 54323, 38864, 70351]"
119515,"[14185, 68772, 24919, 21061, 25754, 20348, 19204, 101047, 1156, 29777]"
119516,"[85723, 13915, 86827, 86364, 29179, 44866, 8893, 107163, 28821, 27567]"
119517,"[42755, 41060, 97761, 47155, 94045, 71070, 103068, 44943, 99138, 42870]"
119518,"[30308, 107549, 12702, 98226, 99660, 82642, 5512, 97889, 12310, 69932]"
119519,"[91585, 59831, 362, 16100, 11509, 8459, 14597, 43404, 60085, 40484]"
119520,"[49599, 21233, 92137, 18727, 60824, 6080, 105680, 65065, 57383, 11337]"
119521,"[65181, 34714, 35904, 68542, 10533, 22309, 109732, 61640, 55130, 2488]"
119522,"[20161, 102241, 8493, 90626, 74421, 71621, 22896, 37198, 93994, 88278]"
119523,"[96499, 48284, 41526, 93587, 12127, 14273, 46275, 93327, 56998, 87934]"
119524,"[105436, 28678, 1692, 4127, 66730, 79230, 1106, 81721, 30500, 3882]"
119525,"[4648, 34106, 93527, 78285, 24858, 7010, 103583, 56718, 87762, 1025]"
119526,"[82794, 64108, 94605, 92982, 69159, 18154, 41099, 1281, 43775, 46943]"
119527,"[95379, 725, 28312, 84734, 36866, 90251, 21674, 96886, 91206, 58767]"
119528,"[14838, 102608, 35420, 69939, 42920, 95399, 50867, 65242, 38459, 68208]"
119529,"[78619, 83322, 80738, 70923, 52263, 34564, 15501, 63720, 62529, 37999]"
119530,"[13407, 56102, 94058, 80212, 39040, 70069, 45720, 56766, 1365, 21071]"
119531,"[56125, 97397, 43181, 76362, 13914, 45454, 88070, 17008, 12790, 30389]"
119532,"[51799, 8656, 96344, 35618, 40880, 41757, 42872, 33494, 101701, 50950]"
119533,"[37041, 2548, 101032, 76780, 85909, 2436, 71490, 44648, 52383, 1928]"
119534,"[54911, 95709, 109209, 1105, 20999, 38529, 39145, 68269, 53620, 24806]"
119535,"[70024, 11103, 11101, 76982, 109586, 56242, 68206, 94924, 69170, 14193]"
119536,"[40974, 97024, 44059, 27574, 98852, 16686, 45626, 79984, 58888, 52112]"
119537,"[42183, 75591, 67846, 89454, 101130, 93308, 26921, 25266, 58656, 79431]"
119538,"[91383, 61225, 7217, 48696, 10774, 35254, 53077, 9087, 12538, 5892]"
119539,"[77233, 15447, 39471, 11685, 86305, 46810, 6404, 71681, 84839, 32416]"
119540,"[13681, 50247, 94789, 100531, 97058, 104007, 54102, 83994, 106764, 25361]"
119541,"[106399, 83168, 91629, 17401, 37984, 76199, 89448, 108072, 105065, 21478]"
119542,"[61321, 8642, 106994, 31716, 96841, 56519, 79339, 48772, 34574, 108320]"
119543,"[59552, 17656, 38836, 52547, 86725, 58389, 22063, 98805, 95830, 78309]"
119544,"[36327, 70291, 31544, 6512, 29464, 30124, 16003, 51684, 5147, 45719]"
119545,"[7565, 42965, 96073, 85929, 64729, 77482, 8537, 13574, 53195, 57060]"
119546,"[14636, 5895, 50962, 41483, 60122, 54350, 38563, 96313, 103882, 34996]"
119547,"[106612, 5882, 55621, 82697, 49448, 38692, 76492, 67359, 6197, 76438]"
119548,"[93533, 18665, 105714, 50522, 109320, 13250, 18763, 83657, 13610, 89380]"
119549,"[66304, 96139, 38464, 69263, 73474, 92378, 88028, 90617, 33071, 15849]"
119550,"[64588, 108491, 20336, 33479, 35773, 43216, 24330, 28347, 22746, 86600]"
119551,"[105364, 32865, 36119, 20179, 101102, 74083, 21937, 3310, 40394, 11251]"
119552,"[82882, 25325, 66727, 94127, 68002, 4085, 45067, 108826, 19228, 17546]"
119553,"[50742, 66232, 62712, 56068, 51824, 4928, 60011, 55184, 43467, 12635]"
119554,"[69105, 98319, 67889, 15892, 55414, 16409, 106252, 42250, 108640, 72847]"
119555,"[38062, 88783, 73686, 87094, 102320, 35329, 98534, 11836, 106012, 84128]"
119556,"[81794, 18379, 5509, 37747, 19059, 47062, 40735, 106174, 59024, 30583]"
119557,"[106151, 39419, 79367, 67540, 70581, 24525, 19224, 89589, 49906, 61745]"
119558,"[36757, 17323, 87406, 21112, 54815, 24942, 64400, 107230, 42341, 60639]"
119559,"[65289, 75042, 81306, 27057, 103204, 44114, 102775, 60113, 94935, 59762]"
119560,"[92160, 85070, 74104, 75029, 32957, 57329, 13767, 75979, 41937, 50172]"
119561,"[54461, 76344, 45770, 65225, 93654, 103536, 53183, 109204, 47690, 26188]"
119562,"[77181, 21978, 57678, 84273, 106907, 40065, 53554, 62281, 18161, 28465]"
119563,"[37438, 93666, 7991, 63165, 39168, 29926, 46462, 69739, 105459, 82902]"
119564,"[78839, 57104, 2871, 19452, 55678, 58218, 50402, 14956, 55845, 26454]"
119565,"[86959, 29347, 92501, 13327, 108559, 79344, 71832, 56146, 28189, 87724]"
119566,"[76229, 57839, 62003, 36289, 50085, 63948, 3874, 11373, 36247, 101135]"
119567,"[39803, 50313, 52283, 102808, 44032, 57456, 83376, 34551, 27823, 69546]"
119568,"[4139, 65022, 105607, 46284, 70739, 35319, 40318, 11581, 26930, 46526]"
119569,"[89693, 20235, 56682, 12507, 56307, 29218, 93380, 71256, 74996, 64930]"
119570,"[70881, 51188, 92933, 50680, 109668, 91784, 67484, 106253, 44634, 64788]"
119571,"[86773, 66930, 12875, 80728, 56560, 100871, 72897, 37847, 29626, 42516]"
119572,"[15817, 13214, 71224, 93194, 108285, 63075, 80497, 52906, 30484, 21528]"
119573,"[105676, 18632, 107742, 86972, 11702, 25874, 7063, 10254, 64306, 46062]"
119574,"[26931, 20807, 44507, 93173, 32374, 1873, 93459, 19421, 81857, 39438]"
119575,"[17364, 45132, 10491, 17479, 12172, 86384, 27502, 7365, 27503, 104304]"
119576,"[69957, 108430, 73015, 77806, 32016, 28859, 55655, 40641, 78591, 70552]"
119577,"[39075, 51166, 1872, 74781, 86343, 39678, 23734, 97876, 60066, 23039]"
119578,"[77089, 82572, 47169, 90284, 16595, 68734, 81553, 80817, 80071, 77599]"
119579,"[48808, 4669, 80382, 5619, 94553, 81975, 9350, 62994, 15988, 87736]"
119580,"[108289, 107191, 42796, 36975, 104251, 25078, 46511, 78452, 108613, 97237]"
119581,"[79130, 22485, 40559, 82870, 23183, 75799, 82036, 80034, 78072, 28383]"
119582,"[93587, 46275, 35120, 105632, 39676, 70478, 3849, 99046, 14996, 46294]"
119583,"[26916, 45933, 59770, 12417, 9789, 7835, 53226, 97746, 59373, 36305]"
119584,"[15450, 48517, 27469, 83846, 39781, 39218, 18922, 96026, 35086, 56498]"
119585,"[37360, 74003, 72711, 59349, 90361, 108277, 26393, 45227, 1928, 13435]"
119586,"[23446, 50771, 71029, 69922, 45357, 49500, 73888, 93776, 86656, 36644]"
119587,"[98566, 79021, 91420, 20562, 51754, 101059, 25990, 2083, 81551, 95909]"
119588,"[1289, 91381, 76213, 78004, 40962, 97634, 107234, 95927, 21888, 56694]"
119589,"[9566, 60278, 96448, 45574, 48096, 83059, 23576, 89325, 6678, 52245]"
119590,"[16624, 101846, 4366, 48122, 6614, 79871, 16675, 80606, 76030, 66613]"
119591,"[64086, 76934, 7784, 48584, 89156, 64906, 107728, 86165, 5278, 27985]"
119592,"[8304, 10318, 95407, 69033, 3547, 88777, 14218, 36284, 81670, 50583]"
119593,"[22581, 51955, 66447, 103131, 38684, 83308, 47381, 55164, 109603, 51202]"
119594,"[9368, 93498, 82115, 15073, 35262, 36331, 96419, 25144, 56343, 25341]"
119595,"[71180, 25522, 109764, 49835, 91014, 3703, 21326, 10275, 26969, 66353]"
119596,"[103331, 98277, 24927, 59790, 56723, 105121, 105092, 106116, 67991, 61096]"
119597,"[46822, 26159, 104100, 36308, 65179, 50877, 79537, 75708, 1291, 98756]"
119598,"[95981, 2812, 80587, 22596, 54017, 77552, 3477, 28858, 50956, 90536]"
119599,"[56720, 53376, 21552, 18353, 59023, 98347, 11643, 107228, 41498, 105204]"
119600,"[67744, 101960, 2862, 97818, 27858, 8182, 106123, 27582, 5413, 96405]"
119601,"[70560, 73400, 35230, 11764, 48179, 70981, 96092, 7777, 72791, 29358]"
119602,"[42193, 93208, 77051, 103802, 49575, 17251, 35692, 63580, 73907, 84933]"
119603,"[106385, 83978, 61601, 64876, 106368, 84768, 60147, 73278, 41342, 107381]"
119604,"[95963, 66113, 100951, 72121, 25318, 4020, 39703, 84391, 87187, 59675]"
119605,"[47954, 49192, 44742, 78236, 1415, 63753, 92729, 76961, 20795, 53336]"
119606,"[1053, 48171, 10244, 56400, 74965, 62805, 20826, 98995, 74937, 57144]"
119607,"[73411, 72747, 61059, 61733, 33160, 38026, 64288, 109093, 17472, 52337]"
119608,"[17279, 91061, 67312, 75700, 102314, 96151, 31810, 84438, 27320, 954]"
119609,"[33894, 98148, 63250, 63476, 35939, 28277, 30602, 58527, 6114, 35194]"
119610,"[16955, 84000, 12212, 661, 95745, 13638, 14910, 42058, 101932, 64742]"
119611,"[21183, 83806, 95469, 85167, 24284, 2469, 36685, 106875, 101593, 36265]"
119612,"[92299, 101477, 94552, 37518, 36897, 91903, 107709, 102623, 16574, 107630]"
119613,"[62403, 17416, 92919, 92231, 71631, 12525, 66082, 91638, 46447, 52855]"
119614,"[75091, 13700, 15622, 9380, 105467, 30495, 75492, 37198, 44965, 106908]"
119615,"[72944, 40324, 96272, 69835, 61837, 106207, 35069, 93722, 25883, 97792]"
119616,"[14379, 76288, 38895, 99996, 35408, 78359, 43664, 105063, 51558, 22225]"
119617,"[87670, 60889, 57393, 46895, 56373, 23119, 85907, 49883, 43466, 94177]"
119618,"[68061, 51091, 103862, 91145, 39983, 107721, 27849, 56328, 89739, 2026]"
119619,"[53699, 50545, 71152, 101427, 33988, 28152, 21700, 32526, 7441, 16212]"
119620,"[40143, 48677, 4074, 1265, 46141, 3377, 64366, 82540, 51387, 97498]"
119621,"[46933, 44457, 7100, 63390, 37820, 66304, 37293, 51088, 45402, 73213]"
119622,"[16608, 108906, 48953, 63562, 22867, 31994, 95882, 53666, 85628, 84187]"
119623,"[15110, 24945, 407, 109482, 109373, 83654, 49418, 50568, 108520, 44418]"
119624,"[11878, 87230, 47534, 75290, 105103, 19542, 92458, 65228, 10685, 13480]"
119625,"[71226, 63233, 77535, 105954, 17034, 93515, 68990, 20757, 30621, 74827]"
119626,"[37431, 87463, 92580, 63889, 106774, 50666, 99013, 58821, 49086, 69088]"
119627,"[5314, 31451, 98349, 30983, 63868, 28194, 97529, 1077, 103488, 20829]"
119628,"[25702, 5770, 63616, 57983, 22021, 3288, 74214, 82406, 34298, 73593]"
119629,"[44546, 5777, 97938, 51196, 103766, 8914, 68070, 86027, 38270, 37683]"
119630,"[60572, 72782, 89261, 91461, 80868, 47877, 84908, 48536, 57714, 98324]"
119631,"[7635, 19079, 54101, 11223, 7542, 8189, 74566, 16924, 41726, 12876]"
119632,"[81692, 2793, 62010, 24300, 97558, 3704, 87755, 71379, 3346, 93349]"
119633,"[33173, 79728, 40195, 96027, 81692, 30572, 24300, 43351, 75738, 76568]"
119634,"[58830, 104181, 24853, 13154, 84975, 41668, 4675, 103317, 104695, 12655]"
119635,"[104699, 19682, 86603, 5463, 93764, 41385, 10544, 30191, 18682, 90637]"
119636,"[19872, 94587, 58532, 33884, 46359, 60598, 524, 76097, 63073, 109265]"
119637,"[100127, 89534, 64263, 28782, 86011, 15576, 40759, 67137, 15525, 47524]"
119638,"[20118, 105716, 108175, 101298, 70830, 62097, 84025, 60375, 89596, 92300]"
119639,"[70932, 75572, 93576, 47106, 14646, 80595, 2524, 104673, 17042, 38929]"
119640,"[58910, 105407, 18729, 29383, 76219, 20497, 97489, 55280, 89512, 91912]"
119641,"[16904, 80206, 25991, 45063, 77802, 25274, 46439, 57881, 69254, 61918]"
119642,"[18289, 98041, 60868, 45832, 101007, 66804, 7052, 89415, 44507, 20807]"
119643,"[53256, 83432, 107190, 109585, 64445, 58302, 63859, 53933, 17322, 98732]"
119644,"[74400, 29606, 85156, 79634, 2207, 92435, 106631, 67075, 76702, 86159]"
119645,"[47603, 20545, 19409, 40371, 23384, 87346, 32040, 63511, 24636, 46300]"
119646,"[107663, 67006, 11520, 70370, 42088, 90790, 10936, 11776, 10727, 23109]"
119647,"[66081, 4859, 3657, 39555, 26108, 75909, 43982, 86168, 92738, 14885]"
119648,"[88579, 4371, 35303, 86858, 21675, 25200, 13017, 60071, 103969, 146]"
119649,"[105923, 76118, 61588, 78107, 19064, 51906, 39835, 71461, 42503, 85230]"
119650,"[73462, 89822, 7402, 21999, 1719, 81262, 80291, 27830, 471, 61611]"
119651,"[17398, 8053, 47159, 73329, 65928, 100808, 62290, 104695, 95087, 74907]"
119652,"[54204, 41931, 81431, 32694, 11711, 13131, 75577, 14505, 60116, 84092]"
119653,"[84253, 6840, 91681, 54385, 33319, 93179, 1080, 25690, 17159, 62951]"
119654,"[81448, 82470, 73253, 74160, 25057, 11208, 74392, 3454, 36111, 108424]"
119655,"[82961, 100381, 11765, 94942, 14234, 78942, 24825, 29500, 101851, 11973]"
119656,"[80014, 74561, 27861, 104052, 54251, 13200, 65193, 44987, 80974, 21914]"
119657,"[67588, 102863, 13625, 37940, 27010, 37937, 1118, 33329, 11343, 34438]"
119658,"[37393, 97978, 109715, 60204, 6700, 37200, 46370, 73479, 82860, 30475]"
119659,"[29220, 93949, 50229, 50356, 43071, 40409, 25529, 5094, 71720, 74883]"
119660,"[65201, 20699, 100281, 73115, 95727, 61510, 36424, 62449, 82394, 53740]"
119661,"[51111, 3087, 55592, 16963, 96336, 51017, 81440, 51493, 77571, 27527]"
119662,"[42569, 62098, 73958, 94118, 76331, 310, 26364, 101264, 1663, 81677]"
119663,"[59438, 58650, 106712, 92407, 69832, 10937, 79272, 69596, 109119, 41031]"
119664,"[29255, 52151, 40838, 47429, 9240, 106109, 4037, 38395, 36446, 75980]"
119665,"[14864, 17234, 3519, 90397, 99553, 9835, 72499, 75539, 27096, 84013]"
119666,"[19549, 50076, 89769, 39110, 7874, 93046, 79855, 81316, 65647, 3540]"
119667,"[93945, 87103, 41048, 24246, 62699, 9433, 88706, 56892, 59534, 65692]"
119668,"[50641, 10631, 24651, 88135, 101921, 38455, 4194, 97494, 66260, 29975]"
119669,"[8732, 20310, 106979, 88132, 108305, 36995, 46742, 55854, 47776, 87523]"
119670,"[30683, 86910, 47636, 39263, 102045, 93580, 38272, 100786, 67942, 56729]"
119671,"[42393, 50848, 22491, 47903, 94813, 20931, 14401, 21674, 99200, 67901]"
119672,"[92406, 74653, 23157, 39592, 6895, 15922, 23353, 17227, 86139, 18195]"
119673,"[49520, 80859, 39454, 76970, 69842, 96279, 95375, 108969, 93827, 87048]"
119674,"[13444, 23861, 59328, 16181, 77172, 13887, 24998, 5306, 66432, 106265]"
119675,"[53233, 66680, 84121, 81095, 48505, 12557, 41721, 49961, 1166, 61365]"
119676,"[108332, 93676, 27027, 43589, 29849, 19586, 78529, 39548, 10331, 81549]"
119677,"[11958, 60651, 108927, 1628, 48371, 7015, 81585, 53823, 38606, 76195]"
119678,"[28295, 108030, 47827, 28512, 108703, 41327, 37495, 87186, 105911, 70479]"
119679,"[66836, 80153, 62011, 79628, 87994, 37533, 94460, 3941, 109717, 21679]"
119680,"[16312, 106804, 79026, 59991, 74025, 80249, 21643, 49110, 87473, 19615]"
119681,"[73091, 64580, 58901, 51995, 34751, 23620, 107971, 103529, 27043, 18880]"
119682,"[66977, 107328, 4202, 41775, 79008, 77010, 40503, 70383, 24306, 41459]"
119683,"[71353, 6281, 56232, 19357, 64402, 64439, 34739, 85754, 34501, 74083]"
119684,"[43384, 56241, 66441, 43501, 99305, 56849, 82294, 73301, 61185, 83122]"
119685,"[96879, 88535, 23273, 68128, 41300, 34065, 21520, 8132, 1862, 88578]"
119686,"[70350, 28651, 50744, 56176, 65709, 82631, 99678, 8293, 4047, 46643]"
119687,"[76125, 59747, 53770, 26185, 80209, 8686, 11518, 36961, 78186, 40092]"
119688,"[36686, 54769, 38392, 95684, 52812, 18708, 29311, 89685, 13144, 96048]"
119689,"[102994, 42501, 1591, 106347, 50499, 79099, 58071, 36559, 66641, 105662]"
119690,"[16977, 43454, 17317, 51998, 33068, 3028, 96507, 102302, 76288, 38753]"
119691,"[81517, 15116, 96657, 18111, 49601, 91329, 51756, 92111, 51180, 9519]"
119692,"[86106, 18628, 87033, 41769, 109579, 28889, 2108, 62583, 65378, 53122]"
119693,"[9869, 67944, 90611, 41625, 12577, 33273, 54193, 89998, 44961, 89076]"
119694,"[75877, 35240, 68784, 28126, 31964, 21585, 106806, 38594, 55431, 109633]"
119695,"[75894, 93710, 47162, 89468, 4012, 102097, 65828, 68834, 86451, 87299]"
119696,"[40834, 50114, 82237, 56114, 11941, 55838, 79964, 78790, 47713, 2352]"
119697,"[77951, 49131, 65987, 32135, 5576, 109013, 63351, 51071, 52055, 54628]"
119698,"[104978, 59820, 17855, 61252, 102056, 43647, 3374, 109328, 36511, 89005]"
119699,"[92305, 45523, 62887, 47964, 107274, 40114, 89901, 59057, 52149, 43465]"
119700,"[104230, 94595, 90662, 54198, 46954, 17947, 12018, 64658, 38358, 76266]"
119701,"[97507, 76488, 25966, 97914, 72288, 51791, 24921, 68344, 94915, 103919]"
119702,"[51969, 94735, 88632, 59215, 55462, 69826, 73972, 50415, 7980, 13328]"
119703,"[17741, 837, 21559, 65790, 85547, 16603, 54786, 59794, 88427, 102024]"
119704,"[108464, 75842, 76981, 31765, 51338, 62963, 15449, 95104, 96216, 72630]"
119705,"[60183, 31872, 102262, 100813, 87458, 95816, 1997, 85852, 73487, 34394]"
119706,"[83087, 33775, 79428, 23782, 44706, 102186, 79460, 27247, 52470, 91263]"
119707,"[46438, 15338, 61576, 20234, 39517, 20420, 52490, 59293, 67115, 29185]"
119708,"[67917, 29015, 25034, 84678, 45159, 88479, 23853, 102745, 82823, 59678]"
119709,"[19392, 15985, 60716, 103143, 28047, 33952, 38791, 57899, 48047, 74634]"
119710,"[65121, 18392, 101227, 69298, 71598, 71771, 48805, 86823, 88066, 48422]"
119711,"[15698, 101792, 60973, 89920, 76218, 74410, 86830, 71974, 96470, 52992]"
119712,"[37393, 97978, 31896, 109715, 89179, 60204, 30475, 41969, 40776, 6880]"
119713,"[27449, 64943, 48868, 45732, 6731, 42735, 28726, 85273, 2099, 80140]"
119714,"[93057, 81111, 97212, 9698, 98671, 68020, 5361, 23628, 52181, 29422]"
119715,"[675, 60790, 43196, 58177, 106599, 32611, 62141, 14752, 103769, 78438]"
119716,"[69365, 41294, 52692, 10139, 60193, 30342, 80091, 50780, 23501, 427]"
119717,"[371, 59711, 92180, 2535, 91347, 50030, 12482, 63436, 105942, 60995]"
119718,"[46362, 37619, 50370, 106012, 64654, 72531, 26412, 30409, 45785, 58258]"
119719,"[99021, 97646, 102573, 90935, 42326, 59519, 88336, 92512, 66088, 108069]"
119720,"[87012, 77234, 6593, 17976, 39211, 63213, 24197, 96549, 53456, 20623]"
119721,"[58777, 45152, 11128, 61382, 71353, 24846, 50724, 8200, 3990, 33009]"
119722,"[45689, 51128, 92837, 28539, 20471, 32178, 9226, 12778, 90629, 49593]"
119723,"[20038, 26940, 77854, 46880, 67237, 84572, 51758, 19201, 24081, 5605]"
119724,"[17022, 37968, 45860, 86510, 81662, 44903, 17192, 42924, 36426, 70186]"
119725,"[17681, 79810, 85926, 83186, 57915, 29149, 103159, 17412, 100079, 24615]"
119726,"[107702, 73894, 64419, 13900, 67380, 15142, 45383, 27474, 65316, 37094]"
119727,"[71608, 82699, 48889, 8065, 103393, 41560, 50721, 32199, 25881, 79388]"
119728,"[11950, 43582, 98229, 57285, 53368, 88088, 50547, 23891, 101503, 102947]"
119729,"[4658, 19535, 67696, 99667, 18642, 16067, 35744, 103376, 104827, 28786]"
119730,"[80613, 68898, 75174, 5001, 95045, 1312, 109555, 47661, 42650, 94960]"
119731,"[80634, 102800, 62841, 8422, 67283, 93231, 11560, 41781, 50482, 22957]"
119732,"[8784, 35337, 79771, 87750, 64642, 17643, 53358, 73682, 55092, 91803]"
119733,"[28496, 94536, 101329, 56369, 28642, 76590, 21727, 71445, 32922, 46816]"
119734,"[48450, 86083, 52642, 51863, 81769, 6822, 52807, 52611, 91778, 29589]"
119735,"[87667, 74311, 23286, 29121, 49960, 19023, 28728, 69483, 30725, 51081]"
119736,"[98584, 71243, 108985, 80426, 1993, 23210, 32062, 35760, 43370, 17104]"
119737,"[73000, 50092, 38115, 89075, 88903, 49321, 103339, 45758, 55016, 44218]"
119738,"[66052, 62475, 26087, 30737, 95504, 30882, 103688, 45901, 28573, 36359]"
119739,"[1718, 104295, 33117, 80983, 94597, 24875, 103825, 43609, 61886, 107540]"
119740,"[42772, 73176, 56535, 55473, 666, 7455, 23108, 43124, 75173, 70384]"
119741,"[56780, 95775, 57115, 48093, 64948, 38367, 75329, 20297, 68136, 65862]"
119742,"[64336, 22221, 55251, 60075, 13551, 87791, 12659, 26205, 49126, 19687]"
119743,"[80723, 63499, 36444, 13229, 91631, 44067, 64583, 57036, 17448, 47439]"
119744,"[22510, 84296, 91721, 83573, 32855, 74379, 19172, 109263, 109243, 79554]"
119745,"[44865, 57182, 94345, 24125, 65368, 78455, 74098, 70613, 2272, 42013]"
119746,"[4034, 21657, 103642, 65933, 102688, 70570, 27513, 84202, 91946, 32136]"
119747,"[73482, 87580, 2601, 86334, 11894, 56732, 59822, 69098, 80348, 17987]"
119748,"[65564, 43465, 41024, 102510, 9204, 98084, 40846, 84753, 50971, 99695]"
119749,"[75032, 8315, 5369, 47215, 33363, 61537, 62409, 56418, 33698, 94254]"
119750,"[91755, 89425, 85383, 42209, 90722, 108793, 71501, 64104, 64307, 889]"
119751,"[38898, 27172, 62853, 19804, 54449, 42072, 58694, 86672, 31094, 12194]"
119752,"[74756, 17454, 23675, 72213, 21337, 3475, 17729, 80343, 39868, 9890]"
119753,"[16561, 42269, 104430, 66344, 9983, 82385, 18806, 74152, 106185, 45011]"
119754,"[74918, 69867, 23148, 67083, 19958, 14919, 45925, 34703, 93768, 9176]"
119755,"[60773, 38389, 31652, 39267, 78531, 84288, 44650, 61683, 8155, 39896]"
119756,"[35303, 4371, 88579, 86858, 40631, 72221, 96379, 13017, 60071, 42496]"
119757,"[24203, 54140, 56209, 6421, 37441, 32212, 8326, 83096, 77007, 65547]"
119758,"[57127, 41578, 21155, 77191, 95249, 102421, 37855, 84468, 56101, 23267]"
119759,"[12183, 61204, 14863, 46527, 15041, 54451, 78106, 57034, 20613, 81419]"
119760,"[18142, 2287, 37789, 82594, 78319, 15463, 73699, 1698, 50369, 70014]"
119761,"[83274, 2806, 101326, 64621, 45049, 80681, 42968, 32947, 32924, 71721]"
119762,"[72895, 120, 844, 54935, 54351, 106386, 14723, 6928, 106291, 84735]"
119763,"[50097, 45184, 94040, 61500, 63354, 51560, 64028, 48837, 108053, 21131]"
119764,"[87649, 9979, 59523, 37804, 24402, 87218, 82837, 8937, 17955, 74127]"
119765,"[58183, 99451, 78354, 68405, 74680, 33320, 18733, 46801, 62550, 58648]"
119766,"[25793, 45113, 23431, 99677, 13566, 53063, 36404, 52217, 91067, 18495]"
119767,"[78638, 59123, 50145, 100957, 19282, 108926, 64068, 34907, 106853, 52299]"
119768,"[53398, 63032, 43033, 69640, 105042, 106769, 15124, 25674, 95227, 4313]"
119769,"[67993, 49548, 102344, 63904, 103594, 43089, 32098, 8377, 93201, 47986]"
119770,"[14786, 98061, 46919, 58063, 101434, 48339, 76153, 2700, 71978, 85375]"
119771,"[45452, 58209, 34766, 96633, 17446, 68285, 2316, 75840, 32742, 23302]"
119772,"[3233, 46744, 30861, 87550, 12526, 11284, 36659, 56028, 22257, 40443]"
119773,"[23446, 50771, 69922, 71029, 93776, 106785, 45357, 49500, 49088, 88745]"
119774,"[77720, 94400, 84226, 106437, 50818, 9686, 87221, 62200, 7550, 40041]"
119775,"[100396, 63164, 53540, 2200, 92074, 53001, 106082, 2874, 25019, 57862]"
119776,"[98650, 26993, 18655, 4243, 83836, 97653, 93328, 101788, 96765, 2649]"
119777,"[54809, 11194, 78483, 10001, 109457, 52135, 7897, 102521, 3294, 76440]"
119778,"[109630, 1258, 85326, 6949, 18199, 6640, 25869, 104339, 57424, 62380]"
119779,"[99982, 6216, 55566, 5480, 59992, 104, 101560, 73551, 66753, 36582]"
119780,"[77751, 50822, 76701, 31667, 22962, 21613, 73055, 91345, 96195, 56006]"
119781,"[22101, 62012, 85780, 102025, 77078, 16140, 78716, 76254, 90304, 51309]"
119782,"[89294, 76974, 28749, 21783, 25384, 4874, 50260, 97874, 31112, 109350]"
119783,"[17456, 6954, 88924, 84827, 59349, 52062, 18162, 22785, 78853, 59103]"
119784,"[99949, 15254, 49510, 613, 34459, 41588, 59825, 44017, 29593, 69657]"
119785,"[42277, 68272, 107484, 58788, 54331, 56410, 56276, 90620, 26189, 78995]"
119786,"[18769, 39275, 27738, 78359, 24206, 46210, 29183, 43002, 34325, 27419]"
119787,"[101339, 42933, 50377, 46498, 70202, 32832, 32163, 23924, 73990, 66151]"
119788,"[79130, 75786, 23518, 23183, 4862, 78047, 6303, 80034, 30384, 37628]"
119789,"[51998, 51558, 27115, 92677, 34074, 76288, 14644, 44427, 74250, 14523]"
119790,"[55057, 29542, 47277, 92619, 66936, 32076, 89938, 59409, 45911, 3967]"
119791,"[62012, 85780, 25057, 48940, 104291, 81448, 102025, 22101, 12267, 77078]"
119792,"[31808, 102431, 94033, 80879, 83843, 60456, 56952, 88369, 35680, 31038]"
119793,"[98316, 24931, 56356, 106857, 86848, 6310, 69279, 42612, 55308, 29887]"
119794,"[68562, 36149, 32528, 26683, 81329, 86277, 85340, 46040, 61129, 42123]"
119795,"[96413, 72166, 49816, 30686, 25052, 91267, 90772, 76802, 90991, 53097]"
119796,"[29519, 69363, 45107, 73032, 103254, 22926, 39751, 99771, 77807, 15272]"
119797,"[61265, 21107, 64797, 95058, 33138, 102019, 98180, 17159, 88327, 69203]"
119798,"[57143, 54046, 60165, 25433, 34310, 95135, 12660, 3420, 109120, 63437]"
119799,"[70917, 39666, 107103, 97389, 65231, 11780, 84006, 85958, 38355, 34077]"
119800,"[69531, 2897, 3144, 50920, 98523, 24638, 29829, 86410, 6350, 20896]"
119801,"[41599, 88779, 83065, 56135, 106846, 4092, 101235, 98497, 48972, 3256]"
119802,"[75090, 88860, 93420, 40663, 97467, 16896, 34378, 89936, 19943, 79937]"
119803,"[39856, 99456, 7072, 74593, 57028, 15576, 20402, 60820, 60310, 47623]"
119804,"[80724, 101517, 27512, 98811, 24932, 63000, 28744, 81310, 94975, 103125]"
119805,"[48503, 90469, 57820, 78296, 34999, 25279, 2725, 26217, 88465, 87298]"
119806,"[60102, 92146, 72420, 60049, 13226, 72565, 69135, 11695, 94940, 108522]"
119807,"[94509, 75322, 5438, 9503, 23363, 94803, 66342, 80291, 96939, 78922]"
119808,"[92960, 6981, 19640, 106768, 41862, 33241, 25950, 95046, 52174, 59429]"
119809,"[77199, 90335, 95421, 80332, 17457, 34728, 47289, 35279, 3074, 92784]"
119810,"[57575, 45433, 39973, 82279, 74667, 84560, 26992, 56363, 71747, 21222]"
119811,"[73404, 7514, 59950, 63270, 60841, 82295, 36878, 30705, 18196, 914]"
119812,"[4269, 85022, 37369, 18999, 94054, 103962, 40192, 72078, 60248, 51861]"
119813,"[43751, 81551, 20862, 32044, 52242, 20562, 11885, 102268, 34338, 29080]"
119814,"[96846, 81424, 22291, 56386, 36800, 107417, 89670, 55469, 48108, 70442]"
119815,"[16114, 103537, 40003, 103101, 74078, 53998, 92513, 104779, 90073, 19212]"
119816,"[43333, 9158, 23452, 12613, 66847, 72098, 79475, 56343, 90198, 101605]"
119817,"[30072, 105375, 17082, 30115, 58656, 47547, 42828, 73570, 5497, 75591]"
119818,"[14925, 35025, 66213, 51714, 24319, 7204, 68912, 61533, 49649, 19047]"
119819,"[95081, 1399, 70316, 107283, 84680, 46635, 83644, 44680, 30964, 100072]"
119820,"[56816, 108222, 105026, 65813, 62244, 29456, 41262, 17924, 100004, 58111]"
119821,"[16833, 3918, 64767, 17706, 87029, 75261, 14619, 35170, 108047, 71350]"
119822,"[66513, 15987, 103632, 41911, 107274, 93528, 36802, 89742, 12707, 107087]"
119823,"[23707, 71887, 9229, 44257, 26962, 23503, 21958, 100401, 10232, 20550]"
119824,"[101254, 57591, 31331, 34032, 28152, 12060, 61887, 45511, 6945, 41786]"
119825,"[5090, 80488, 35418, 25345, 37306, 108125, 59641, 20357, 104237, 82414]"
119826,"[46192, 89193, 87405, 44082, 26791, 24564, 87924, 17828, 9845, 21591]"
119827,"[92170, 74105, 50305, 107242, 71331, 90725, 89756, 31427, 39949, 71258]"
119828,"[76007, 104624, 12360, 88724, 28578, 33809, 43847, 58864, 99182, 78015]"
119829,"[57222, 54485, 88643, 89744, 37731, 85271, 56264, 71508, 88804, 73794]"
119830,"[102828, 55067, 92375, 52442, 99764, 22076, 46054, 56983, 64197, 31557]"
119831,"[30537, 50073, 46925, 66890, 46402, 17201, 35767, 105710, 15799, 3132]"
119832,"[60221, 70000, 26165, 53972, 91134, 74604, 52384, 29317, 81359, 59843]"
119833,"[5554, 82472, 12321, 88647, 91920, 77461, 27017, 108477, 27438, 6864]"
119834,"[83812, 10976, 25901, 100694, 101017, 53626, 47839, 85550, 77404, 99096]"
119835,"[107020, 10678, 6409, 3980, 15481, 65516, 81148, 109304, 52585, 103672]"
119836,"[18085, 73000, 28532, 61980, 84805, 79213, 46098, 19750, 65591, 45758]"
119837,"[62703, 40426, 86994, 78401, 29480, 28693, 101822, 63871, 63786, 103863]"
119838,"[41807, 108475, 40248, 96199, 28086, 17410, 77009, 65643, 40646, 83718]"
119839,"[84299, 59203, 18518, 23213, 36762, 96281, 73329, 57191, 50279, 94225]"
119840,"[87330, 73488, 53120, 71493, 86870, 18091, 29991, 102467, 82783, 17255]"
119841,"[32704, 22660, 11716, 34126, 65711, 42087, 46596, 48620, 24610, 108671]"
119842,"[79607, 28570, 31959, 17038, 106519, 63749, 106493, 89740, 17027, 8371]"
119843,"[86, 16545, 13089, 74248, 57901, 22616, 70920, 33645, 84172, 18996]"
119844,"[93962, 59923, 78127, 5956, 11644, 91538, 98407, 88084, 31636, 20469]"
119845,"[46788, 77902, 99190, 65265, 68316, 43928, 27835, 19753, 103574, 14940]"
119846,"[51552, 82739, 59602, 104010, 72387, 92632, 72020, 72752, 107855, 12645]"
119847,"[86484, 36034, 31288, 79908, 45489, 63965, 84118, 75017, 14752, 56192]"
119848,"[52186, 13777, 58463, 60018, 100053, 92743, 67197, 10645, 12525, 7178]"
119849,"[43107, 29809, 82193, 38676, 23033, 97094, 24753, 39927, 16740, 34035]"
119850,"[95677, 48075, 98969, 72138, 33535, 63884, 18478, 92274, 56313, 93246]"
119851,"[83115, 45849, 101847, 58949, 11226, 2082, 75969, 49711, 34217, 21096]"
119852,"[37959, 74207, 105390, 27791, 78288, 87329, 75880, 38828, 31659, 18201]"
119853,"[104712, 105929, 33690, 11622, 89328, 21084, 18275, 17336, 15642, 67677]"
119854,"[87542, 91010, 32201, 109051, 64398, 43818, 74668, 41317, 26125, 98157]"
119855,"[90648, 76493, 101954, 90419, 27357, 86856, 102521, 72527, 96182, 45499]"
119856,"[39669, 96867, 15211, 96648, 259, 67515, 56163, 23971, 60117, 41723]"
119857,"[106453, 77308, 75832, 28245, 79594, 67093, 100838, 38020, 3395, 22431]"
119858,"[15124, 43186, 95227, 53398, 69640, 105042, 106769, 1170, 55904, 63032]"
119859,"[63976, 90356, 24086, 106595, 83333, 45540, 28513, 83874, 27278, 10581]"
119860,"[76660, 70890, 12740, 77708, 55725, 22669, 6897, 54306, 64466, 39488]"
119861,"[82794, 1281, 46943, 101875, 108868, 64108, 94605, 92982, 103905, 42914]"
119862,"[38193, 20049, 10858, 39167, 24193, 82227, 102782, 46221, 94002, 7199]"
119863,"[55994, 105763, 71073, 66907, 36170, 55652, 58519, 61542, 20188, 13966]"
119864,"[86654, 48604, 107433, 27789, 47687, 94231, 6693, 11334, 64739, 58661]"
119865,"[81791, 27228, 72694, 107636, 62987, 67010, 80136, 102371, 20363, 45455]"
119866,"[75623, 106413, 36675, 83088, 45688, 105849, 32446, 42239, 101473, 5273]"
119867,"[36911, 44907, 76293, 11277, 13623, 61960, 108878, 86964, 4672, 2487]"
119868,"[94834, 36101, 62954, 52399, 6266, 102303, 53197, 109673, 11383, 105473]"
119869,"[48243, 14614, 57615, 89079, 91124, 76356, 48265, 11029, 14274, 69654]"
119870,"[101968, 2363, 61310, 7322, 75077, 80142, 83559, 37614, 23054, 8675]"
119871,"[98798, 28637, 87217, 61389, 75834, 47461, 61722, 47835, 74085, 41763]"
119872,"[79246, 60139, 29718, 36032, 24041, 7339, 57036, 30592, 82831, 23822]"
119873,"[55402, 10847, 12528, 56474, 11372, 13576, 40430, 67038, 84091, 59462]"
119874,"[1057, 25538, 29345, 47181, 57618, 57718, 84232, 25948, 19985, 84107]"
119875,"[59736, 67046, 8989, 80596, 92850, 12195, 12866, 96850, 44808, 103242]"
119876,"[15439, 74189, 6477, 6949, 18199, 100837, 64966, 59628, 77000, 43367]"
119877,"[62439, 90929, 9236, 43717, 92864, 14443, 41190, 106141, 5315, 23481]"
119878,"[62240, 26399, 105928, 37528, 71816, 18868, 105868, 96709, 52009, 106615]"
119879,"[70525, 4044, 14984, 9354, 4338, 36385, 95169, 25956, 37420, 47410]"
119880,"[10200, 68565, 85634, 52481, 96870, 11963, 17198, 87196, 78141, 5555]"
119881,"[57191, 50279, 94225, 61206, 34386, 100733, 32419, 24891, 109599, 40477]"
119882,"[71856, 70480, 94149, 40722, 109331, 57663, 80989, 28927, 29711, 76923]"
119883,"[70513, 60612, 36371, 25507, 56248, 41475, 72906, 47500, 106087, 15055]"
119884,"[99997, 44500, 85796, 76739, 97935, 81810, 88812, 100128, 64639, 88242]"
119885,"[31455, 89437, 42971, 17963, 48175, 23581, 16594, 87730, 78065, 21938]"
119886,"[64346, 89926, 105545, 32737, 58995, 43526, 12863, 103761, 30245, 59900]"
119887,"[72411, 96071, 108851, 92716, 47972, 34717, 72994, 1787, 1803, 967]"
119888,"[43936, 84201, 26507, 82082, 38960, 8468, 20544, 46776, 17246, 30551]"
119889,"[23741, 106995, 83519, 50678, 56436, 4126, 92970, 23919, 45304, 6288]"
119890,"[65435, 22590, 41095, 26724, 73369, 72656, 100498, 100720, 9220, 21477]"
119891,"[68846, 13162, 103820, 59352, 31141, 40923, 32274, 109447, 73544, 63031]"
119892,"[102426, 41123, 23797, 79188, 62632, 87509, 21145, 40372, 91632, 15313]"
119893,"[14814, 104279, 84433, 48300, 66299, 76796, 60959, 69275, 3355, 105015]"
119894,"[99814, 83278, 80640, 47659, 72148, 86619, 81740, 92853, 29677, 27179]"
119895,"[105949, 44811, 3041, 56788, 6315, 45624, 69076, 94677, 51422, 59851]"
119896,"[62868, 78727, 30202, 31201, 95226, 17970, 50691, 73937, 63371, 15829]"
119897,"[79830, 80871, 108152, 95802, 74210, 81599, 11052, 75125, 107021, 30702]"
119898,"[43467, 92825, 15132, 15365, 37706, 13166, 69405, 56475, 26646, 2239]"
119899,"[84664, 75835, 21345, 45682, 100258, 56689, 7869, 19593, 109378, 61109]"
119900,"[103698, 37728, 65662, 75223, 38945, 76509, 6473, 33577, 14569, 11061]"
119901,"[20564, 87355, 95376, 101211, 85275, 75058, 52523, 80914, 69360, 91119]"
119902,"[88393, 28466, 50094, 99537, 12489, 89587, 54985, 91182, 30935, 47122]"
119903,"[66359, 100529, 7639, 643, 59135, 73494, 50901, 54199, 29440, 65562]"
119904,"[16173, 38031, 11233, 10793, 98266, 38510, 102180, 5110, 86756, 91364]"
119905,"[31904, 45089, 80297, 76319, 37960, 54815, 17999, 45790, 67169, 37047]"
119906,"[37516, 18835, 5774, 47914, 1682, 108996, 12679, 19181, 25096, 39578]"
119907,"[24027, 85529, 57055, 13408, 50127, 106154, 85044, 98653, 104400, 51418]"
119908,"[103774, 97607, 60177, 18687, 61120, 8316, 14568, 54224, 64647, 43099]"
119909,"[84793, 65418, 90668, 29966, 52814, 16353, 28728, 45057, 8099, 89048]"
119910,"[41539, 49554, 19655, 84273, 46011, 55199, 74428, 79105, 53554, 40065]"
119911,"[47626, 8036, 24649, 1135, 45585, 85681, 70, 76853, 86550, 35032]"
119912,"[33859, 62028, 80852, 63360, 51251, 36679, 100990, 91592, 41223, 93531]"
119913,"[92012, 108544, 48108, 81424, 48214, 83096, 27834, 75331, 87704, 49354]"
119914,"[98038, 59381, 71150, 10612, 41574, 101926, 2967, 24912, 9325, 102491]"
119915,"[95903, 93848, 68994, 54497, 49898, 61771, 11382, 99391, 16357, 61874]"
119916,"[96888, 95455, 93661, 51982, 99197, 24512, 94023, 29896, 1953, 67060]"
119917,"[60652, 817, 60403, 78103, 72931, 22190, 10498, 6065, 22612, 106178]"
119918,"[11446, 23320, 88349, 28784, 77167, 109240, 75469, 82691, 57784, 87949]"
119919,"[5130, 96136, 76329, 101207, 34494, 88569, 33925, 74587, 74221, 39675]"
119920,"[97662, 67766, 79497, 19997, 103845, 32939, 37856, 8345, 28135, 42722]"
119921,"[82653, 106590, 63920, 86412, 67230, 25442, 82192, 86668, 82258, 3635]"
119922,"[91137, 7844, 54245, 99904, 5950, 40164, 103085, 61598, 105683, 56083]"
119923,"[10755, 92769, 29671, 80324, 2772, 74111, 61386, 65333, 50697, 87215]"
119924,"[106938, 16328, 90853, 49644, 65794, 18541, 13158, 32838, 86620, 80629]"
119925,"[19840, 18428, 2506, 23263, 4591, 7760, 61692, 53572, 3187, 87678]"
119926,"[78367, 13091, 89306, 62760, 37916, 25235, 42716, 13126, 77390, 103930]"
119927,"[31090, 82760, 48052, 33261, 32155, 70433, 34872, 11111, 32629, 33552]"
119928,"[27233, 49985, 73924, 1376, 13611, 63936, 94025, 82179, 12338, 74887]"
119929,"[56473, 67644, 30874, 6862, 88987, 76006, 13823, 27870, 72947, 74804]"
119930,"[79355, 13616, 105454, 18832, 21506, 23088, 1733, 102838, 96116, 97475]"
119931,"[77573, 76667, 105316, 64459, 67190, 24452, 92626, 95960, 38270, 69557]"
119932,"[66636, 56095, 5326, 106474, 16727, 4025, 16346, 11783, 102170, 67849]"
119933,"[106019, 50793, 41053, 11542, 45356, 35780, 71682, 70561, 37394, 41700]"
119934,"[43680, 57792, 84909, 28611, 35925, 5687, 102537, 99668, 52092, 66250]"
119935,"[14368, 69856, 84978, 67612, 107666, 15198, 50567, 54293, 10387, 88764]"
119936,"[8292, 107099, 57497, 32294, 92388, 97452, 7106, 69603, 20486, 32693]"
119937,"[23195, 108335, 6492, 88441, 72306, 6942, 6918, 96264, 63195, 19765]"
119938,"[13336, 32484, 81706, 103056, 84922, 67755, 59642, 476, 69406, 93688]"
119939,"[61019, 58130, 88997, 9439, 58072, 4356, 3078, 91727, 93029, 85718]"
119940,"[63333, 23913, 60262, 19577, 2095, 93099, 67636, 88587, 65918, 94567]"
119941,"[55672, 62164, 88597, 78820, 1939, 88256, 74018, 33812, 70507, 81325]"
119942,"[5395, 11798, 32762, 84279, 75415, 83556, 1341, 98469, 6560, 74941]"
119943,"[20728, 72911, 16821, 77015, 42283, 108838, 32613, 70985, 70421, 75852]"
119944,"[3337, 77209, 51341, 100585, 6824, 34287, 59859, 31681, 16122, 38041]"
119945,"[87497, 86950, 32539, 57060, 73092, 34234, 38059, 57269, 37094, 102100]"
119946,"[94102, 88904, 64232, 88795, 53640, 92104, 79758, 54062, 31435, 59470]"
119947,"[1493, 70484, 94310, 7573, 57369, 87368, 80664, 35591, 1051, 33284]"
119948,"[17694, 44166, 3464, 221, 25295, 106885, 94432, 24924, 98381, 6418]"
119949,"[36051, 79481, 77545, 108118, 104800, 37640, 103740, 82680, 62275, 26446]"
119950,"[36104, 66336, 121, 58924, 81671, 102157, 85674, 1321, 28552, 15150]"
119951,"[21852, 80223, 81685, 109690, 90723, 60583, 6876, 68082, 41028, 87881]"
119952,"[39575, 84607, 73998, 48554, 29475, 61007, 23877, 55764, 26525, 87866]"
119953,"[86295, 34819, 37124, 75748, 99455, 77198, 92543, 62162, 80609, 108942]"
119954,"[20825, 33052, 56948, 73730, 78053, 67455, 87592, 35527, 45920, 102534]"
119955,"[98788, 51752, 48116, 3497, 59450, 14211, 80074, 17276, 9127, 2415]"
119956,"[43459, 66956, 86876, 15920, 36834, 89467, 63093, 56074, 33477, 109182]"
119957,"[45682, 84664, 21345, 19642, 7869, 56689, 75835, 109378, 61109, 24316]"
119958,"[885, 42615, 48305, 17169, 28951, 86878, 68024, 6328, 106303, 65369]"
119959,"[54241, 89189, 10160, 67940, 2224, 77704, 28500, 95718, 98140, 73993]"
119960,"[4507, 64141, 70711, 63373, 12764, 92699, 22516, 64916, 80608, 24147]"
119961,"[30104, 17712, 48516, 92347, 50903, 72918, 44373, 89964, 29758, 26282]"
119962,"[89051, 41893, 84994, 101085, 20446, 60954, 27422, 50686, 71808, 62718]"
119963,"[3272, 24204, 38393, 64612, 68856, 80827, 3332, 56239, 20197, 57785]"
119964,"[32718, 71383, 79305, 37394, 39958, 74444, 5268, 15685, 74846, 82582]"
119965,"[17346, 76370, 98312, 53995, 93522, 27428, 35152, 68056, 67172, 71371]"
119966,"[49146, 32824, 20460, 65, 40483, 61514, 94425, 25261, 102133, 4506]"
119967,"[90700, 42216, 72483, 70576, 18536, 43309, 19954, 48726, 5630, 27297]"
119968,"[96198, 50681, 28848, 26677, 67165, 23885, 22390, 64902, 101146, 23133]"
119969,"[28943, 76339, 36491, 89111, 16947, 40439, 43934, 16837, 66799, 103215]"
119970,"[37716, 74895, 107627, 43801, 88279, 65224, 10713, 86406, 33953, 58879]"
119971,"[31410, 43960, 61868, 101850, 92486, 100933, 78741, 58666, 4588, 3960]"
119972,"[66671, 75290, 38794, 2661, 39172, 48331, 105644, 6896, 106457, 91785]"
119973,"[58732, 62330, 49238, 14224, 104011, 84496, 3438, 42156, 80840, 109673]"
119974,"[78986, 94449, 13705, 46039, 32088, 6233, 69788, 24511, 49813, 99851]"
119975,"[12488, 38151, 18342, 5457, 29527, 81711, 58399, 17519, 28417, 93791]"
119976,"[78429, 59239, 49522, 62080, 82023, 107606, 56124, 105424, 62992, 25990]"
119977,"[103477, 32154, 1249, 86032, 84556, 93991, 33808, 101436, 63215, 12533]"
119978,"[9104, 82431, 51994, 94439, 50269, 41215, 101915, 92987, 59613, 15492]"
119979,"[2604, 80775, 8238, 97379, 19687, 67780, 42820, 52616, 98233, 56237]"
119980,"[32067, 47302, 30732, 44782, 78729, 11423, 101956, 30520, 80665, 22717]"
119981,"[34300, 34511, 64343, 39954, 41953, 32777, 16640, 70533, 36439, 107576]"
119982,"[78717, 1910, 46431, 50108, 54604, 42991, 38476, 44973, 86858, 73132]"
119983,"[47356, 4896, 29315, 38567, 19143, 20816, 15365, 50538, 52737, 20315]"
119984,"[76109, 16237, 15944, 16503, 104995, 12445, 6353, 57619, 97002, 103358]"
119985,"[71367, 92960, 39341, 88599, 21682, 107771, 30274, 69421, 25950, 81859]"
119986,"[83830, 25913, 68760, 77788, 8479, 19956, 59229, 53567, 48605, 41972]"
119987,"[1850, 36180, 58809, 38381, 88909, 59964, 88372, 12592, 95511, 67422]"
119988,"[4860, 15667, 15114, 88751, 102765, 31841, 15245, 51322, 106155, 60966]"
119989,"[95546, 82676, 17538, 63453, 87541, 31836, 41689, 47121, 91534, 57070]"
119990,"[25861, 103675, 51181, 2585, 34858, 76352, 82970, 71520, 99295, 20584]"
119991,"[17342, 61872, 65657, 67867, 7634, 46121, 54885, 92082, 55027, 6530]"
119992,"[43613, 28180, 54585, 59672, 57978, 35242, 35867, 17525, 39358, 95395]"
119993,"[92407, 23414, 103952, 58650, 16228, 93243, 54648, 106712, 57302, 107596]"
119994,"[41696, 95243, 18825, 99588, 37107, 46725, 63716, 91788, 99939, 51104]"
119995,"[33622, 96552, 76333, 34931, 45853, 66486, 76287, 47753, 44727, 6745]"
119996,"[68093, 44039, 24495, 34241, 74838, 23596, 48237, 25787, 77257, 47809]"
119997,"[22413, 105024, 35436, 17404, 33956, 23011, 71614, 61851, 47543, 102821]"
119998,"[32223, 11553, 18429, 67900, 89477, 25367, 18919, 6350, 108105, 51330]"
119999,"[84044, 60964, 88444, 8833, 38445, 22244, 18894, 101231, 77815, 56175]"
120000,"[65097, 28314, 106982, 105677, 14120, 34764, 41198, 83827, 42581, 63526]"
120001,"[105243, 92020, 65354, 36716, 79421, 68561, 79461, 20072, 15942, 10082]"
120002,"[104929, 37873, 61694, 29646, 99073, 27271, 46144, 32293, 18917, 62783]"
120003,"[10278, 3230, 63378, 99140, 56291, 47028, 30089, 97982, 102294, 80129]"
120004,"[66411, 97362, 100508, 44368, 51667, 17129, 47909, 11309, 34683, 77257]"
120005,"[89854, 96707, 41003, 42473, 21009, 29578, 13893, 79546, 10978, 68103]"
120006,"[16313, 18639, 3612, 22021, 73032, 74300, 76045, 56151, 75137, 32282]"
120007,"[15575, 82688, 17023, 109713, 15874, 19823, 97613, 91320, 3348, 57766]"
120008,"[8319, 64523, 43419, 37035, 43897, 80625, 42008, 74299, 31596, 85234]"
120009,"[76471, 108720, 80304, 73431, 4640, 65921, 48375, 99340, 78798, 95277]"
120010,"[23789, 35039, 24893, 26414, 63864, 63840, 86202, 19847, 69675, 66811]"
120011,"[59279, 57208, 104983, 72906, 70690, 67645, 66337, 38344, 45036, 102103]"
120012,"[29995, 72357, 25402, 95541, 75559, 99449, 103787, 58033, 65300, 58735]"
120013,"[63784, 4377, 5490, 85889, 68921, 95230, 54956, 99355, 38492, 60544]"
120014,"[32780, 92709, 93006, 42849, 85258, 95490, 58007, 103888, 20013, 1349]"
120015,"[105225, 32775, 36512, 51895, 56336, 83945, 15543, 2399, 88436, 53678]"
120016,"[100471, 59780, 7343, 106288, 86004, 106000, 90157, 73870, 104569, 37960]"
120017,"[19876, 83092, 81290, 51313, 27078, 39572, 68611, 32168, 81805, 19860]"
120018,"[95259, 37111, 29574, 96724, 15955, 88767, 84342, 105861, 86174, 34162]"
120019,"[29080, 85000, 57988, 15064, 33659, 45661, 98551, 64648, 79510, 73353]"
120020,"[15755, 103014, 61760, 91697, 30606, 20163, 13670, 88737, 90081, 28901]"
120021,"[80226, 67061, 90897, 65447, 74040, 52019, 23637, 87310, 50286, 54175]"
120022,"[17865, 42281, 25886, 17815, 9101, 85, 10697, 28569, 108151, 40955]"
120023,"[13706, 108859, 29520, 85201, 89864, 65997, 24117, 1396, 88111, 99725]"
120024,"[23584, 39020, 55792, 45500, 52488, 8214, 60413, 4162, 69001, 74081]"
120025,"[88574, 29191, 9502, 70647, 89455, 66150, 57654, 86764, 57286, 75963]"
120026,"[96970, 67891, 98757, 35678, 79120, 29181, 80129, 80863, 63378, 102294]"
120027,"[71752, 78078, 67267, 101562, 10561, 72863, 108820, 62919, 44969, 62983]"
120028,"[37421, 35818, 96875, 47847, 48354, 60048, 79077, 48795, 16964, 98557]"
120029,"[11488, 46821, 61827, 108616, 78646, 37433, 45509, 62486, 89582, 45678]"
120030,"[68354, 63564, 101236, 46547, 11147, 9955, 52581, 80484, 1346, 108529]"
120031,"[95750, 54913, 4069, 33869, 87328, 98434, 5123, 75555, 59761, 32586]"
120032,"[86948, 88296, 94017, 91934, 32197, 15751, 7333, 76066, 41801, 64886]"
120033,"[40552, 104079, 46407, 48019, 13129, 7762, 62040, 5551, 8003, 24541]"
120034,"[102770, 91377, 82170, 20647, 53858, 93012, 63748, 88646, 100440, 107285]"
120035,"[79638, 18534, 105270, 77649, 42278, 95007, 20298, 105171, 4980, 21910]"
120036,"[58984, 84368, 100847, 66502, 104130, 43918, 19132, 5322, 106389, 1745]"
120037,"[96150, 80707, 91566, 92475, 4000, 25246, 108993, 67534, 57687, 97003]"
120038,"[9094, 44273, 35308, 22328, 13077, 103929, 15857, 105997, 108324, 78374]"
120039,"[74518, 84458, 3279, 57167, 88734, 57102, 1892, 41800, 103176, 9491]"
120040,"[10591, 78781, 101824, 69338, 40120, 36206, 70040, 59698, 107161, 19713]"
120041,"[25971, 76009, 19667, 100705, 76326, 39489, 60379, 82647, 21721, 93505]"
120042,"[109581, 76268, 88940, 84252, 60399, 91012, 84778, 28851, 12934, 76620]"
120043,"[72555, 61436, 108195, 56229, 94744, 10798, 86064, 38859, 109541, 76133]"
120044,"[28131, 39992, 21524, 74121, 93784, 8491, 71763, 1632, 81027, 28066]"
120045,"[29862, 109171, 7909, 10451, 83217, 15178, 108435, 32326, 72570, 29063]"
120046,"[79773, 11569, 103778, 1342, 37997, 86898, 70822, 77652, 99311, 92389]"
120047,"[35028, 54654, 34794, 105197, 942, 104056, 34634, 82785, 33136, 40759]"
120048,"[36814, 106211, 45422, 67571, 21782, 15261, 12800, 97938, 28026, 2990]"
120049,"[98353, 58330, 63906, 56063, 38103, 108538, 28534, 87059, 84475, 34231]"
120050,"[63211, 73479, 31704, 89179, 93400, 6880, 85766, 19091, 31896, 15027]"
120051,"[102523, 15619, 94482, 12281, 92735, 92739, 102222, 24655, 35561, 43632]"
120052,"[74874, 2173, 82386, 84361, 77203, 43548, 80415, 36464, 7801, 95961]"
120053,"[66337, 104556, 3901, 103525, 95025, 1193, 70179, 100247, 96384, 25507]"
120054,"[104922, 27577, 39914, 21829, 41260, 16795, 11317, 57645, 92449, 89002]"
120055,"[45822, 46451, 79493, 66966, 86711, 34770, 95808, 29316, 19094, 39596]"
120056,"[44775, 62361, 87060, 44529, 92145, 32514, 74878, 13353, 37265, 26218]"
120057,"[100560, 83268, 47850, 62852, 108142, 73267, 84995, 60021, 109735, 65819]"
120058,"[52395, 64712, 69292, 82533, 59760, 3736, 44744, 89957, 104492, 56667]"
120059,"[72389, 88452, 53887, 56321, 3766, 55434, 92221, 85025, 48328, 14521]"
120060,"[71686, 75259, 58396, 1453, 71734, 33987, 40344, 91155, 97801, 28666]"
120061,"[38161, 11955, 57611, 73334, 103659, 17894, 86657, 85135, 22214, 62303]"
120062,"[5699, 27029, 26132, 51935, 36799, 91734, 14811, 101022, 95980, 96228]"
120063,"[9132, 96375, 75593, 21390, 90620, 23400, 82946, 28565, 16841, 66233]"
120064,"[29636, 104541, 27539, 9668, 72855, 75149, 90150, 16905, 26015, 61547]"
120065,"[82894, 64607, 94997, 62264, 59042, 61927, 22682, 34134, 36822, 79763]"
120066,"[64588, 31847, 52715, 50001, 1280, 51884, 98027, 103520, 55744, 74738]"
120067,"[54601, 57225, 66600, 48671, 103408, 49326, 31535, 44859, 80506, 20218]"
120068,"[93737, 97025, 80713, 13193, 61923, 62072, 108099, 83223, 73783, 55206]"
120069,"[102924, 94278, 16631, 98435, 81098, 76821, 95747, 55859, 25729, 92192]"
120070,"[102369, 89661, 109301, 96172, 9922, 82377, 38275, 91754, 14966, 60770]"
120071,"[35419, 70067, 71694, 68653, 54625, 916, 95789, 95953, 78154, 67357]"
120072,"[70202, 95866, 76147, 8335, 21921, 27285, 87945, 105038, 99978, 81261]"
120073,"[102392, 19406, 88538, 90123, 81404, 19953, 35137, 99204, 14060, 51263]"
120074,"[12659, 60701, 58566, 25567, 51801, 93548, 67361, 75629, 50700, 61401]"
120075,"[62104, 23120, 109519, 88366, 55064, 72677, 17597, 26468, 22574, 1163]"
120076,"[107528, 154, 15797, 55330, 66573, 35560, 83044, 108093, 71161, 89366]"
120077,"[104039, 109282, 62503, 48839, 87602, 75470, 37314, 89856, 93592, 89433]"
120078,"[71729, 52192, 20227, 54205, 72295, 61617, 10995, 31434, 46699, 27335]"
120079,"[27855, 49778, 90056, 101413, 23694, 533, 5430, 31605, 65694, 3180]"
120080,"[41836, 40968, 98722, 54823, 100947, 7504, 61814, 74658, 50655, 66587]"
120081,"[26530, 61720, 64684, 7368, 98658, 78459, 6956, 1539, 10286, 107421]"
120082,"[42782, 70310, 32268, 225, 87109, 67830, 73605, 27398, 96541, 107830]"
120083,"[44695, 54792, 95529, 42723, 14524, 37922, 57752, 1760, 91971, 83401]"
120084,"[12283, 15158, 75006, 74412, 108108, 72382, 47658, 19998, 29963, 24180]"
120085,"[80593, 102625, 93492, 66687, 10107, 28021, 63546, 11971, 16460, 37574]"
120086,"[94951, 25960, 17596, 107269, 18766, 22492, 93040, 66722, 21539, 102267]"
120087,"[35334, 58899, 48329, 47568, 51095, 90140, 63984, 24159, 17499, 108004]"
120088,"[61432, 4031, 15239, 107584, 56142, 99114, 67828, 87960, 22412, 31854]"
120089,"[82741, 51789, 47828, 9302, 105891, 57728, 364, 25833, 78270, 1146]"
120090,"[20086, 89074, 103871, 73872, 56469, 73054, 99974, 30169, 14033, 48087]"
120091,"[75275, 1855, 106984, 5209, 18718, 76060, 33182, 70946, 26687, 6408]"
120092,"[102060, 72402, 35035, 13425, 52305, 92765, 68518, 4707, 91958, 10249]"
120093,"[101456, 106970, 12747, 41392, 21954, 34172, 75874, 89934, 24394, 35965]"
120094,"[76975, 19333, 193, 17955, 85848, 1942, 12914, 18566, 20812, 60797]"
120095,"[99042, 99459, 49718, 165, 81173, 62462, 33167, 46739, 66456, 34227]"
120096,"[60491, 66482, 73644, 40744, 90630, 98511, 28986, 22617, 99862, 83707]"
120097,"[108836, 101218, 25415, 26062, 76419, 78676, 51241, 104193, 65219, 30960]"
120098,"[109304, 67171, 99701, 11476, 33386, 97443, 45213, 83265, 61564, 13563]"
120099,"[31750, 9587, 8817, 18776, 88603, 80544, 51225, 6798, 92321, 82078]"
120100,"[960, 91345, 109443, 11550, 37773, 17314, 65386, 30658, 76241, 90885]"
120101,"[83901, 94808, 74412, 33606, 55318, 9459, 99084, 72537, 12283, 27868]"
120102,"[38467, 74761, 79906, 1416, 39483, 36551, 64976, 1685, 70629, 27112]"
120103,"[22375, 67182, 20766, 32221, 10285, 33954, 105498, 27180, 22042, 7704]"
120104,"[69025, 7216, 30396, 35062, 50463, 24881, 109097, 21138, 15969, 102574]"
120105,"[51798, 70896, 11950, 12558, 58122, 45429, 102947, 23366, 6369, 103383]"
120106,"[104369, 28823, 102257, 50125, 62523, 51512, 37735, 79454, 47886, 93468]"
120107,"[108604, 105546, 10017, 97274, 78389, 92803, 59026, 69807, 41845, 6332]"
120108,"[77959, 32923, 56832, 25714, 42973, 34281, 20303, 63278, 23056, 21782]"
120109,"[8060, 79115, 107842, 97725, 22668, 19012, 49115, 45625, 76514, 15128]"
120110,"[85069, 9701, 13847, 93255, 91760, 50574, 62859, 80312, 33695, 20910]"
120111,"[48444, 14938, 41329, 22260, 98859, 61443, 54435, 2998, 91055, 94933]"
120112,"[69169, 100233, 53321, 41, 21495, 85554, 101664, 98215, 84728, 71651]"
120113,"[14255, 42379, 80659, 6855, 48260, 83474, 89672, 73083, 91923, 92663]"
120114,"[1322, 104373, 38051, 28124, 43771, 18980, 33512, 376, 42348, 48044]"
120115,"[47075, 64936, 6356, 37986, 83191, 9214, 102405, 35939, 67701, 30832]"
120116,"[22211, 2779, 3917, 51685, 55673, 59743, 87425, 809, 14907, 69506]"
120117,"[98996, 12853, 67335, 80885, 15117, 16708, 69879, 30944, 93610, 72135]"
120118,"[21657, 102688, 103642, 84202, 91946, 65933, 4034, 64852, 37673, 57161]"
120119,"[44591, 61003, 72974, 35682, 54629, 92198, 74996, 18995, 37128, 10776]"
120120,"[63343, 54983, 24514, 67763, 40458, 2683, 26180, 42887, 76278, 25073]"
120121,"[73564, 75846, 10247, 79396, 18853, 79152, 101184, 74801, 56683, 15277]"
120122,"[65010, 33559, 71685, 47585, 29035, 8919, 38213, 99410, 88720, 48874]"
120123,"[3106, 12425, 80624, 101569, 19101, 42964, 46383, 64845, 4050, 90437]"
120124,"[20556, 85907, 49883, 41326, 80559, 69776, 58106, 52541, 73086, 56469]"
120125,"[85193, 20170, 79040, 9779, 32297, 87324, 27404, 48026, 94002, 76547]"
120126,"[68960, 62762, 100568, 87222, 58717, 90910, 46653, 76096, 7169, 59982]"
120127,"[107861, 36468, 89105, 66427, 70023, 44918, 61908, 31866, 86528, 20495]"
120128,"[51718, 42802, 40142, 93431, 8198, 45714, 21648, 85530, 20667, 30536]"
120129,"[106443, 50990, 14027, 95893, 44361, 92244, 95471, 99256, 104545, 91938]"
120130,"[36792, 53113, 91332, 63514, 84086, 7531, 10153, 20999, 54988, 15977]"
120131,"[104675, 88561, 6095, 57732, 75689, 42675, 77405, 97169, 109735, 103897]"
120132,"[85081, 55430, 19435, 89453, 85233, 40720, 87385, 35468, 29344, 70931]"
120133,"[44269, 2069, 104419, 54661, 91846, 42011, 18554, 100754, 3519, 28181]"
120134,"[16296, 33789, 101034, 34347, 66417, 60320, 55922, 68336, 13957, 105256]"
120135,"[30195, 40906, 29256, 72432, 29778, 55609, 72253, 5361, 48294, 43232]"
120136,"[103921, 104005, 50654, 30466, 50570, 38853, 63905, 68349, 98337, 104182]"
120137,"[44317, 93422, 96893, 100823, 108164, 24435, 1105, 14955, 69869, 73466]"
120138,"[56545, 52412, 96121, 86408, 37433, 46368, 109174, 108937, 25393, 107394]"
120139,"[57332, 80215, 100693, 100663, 3578, 23972, 85623, 68231, 44040, 2560]"
120140,"[2147, 17830, 57836, 60002, 32633, 26711, 39624, 9283, 61900, 105152]"
120141,"[58238, 97311, 72476, 34613, 30964, 51341, 41972, 47011, 48717, 35280]"
120142,"[37081, 71380, 103679, 41857, 73207, 54028, 90755, 39872, 40281, 48937]"
120143,"[82076, 87313, 108637, 65260, 87481, 65632, 68250, 44467, 21443, 90825]"
120144,"[588, 96863, 11791, 78920, 15978, 35281, 99834, 25250, 5146, 38303]"
120145,"[45816, 2649, 93411, 5010, 1321, 65281, 98860, 30029, 25446, 53073]"
120146,"[77086, 68263, 48342, 27953, 24999, 50965, 107509, 85048, 53312, 65984]"
120147,"[80455, 51528, 60232, 88209, 11237, 104954, 56669, 17850, 48514, 41690]"
120148,"[84998, 32133, 99268, 28337, 96002, 54309, 45363, 29513, 100775, 26088]"
120149,"[10154, 99269, 84452, 107016, 11171, 54501, 108017, 4491, 73594, 6443]"
120150,"[91557, 67153, 84187, 26974, 92676, 86375, 101241, 26907, 78849, 31352]"
120151,"[76285, 41298, 14918, 75685, 33619, 101268, 20061, 106690, 20475, 53752]"
120152,"[107489, 26102, 108078, 39810, 39221, 92518, 24455, 75460, 34983, 64768]"
120153,"[104297, 88222, 89330, 73208, 60167, 76025, 59180, 32689, 103885, 106038]"
120154,"[73151, 22532, 74670, 4291, 95783, 20253, 37784, 25916, 51501, 109231]"
120155,"[10763, 16765, 50677, 45956, 22859, 100470, 47463, 52687, 87189, 63529]"
120156,"[109580, 27132, 83815, 10826, 26235, 85629, 49556, 24157, 100090, 17826]"
120157,"[84825, 88425, 44247, 66783, 107724, 14824, 3910, 51846, 44285, 48798]"
120158,"[26834, 69678, 95895, 3990, 34133, 97789, 70895, 9723, 69012, 9317]"
120159,"[53800, 16101, 21866, 48202, 54156, 89483, 60526, 798, 77777, 95459]"
120160,"[105988, 82540, 54660, 97498, 1049, 23270, 84220, 19570, 51387, 90002]"
120161,"[61832, 240, 61271, 88630, 97678, 94580, 98364, 63358, 58470, 97940]"
120162,"[54448, 95794, 36808, 104661, 81966, 43809, 48431, 103555, 83142, 43485]"
120163,"[65759, 83963, 25106, 106988, 107050, 66266, 16123, 86485, 35509, 73919]"
120164,"[34402, 7452, 55030, 87974, 47501, 81623, 31555, 20035, 33206, 72896]"
120165,"[86407, 88018, 22091, 44537, 20526, 106410, 35905, 48147, 44389, 76180]"
120166,"[75766, 52994, 17149, 71629, 12754, 62803, 35158, 44420, 53179, 93956]"
120167,"[65184, 103717, 54849, 8927, 38312, 58254, 31279, 95667, 7604, 26402]"
120168,"[76772, 76693, 46120, 47858, 18762, 23090, 66658, 75795, 20749, 8776]"
120169,"[36269, 67441, 44724, 67747, 47913, 27041, 100139, 57278, 14269, 31185]"
120170,"[47419, 101979, 18805, 10215, 264, 7408, 86542, 89287, 40691, 53204]"
120171,"[89241, 62746, 38363, 69411, 87370, 47998, 17107, 98488, 58707, 68723]"
120172,"[38216, 34784, 1595, 10007, 106531, 51411, 50764, 54086, 14033, 43023]"
120173,"[54389, 91834, 105287, 95607, 68536, 55778, 32212, 8326, 104540, 27139]"
120174,"[54726, 45258, 1639, 43975, 8940, 78527, 78196, 75881, 91945, 65085]"
120175,"[97068, 27340, 23862, 4869, 45198, 91457, 108970, 99596, 27137, 36463]"
120176,"[75894, 93710, 47162, 89468, 4012, 102097, 65828, 68834, 86451, 87299]"
120177,"[94589, 83275, 62083, 13677, 72752, 35089, 2749, 26642, 108111, 19243]"
120178,"[102508, 27491, 49720, 108931, 13748, 9394, 75717, 83118, 63869, 75533]"
120179,"[31033, 30257, 65013, 65224, 76629, 98946, 27607, 94120, 103638, 73627]"
120180,"[90171, 3410, 57134, 98695, 108877, 89057, 9553, 26883, 102470, 25401]"
120181,"[63043, 62131, 26000, 18895, 83088, 60826, 52647, 52922, 12081, 90602]"
120182,"[2179, 41403, 76277, 93384, 28058, 30777, 72507, 40792, 67971, 59712]"
120183,"[51451, 1646, 65928, 97071, 30496, 57277, 74907, 54643, 18836, 8053]"
120184,"[75626, 104965, 93376, 77741, 56817, 95381, 65204, 75607, 75253, 108812]"
120185,"[107035, 17495, 21472, 39176, 32153, 13957, 33789, 68336, 62521, 53486]"
120186,"[46373, 63112, 60287, 45871, 97527, 99715, 92824, 72391, 27936, 105931]"
120187,"[89524, 16547, 21877, 105747, 62556, 19776, 44451, 36545, 17435, 21026]"
120188,"[72415, 70807, 11379, 84492, 96452, 81885, 93373, 56822, 71552, 60678]"
120189,"[27512, 80724, 101517, 98811, 24321, 75403, 29522, 24932, 43788, 45053]"
120190,"[10363, 20894, 29010, 79595, 76760, 89685, 51548, 55272, 7729, 88636]"
120191,"[8378, 27246, 21822, 54513, 93701, 76230, 65873, 95989, 41566, 27303]"
120192,"[89046, 44382, 74549, 87558, 80189, 19404, 84369, 36368, 64785, 81484]"
120193,"[102683, 15191, 7150, 4721, 89424, 84817, 72414, 20539, 46861, 97268]"
120194,"[86882, 66538, 100095, 103671, 59110, 95756, 76634, 39998, 36414, 42719]"
120195,"[67461, 59118, 104388, 90517, 50316, 71789, 43075, 10844, 11185, 21314]"
120196,"[34607, 96736, 103827, 98868, 103696, 44881, 77037, 91503, 14827, 105878]"
120197,"[33106, 105206, 106866, 104059, 55201, 61264, 83833, 65404, 21571, 29970]"
120198,"[100254, 103792, 101121, 67160, 75262, 95310, 9345, 11497, 29142, 17146]"
120199,"[63521, 84795, 83973, 48324, 14123, 27507, 60482, 8397, 90810, 75426]"
120200,"[17363, 18154, 97650, 84654, 10079, 38431, 5849, 11221, 42914, 103905]"
120201,"[67997, 81443, 24601, 27705, 16546, 101395, 106473, 73731, 79100, 15182]"
120202,"[22202, 48116, 78426, 5137, 66798, 93490, 50321, 57576, 82589, 64864]"
120203,"[74954, 1128, 5654, 73685, 91260, 38072, 53746, 92606, 44244, 27994]"
120204,"[72427, 108009, 7119, 84055, 22977, 97515, 94910, 29988, 17040, 108365]"
120205,"[108335, 102776, 92992, 9734, 49525, 73778, 103134, 79733, 8618, 26522]"
120206,"[74717, 79609, 1827, 34954, 95157, 1940, 42285, 104357, 47358, 31600]"
120207,"[32637, 39105, 105881, 39761, 33470, 92863, 50010, 48115, 96295, 89822]"
120208,"[51732, 25334, 21247, 3762, 61770, 73606, 102111, 50517, 48351, 69544]"
120209,"[53193, 42545, 95454, 92519, 37913, 79043, 36521, 62811, 7442, 12986]"
120210,"[62721, 51202, 14848, 3740, 97741, 52357, 41458, 75647, 55840, 23227]"
120211,"[96149, 100815, 101878, 71751, 105508, 80004, 46988, 23035, 40520, 101053]"
120212,"[48623, 100131, 88152, 100356, 20165, 83128, 79464, 101041, 3608, 2304]"
120213,"[66320, 32413, 81652, 85905, 77025, 99467, 52306, 63178, 553, 16121]"
120214,"[91870, 37171, 19490, 5642, 87773, 82110, 28286, 33224, 77114, 52365]"
120215,"[88456, 94462, 19943, 65598, 58195, 44312, 1895, 83070, 74033, 103617]"
120216,"[108362, 2964, 70971, 2968, 39990, 20202, 12100, 97204, 108261, 49931]"
120217,"[29814, 41276, 58832, 94524, 13164, 104262, 61912, 12473, 64907, 42489]"
120218,"[61044, 43179, 96187, 101662, 77937, 109008, 107289, 85486, 14183, 102648]"
120219,"[81459, 99775, 82998, 80742, 75673, 36886, 51427, 1937, 94145, 41522]"
120220,"[44781, 94877, 89428, 677, 106743, 81763, 33708, 34507, 27945, 18330]"
120221,"[45449, 8683, 20687, 22366, 76742, 96148, 99203, 36655, 77803, 15537]"
120222,"[4970, 26243, 99217, 85349, 15893, 3130, 4390, 33670, 4209, 14489]"
120223,"[74432, 60956, 29148, 35468, 38957, 57417, 36080, 63497, 4868, 87385]"
120224,"[97541, 57007, 30007, 89917, 823, 69347, 39956, 75455, 38637, 82214]"
120225,"[16835, 68542, 6529, 83676, 109020, 62377, 98184, 99227, 50935, 42823]"
120226,"[4575, 42787, 92289, 63654, 31291, 6799, 105331, 22046, 33846, 66073]"
120227,"[1262, 2273, 25038, 99820, 104328, 62816, 61005, 60214, 76007, 98011]"
120228,"[101188, 16042, 35489, 51633, 64649, 78897, 71649, 43122, 10526, 77792]"
120229,"[63788, 29270, 87780, 76819, 20609, 41888, 51155, 44251, 101338, 51247]"
120230,"[4625, 88931, 24950, 67176, 58002, 30567, 50118, 4396, 88911, 87268]"
120231,"[55290, 100319, 79301, 45669, 50638, 85224, 93656, 88859, 52454, 60178]"
120232,"[98707, 15348, 24953, 97684, 108067, 76802, 41091, 19623, 44851, 18916]"
120233,"[75162, 26924, 51786, 35600, 10364, 71499, 86307, 1484, 76911, 86739]"
120234,"[4379, 83189, 31640, 56420, 36988, 79149, 67594, 57130, 91870, 90343]"
120235,"[93769, 101880, 983, 88095, 94344, 79510, 101900, 66959, 33620, 36717]"
120236,"[1216, 103149, 42350, 51120, 25878, 40573, 75219, 50942, 64575, 88935]"
120237,"[21571, 6302, 67363, 49667, 107006, 45981, 7493, 86881, 59313, 79181]"
120238,"[19901, 76465, 81253, 85840, 20965, 73552, 89969, 9924, 106921, 77249]"
120239,"[4013, 43297, 66571, 66327, 45665, 92949, 517, 16677, 627, 20573]"
120240,"[11959, 11046, 67062, 61182, 19675, 10607, 93000, 5697, 106575, 20846]"
120241,"[56703, 15360, 17248, 88815, 33097, 36538, 25131, 22185, 62508, 14702]"
120242,"[108229, 52052, 49560, 77351, 30017, 65161, 87421, 74191, 63052, 44837]"
120243,"[15057, 36256, 46818, 60802, 86591, 50462, 21619, 78823, 108311, 41421]"
120244,"[75986, 109484, 90127, 22662, 73402, 27592, 72231, 78076, 17126, 107063]"
120245,"[22268, 87280, 59978, 10593, 93995, 91793, 71949, 49218, 28908, 11324]"
120246,"[63539, 82491, 25501, 71012, 48113, 52137, 14198, 2383, 28423, 34542]"
120247,"[18717, 66276, 2762, 42911, 83520, 32287, 59748, 47525, 93929, 42016]"
120248,"[21552, 73367, 53285, 35962, 90093, 41169, 107228, 48578, 14339, 83947]"
120249,"[92796, 104393, 51251, 56601, 87004, 72370, 93923, 90316, 44735, 19299]"
120250,"[22175, 2556, 46826, 82776, 11565, 24714, 79215, 12797, 28554, 21088]"
120251,"[31453, 34952, 15058, 38887, 102516, 52575, 97574, 65697, 87732, 20116]"
120252,"[81409, 58781, 1567, 76201, 108654, 86809, 88444, 54022, 43160, 16866]"
120253,"[50190, 9055, 76982, 91068, 94894, 23702, 83437, 71135, 108464, 36684]"
120254,"[50470, 55640, 105263, 100701, 55684, 59461, 57198, 11881, 101140, 103344]"
120255,"[23888, 105129, 77027, 67147, 32594, 88063, 101852, 78615, 68492, 75428]"
120256,"[33011, 67771, 78587, 28925, 30733, 13118, 20912, 5802, 26411, 55958]"
120257,"[24608, 17229, 57744, 88321, 62553, 102327, 65117, 59562, 73184, 84735]"
120258,"[85047, 90733, 58610, 27765, 69344, 43175, 82411, 73455, 54051, 87711]"
120259,"[76677, 75935, 74543, 27821, 31195, 57898, 52218, 32051, 59362, 81009]"
120260,"[2741, 55197, 14128, 27411, 61361, 77046, 75129, 78562, 91851, 8362]"
120261,"[5428, 66214, 61804, 39657, 5186, 65060, 27960, 39231, 42796, 47353]"
120262,"[33439, 19490, 22598, 93298, 66945, 25040, 54647, 88265, 63990, 20250]"
120263,"[39434, 12536, 93662, 406, 95783, 32673, 23061, 31816, 7258, 50474]"
120264,"[12921, 81925, 99543, 99188, 79697, 42909, 107137, 37576, 76640, 31978]"
120265,"[3300, 76486, 98171, 78861, 56514, 51351, 30198, 91974, 107943, 2763]"
120266,"[73039, 103078, 7818, 12144, 109257, 6449, 66514, 103801, 104354, 87996]"
120267,"[91812, 48285, 105541, 85081, 55430, 40720, 13326, 29484, 33522, 108882]"
120268,"[37235, 86618, 29134, 20620, 78144, 75487, 11763, 21614, 54123, 65729]"
120269,"[97881, 60070, 86135, 12847, 86110, 45317, 12937, 23138, 100501, 70541]"
120270,"[9994, 21064, 7744, 25593, 101716, 79473, 95842, 39076, 8611, 25809]"
120271,"[10891, 24181, 21892, 70082, 1070, 64651, 11910, 9744, 94872, 23033]"
120272,"[31587, 36852, 21784, 78585, 27107, 93767, 56606, 91010, 43166, 36081]"
120273,"[24141, 55274, 92069, 25865, 48202, 4290, 55033, 77965, 70868, 24910]"
120274,"[59025, 7829, 81580, 42078, 31068, 10480, 102140, 2121, 66078, 81436]"
120275,"[91891, 48632, 55610, 96449, 94259, 26925, 91400, 9804, 104064, 35718]"
120276,"[25792, 72206, 14456, 24746, 100099, 45061, 23343, 22583, 30979, 62594]"
120277,"[76317, 92649, 10907, 59695, 73231, 28639, 1021, 29561, 70952, 86258]"
120278,"[109261, 68844, 82639, 23128, 20848, 99116, 60804, 40060, 98025, 96776]"
120279,"[33955, 106669, 93600, 19461, 6118, 64645, 102271, 60008, 109584, 88024]"
120280,"[3987, 96977, 68538, 9636, 97571, 101666, 51090, 105089, 27171, 63357]"
120281,"[14476, 64957, 65778, 100907, 10158, 86857, 19339, 46791, 18063, 89394]"
120282,"[98593, 96844, 52325, 22783, 14720, 53607, 92153, 43482, 6007, 68301]"
120283,"[56039, 80050, 89300, 3997, 107693, 90314, 48166, 18604, 83090, 18651]"
120284,"[92668, 77627, 44018, 39328, 95644, 24303, 17172, 91235, 14262, 20385]"
120285,"[98272, 62123, 40208, 3513, 63538, 17928, 26997, 14662, 69064, 25046]"
120286,"[18280, 47631, 60752, 11444, 66710, 24634, 42333, 75965, 8047, 101256]"
120287,"[61697, 45273, 42317, 89169, 108891, 60975, 10618, 311, 100394, 39669]"
120288,"[107217, 639, 83554, 35926, 71831, 75961, 54347, 23397, 7209, 23834]"
120289,"[1597, 57645, 38082, 21829, 107322, 53097, 78970, 104922, 16795, 19658]"
120290,"[103634, 55560, 109557, 67201, 99875, 63921, 37502, 108958, 38496, 109622]"
120291,"[101267, 29421, 41185, 52168, 23209, 21717, 68422, 106030, 27295, 4720]"
120292,"[86963, 55378, 75195, 99606, 83425, 107940, 103896, 57326, 89039, 34408]"
120293,"[23930, 50280, 23526, 33318, 49987, 1432, 52708, 93970, 97522, 1332]"
120294,"[9914, 26254, 63703, 61254, 80867, 80302, 18184, 871, 76596, 99399]"
120295,"[4781, 86482, 10913, 70577, 13108, 79178, 6673, 89431, 92397, 98251]"
120296,"[56882, 105442, 48469, 99045, 79481, 108118, 2127, 104800, 829, 38422]"
120297,"[67901, 92681, 73109, 47426, 45753, 78935, 30363, 70343, 79193, 27420]"
120298,"[34339, 92383, 46809, 109297, 77565, 63812, 17420, 38311, 18579, 23248]"
120299,"[82845, 87584, 51086, 85159, 40748, 12807, 72579, 61869, 81628, 11612]"
120300,"[75754, 60688, 27118, 61175, 12391, 109714, 50309, 105114, 58458, 109694]"
120301,"[11848, 41539, 60020, 77452, 77054, 25649, 92525, 53440, 101164, 62940]"
120302,"[79561, 48197, 101904, 81213, 19789, 90511, 96009, 23258, 57409, 36552]"
120303,"[48336, 107229, 47470, 78258, 25437, 95678, 59730, 79068, 16429, 2377]"
120304,"[8047, 12990, 88228, 75965, 101256, 48523, 74541, 99285, 79544, 81991]"
120305,"[44276, 21088, 76262, 75983, 1353, 75397, 50472, 68927, 81881, 23857]"
120306,"[13527, 82243, 83856, 106002, 35325, 18167, 31202, 84833, 14054, 77120]"
120307,"[35907, 62961, 70219, 50479, 72724, 73651, 100655, 85434, 49751, 76472]"
120308,"[15558, 8224, 51569, 44158, 5154, 59894, 72363, 98174, 98596, 61910]"
120309,"[64373, 41728, 51302, 94420, 4503, 103322, 61687, 63782, 44741, 36060]"
120310,"[51364, 30008, 92045, 106951, 13341, 37956, 107084, 30937, 93258, 104320]"
120311,"[103556, 37116, 13763, 109665, 68686, 53872, 71093, 47942, 25209, 65599]"
120312,"[36206, 10591, 78781, 101824, 21162, 69338, 40120, 76576, 84356, 82299]"
120313,"[45565, 105324, 98444, 515, 89773, 69560, 14284, 73887, 38319, 9526]"
120314,"[81691, 25248, 25502, 44669, 20087, 82692, 8863, 85467, 55519, 55947]"
120315,"[87985, 94485, 18444, 51508, 109055, 93453, 23827, 57420, 33976, 107727]"
120316,"[18490, 39505, 42594, 48627, 60650, 70020, 12413, 49621, 105228, 14534]"
120317,"[9237, 5963, 12026, 51891, 87324, 48026, 24168, 51229, 8826, 69483]"
120318,"[20267, 76455, 72204, 97719, 77389, 14350, 106782, 95696, 15726, 50040]"
120319,"[59830, 63400, 103307, 77715, 47404, 299, 97136, 103221, 84120, 81753]"
120320,"[102237, 45470, 1132, 49141, 10011, 36818, 96905, 74292, 12181, 18197]"
120321,"[100268, 53991, 69056, 78968, 50753, 8535, 108422, 15454, 95094, 67698]"
120322,"[97802, 12901, 7663, 47492, 87117, 51931, 47165, 78601, 50900, 5583]"
120323,"[42360, 89310, 81512, 11696, 25073, 52794, 47910, 60663, 29067, 30329]"
120324,"[20559, 89826, 54151, 96445, 16471, 38291, 42521, 24018, 59943, 36367]"
120325,"[108864, 96021, 62455, 38445, 103940, 94475, 40611, 106589, 30503, 86809]"
120326,"[69986, 28971, 20789, 84712, 26506, 47966, 82958, 53379, 32462, 99765]"
120327,"[48134, 5947, 2499, 36171, 89287, 103396, 264, 35915, 78863, 77023]"
120328,"[59801, 90501, 35683, 16817, 6591, 49984, 77449, 10861, 45823, 8236]"
120329,"[77075, 38065, 12838, 72497, 80966, 83950, 14872, 105795, 13178, 3397]"
120330,"[109420, 37418, 76014, 48129, 78524, 96683, 73389, 8043, 26236, 57877]"
120331,"[49659, 10246, 93106, 46391, 101960, 6826, 11323, 38166, 27582, 109600]"
120332,"[79042, 85569, 48578, 47223, 100697, 98677, 59625, 96635, 101106, 104672]"
120333,"[99349, 32099, 1606, 108862, 88423, 49494, 57609, 30736, 64908, 31596]"
120334,"[39162, 49138, 73305, 81891, 55101, 39112, 18011, 96063, 9186, 6508]"
120335,"[45848, 80795, 50707, 38761, 87563, 91153, 101999, 30113, 73406, 95298]"
120336,"[73825, 60200, 56535, 86249, 15226, 32875, 4391, 68067, 19713, 77889]"
120337,"[93609, 61276, 66216, 102938, 23833, 35567, 2118, 88854, 38492, 67595]"
120338,"[56241, 66441, 43501, 79928, 56012, 73301, 7579, 43384, 20670, 40972]"
120339,"[88986, 46015, 17654, 16564, 81279, 57056, 37217, 36669, 90032, 22919]"
120340,"[3215, 52926, 33706, 70537, 98242, 14053, 85720, 44129, 60497, 25534]"
120341,"[80122, 87839, 47858, 18762, 45519, 61324, 33057, 1942, 104035, 75248]"
120342,"[1933, 35306, 612, 99262, 97143, 31217, 11470, 9450, 37164, 76497]"
120343,"[73598, 74010, 95396, 156, 76571, 16204, 64151, 38559, 96586, 56058]"
120344,"[94312, 57406, 70783, 11253, 106300, 19011, 40223, 90176, 66348, 51527]"
120345,"[35136, 70240, 55461, 38837, 7377, 9090, 6525, 63257, 103577, 19149]"
120346,"[106476, 33544, 73771, 90688, 105457, 62920, 38890, 106358, 41152, 22735]"
120347,"[108491, 93181, 67876, 22746, 20336, 33479, 73898, 102867, 9937, 62837]"
120348,"[53573, 54537, 52900, 10865, 3692, 63784, 55020, 50999, 75996, 89221]"
120349,"[101850, 4588, 43960, 72369, 109385, 85978, 64614, 50035, 107072, 103112]"
120350,"[53139, 72636, 11319, 67358, 10494, 64809, 25615, 28355, 95653, 33460]"
120351,"[103059, 13218, 17231, 59031, 15082, 18629, 57618, 29345, 84107, 36603]"
120352,"[15652, 95122, 53662, 72100, 21220, 73655, 60043, 98934, 36656, 109394]"
120353,"[8064, 40160, 12842, 29983, 4382, 91113, 88650, 84532, 53340, 88796]"
120354,"[84133, 88084, 59923, 90241, 68602, 50488, 98407, 29983, 5309, 50152]"
120355,"[54374, 60504, 96870, 11963, 47908, 30219, 6729, 15424, 84263, 93408]"
120356,"[84933, 49575, 18554, 43051, 108621, 46449, 47751, 4240, 85142, 106833]"
120357,"[15974, 102372, 88963, 86653, 83375, 67572, 1062, 47299, 44707, 45699]"
120358,"[83595, 22383, 95108, 55860, 99458, 56046, 27059, 78439, 81700, 12065]"
120359,"[23896, 45328, 82017, 37935, 2676, 91879, 69430, 16984, 21656, 45923]"
120360,"[55335, 61520, 64490, 78522, 2747, 108828, 24397, 38126, 34659, 10178]"
120361,"[28803, 16107, 24737, 37132, 98991, 2175, 96013, 85914, 80320, 73503]"
120362,"[105793, 99108, 89543, 77508, 54330, 80023, 78073, 64032, 183, 59540]"
120363,"[95740, 32723, 4762, 11846, 60422, 64889, 16682, 53396, 29272, 73005]"
120364,"[10979, 16067, 40985, 6876, 19880, 48168, 10412, 87881, 20974, 90723]"
120365,"[96290, 80464, 107503, 99516, 26497, 16069, 55178, 48942, 55082, 62407]"
120366,"[19355, 79026, 102669, 44629, 15528, 12074, 40311, 57632, 47061, 23825]"
120367,"[71257, 38218, 57123, 79793, 12291, 32312, 46728, 14525, 101278, 13766]"
120368,"[14718, 56186, 69413, 89750, 94551, 99587, 24671, 43198, 44825, 29323]"
120369,"[49817, 33586, 9323, 21231, 16763, 6773, 12405, 48607, 63150, 103497]"
120370,"[34728, 77199, 17457, 95421, 91006, 90335, 78592, 14405, 16460, 37574]"
120371,"[108769, 64440, 22468, 99647, 103613, 101490, 17740, 6271, 30019, 104678]"
120372,"[70194, 11264, 21986, 77389, 85214, 91077, 30984, 106137, 59575, 16656]"
120373,"[12918, 21592, 59218, 86808, 24554, 26628, 14082, 13332, 26074, 57145]"
120374,"[8932, 69621, 78108, 16371, 37826, 38058, 24707, 96293, 91700, 23836]"
120375,"[6512, 17409, 88314, 104331, 83111, 40643, 27809, 30715, 35580, 36931]"
120376,"[7779, 1475, 24769, 78388, 30899, 15103, 8870, 59558, 43537, 94272]"
120377,"[34728, 17457, 80332, 68128, 90335, 32350, 53777, 65417, 14405, 96879]"
120378,"[66873, 82690, 43270, 31099, 37893, 7588, 14309, 16520, 29721, 22029]"
120379,"[86180, 105064, 1691, 68944, 83800, 54763, 30250, 62045, 88129, 76297]"
120380,"[8595, 90851, 108065, 101516, 27275, 95608, 27656, 6782, 38287, 70855]"
120381,"[92369, 42351, 72514, 33064, 29728, 86361, 4748, 25452, 56753, 61380]"
120382,"[85601, 39426, 75493, 99211, 97098, 28923, 30443, 30624, 108588, 64274]"
120383,"[11613, 34494, 100956, 77438, 101207, 74587, 74221, 88473, 98005, 59925]"
120384,"[82433, 63323, 104457, 23322, 12360, 2598, 32996, 41811, 26023, 57520]"
120385,"[124, 36282, 109448, 2157, 54611, 62499, 61643, 55639, 53937, 14801]"
120386,"[47718, 102811, 81003, 105336, 64569, 46811, 66960, 69479, 53315, 32970]"
120387,"[26199, 62133, 52790, 37505, 29225, 67767, 3089, 53789, 19677, 78485]"
120388,"[81964, 87607, 70846, 93396, 84564, 65747, 89761, 72373, 49859, 85446]"
120389,"[28422, 7356, 23442, 55597, 65883, 108444, 70992, 54125, 94299, 86109]"
120390,"[51136, 43236, 52034, 69137, 25733, 31577, 68229, 4618, 6281, 32987]"
120391,"[30085, 74228, 56627, 20531, 27995, 46922, 19982, 55165, 81916, 74745]"
120392,"[35864, 96229, 93793, 3442, 24232, 103643, 96675, 75502, 105706, 95852]"
120393,"[86893, 34815, 87152, 32871, 98910, 108256, 28499, 19605, 85646, 77474]"
120394,"[62048, 44048, 18469, 68660, 17373, 72502, 74864, 34904, 26064, 56484]"
120395,"[99581, 107911, 38325, 29530, 45529, 80174, 2934, 73518, 40913, 7318]"
120396,"[97583, 21775, 97473, 103681, 26890, 107444, 97410, 109575, 26522, 4620]"
120397,"[67935, 93088, 45264, 4701, 42409, 15312, 21383, 42187, 77410, 73179]"
120398,"[34843, 72084, 6597, 15840, 60838, 2840, 80495, 97998, 58687, 4351]"
120399,"[18241, 23117, 77529, 38285, 16941, 92687, 60949, 69916, 91873, 4845]"
120400,"[76573, 64337, 27401, 61325, 75160, 91798, 52116, 31503, 80745, 73728]"
120401,"[5873, 93780, 40195, 60735, 5320, 75738, 53434, 5579, 81628, 107391]"
120402,"[92155, 65594, 73230, 91146, 81737, 12366, 54336, 105086, 5240, 21301]"
120403,"[67389, 34738, 80183, 106095, 4824, 43869, 57776, 70655, 81215, 56390]"
120404,"[21689, 7997, 35945, 90247, 12010, 65427, 93607, 82939, 9494, 56960]"
120405,"[26705, 9154, 65819, 70392, 49681, 103874, 87886, 57080, 12245, 27076]"
120406,"[4057, 2000, 88254, 50476, 45302, 101508, 7051, 58534, 6319, 66982]"
120407,"[68442, 25488, 16586, 24936, 81570, 27586, 103409, 52976, 19496, 20998]"
120408,"[16885, 32475, 29590, 24841, 63242, 3702, 48726, 81298, 8253, 69385]"
120409,"[100817, 103044, 57542, 11555, 70011, 15015, 26845, 51148, 31956, 34316]"
120410,"[57640, 38254, 55829, 43986, 99834, 5146, 25250, 97327, 48468, 35798]"
120411,"[7310, 68332, 54447, 98725, 32207, 26345, 28717, 93098, 3457, 26951]"
120412,"[8152, 105540, 39848, 108210, 21489, 59289, 94577, 26133, 92728, 66999]"
120413,"[50480, 108405, 59776, 956, 107919, 61992, 26563, 108237, 98208, 53018]"
120414,"[11447, 68255, 37630, 40531, 3498, 68114, 86300, 80679, 78841, 90356]"
120415,"[23131, 1573, 4067, 66629, 61163, 26879, 53147, 97218, 35745, 14183]"
120416,"[103920, 29840, 45308, 101168, 34071, 77090, 74534, 85236, 51792, 107611]"
120417,"[95459, 77777, 26973, 26635, 798, 41553, 69702, 92069, 24080, 53800]"
120418,"[56139, 40746, 58479, 37398, 22957, 91314, 45696, 92556, 19791, 2400]"
120419,"[69896, 46356, 36632, 8907, 11508, 34622, 51702, 108365, 34733, 39135]"
120420,"[72254, 28640, 59541, 2851, 87343, 104522, 62986, 70497, 90432, 71711]"
120421,"[73052, 100829, 5499, 48865, 9048, 24192, 97715, 103519, 28019, 41456]"
120422,"[64290, 1314, 88917, 89989, 13676, 26747, 72726, 91662, 65233, 86156]"
120423,"[69935, 82534, 97289, 39497, 36641, 29172, 79219, 26383, 57529, 49218]"
120424,"[65384, 37930, 84920, 24806, 33942, 47318, 63551, 104711, 55267, 29260]"
120425,"[45803, 40378, 73118, 43201, 78990, 15423, 67280, 103558, 3384, 56702]"
120426,"[94744, 62839, 105889, 72555, 72441, 75566, 22367, 54849, 73760, 38312]"
120427,"[87430, 46828, 36620, 51857, 64070, 77301, 33663, 102502, 14322, 86037]"
120428,"[60510, 41654, 92121, 93545, 34215, 45087, 23373, 103504, 9561, 5959]"
120429,"[25701, 7986, 72926, 91623, 10295, 64918, 85543, 63760, 106353, 96869]"
120430,"[26647, 21342, 65417, 1700, 103312, 47289, 43073, 102678, 31489, 86102]"
120431,"[61603, 64617, 73672, 101096, 82395, 18035, 99770, 58786, 40675, 5736]"
120432,"[63726, 60249, 55934, 4432, 76904, 12020, 55366, 52711, 3501, 39834]"
120433,"[41040, 55870, 71233, 39266, 71599, 85913, 59467, 93783, 17356, 60246]"
120434,"[76442, 109641, 47108, 34429, 3679, 71473, 30867, 23275, 90974, 45784]"
120435,"[68369, 52616, 67780, 97379, 28335, 17080, 26205, 55251, 20183, 55660]"
120436,"[59149, 60555, 88605, 55673, 40168, 14907, 92451, 10619, 25707, 16961]"
120437,"[34009, 79268, 42191, 72761, 105034, 109060, 72292, 96039, 26270, 71096]"
120438,"[25374, 74908, 77128, 92966, 76609, 99015, 65666, 52295, 88865, 64708]"
120439,"[5742, 100339, 15554, 33425, 49704, 99549, 19923, 87628, 86591, 63630]"
120440,"[28907, 17366, 70658, 25572, 7854, 65367, 1986, 6386, 50330, 52871]"
120441,"[82685, 97239, 1818, 75719, 499, 8706, 26745, 92390, 43313, 88964]"
120442,"[45697, 19800, 104145, 65272, 85729, 40009, 80867, 39991, 72314, 4816]"
120443,"[16546, 61218, 48037, 38460, 63472, 984, 57551, 98943, 33227, 67997]"
120444,"[104156, 12673, 23996, 23636, 29708, 77072, 17222, 63509, 17125, 90423]"
120445,"[60441, 75134, 73394, 58486, 107773, 15019, 92088, 3048, 64493, 2877]"
120446,"[55138, 82563, 79529, 7623, 3969, 106675, 22903, 16321, 32197, 102753]"
120447,"[92395, 73712, 81171, 33441, 69375, 89643, 13892, 19667, 82647, 20416]"
120448,"[14584, 4974, 76717, 53436, 25093, 30006, 100056, 3710, 6785, 94840]"
120449,"[56261, 73903, 94248, 27500, 104907, 81757, 21396, 86830, 28861, 24797]"
120450,"[27012, 45354, 81833, 21889, 94219, 35714, 83216, 95838, 65833, 68068]"
120451,"[14485, 24754, 14765, 99900, 32861, 81939, 6404, 46810, 2993, 71869]"
120452,"[34988, 55456, 43939, 19426, 35064, 8492, 99631, 12541, 71827, 11241]"
120453,"[81606, 70178, 23134, 13683, 21249, 95076, 63201, 1641, 106660, 28034]"
120454,"[37749, 12102, 107031, 105769, 77436, 38762, 90202, 31433, 95554, 99915]"
120455,"[59602, 104010, 72020, 55864, 104947, 98131, 86116, 5979, 1176, 59917]"
120456,"[79999, 103433, 71615, 69670, 79046, 57893, 13037, 44375, 26072, 59958]"
120457,"[108045, 77494, 28099, 21456, 47663, 100004, 36588, 75658, 93541, 83612]"
120458,"[92247, 65367, 9639, 19414, 60946, 61805, 33737, 87505, 9865, 7498]"
120459,"[3512, 70066, 88112, 64851, 106642, 75930, 78614, 32249, 105725, 89849]"
120460,"[91095, 46082, 21561, 27842, 38386, 31356, 95577, 40976, 83315, 63897]"
120461,"[58915, 43861, 9213, 90014, 71556, 82108, 69731, 13026, 90754, 15036]"
120462,"[14939, 39141, 74646, 106843, 28107, 89112, 6838, 53137, 15192, 25360]"
120463,"[31097, 102207, 70888, 69096, 89739, 107721, 58654, 48496, 25999, 25272]"
120464,"[75961, 20409, 13678, 84696, 35926, 63108, 23397, 54347, 107217, 71831]"
120465,"[17342, 96266, 89722, 95575, 65657, 67867, 46121, 102430, 42834, 33692]"
120466,"[61927, 6827, 74309, 26720, 20107, 48892, 107756, 6594, 106297, 61247]"
120467,"[37538, 108493, 92554, 13952, 104463, 52011, 80522, 23927, 6923, 103962]"
120468,"[24637, 88718, 35731, 89319, 77156, 50777, 83106, 86705, 3407, 19567]"
120469,"[69936, 94402, 19158, 91947, 71577, 75044, 37506, 67675, 54950, 94044]"
120470,"[35046, 69331, 46886, 58634, 94139, 62661, 74380, 23038, 82976, 10154]"
120471,"[70966, 6993, 29803, 83141, 46897, 32180, 34164, 73281, 49583, 80675]"
120472,"[98437, 40733, 70359, 47911, 84956, 42273, 63139, 77969, 61318, 83169]"
120473,"[35536, 18681, 61680, 25287, 98767, 34083, 16922, 14014, 19534, 38390]"
120474,"[64088, 44987, 46526, 50339, 88030, 96947, 31823, 79068, 81564, 20619]"
120475,"[12469, 88711, 101603, 988, 74788, 12497, 101542, 102734, 92398, 76600]"
120476,"[54757, 74962, 21397, 15486, 54116, 56187, 46537, 77294, 49671, 26182]"
120477,"[86247, 20199, 88995, 77725, 100609, 83854, 48522, 4158, 80398, 93736]"
120478,"[59734, 76104, 15243, 105938, 77131, 26162, 71684, 67623, 57963, 50604]"
120479,"[23139, 78125, 76939, 34121, 37354, 103923, 32532, 32536, 34194, 22871]"
120480,"[94491, 74748, 98166, 10121, 52929, 75640, 59873, 45708, 11751, 30816]"
120481,"[27872, 104588, 5095, 25380, 100657, 61757, 89771, 76924, 54187, 85631]"
120482,"[39196, 39824, 87127, 80053, 23256, 59536, 86322, 26576, 66102, 42462]"
120483,"[108921, 94093, 102603, 77061, 74487, 86515, 19542, 90556, 38920, 82559]"
120484,"[95612, 53762, 34600, 57219, 105940, 51400, 43517, 63902, 83897, 10062]"
120485,"[18584, 42996, 80859, 106008, 87048, 75924, 95400, 107109, 50374, 45046]"
120486,"[68590, 50477, 109433, 108300, 23032, 108856, 88005, 22773, 54488, 97]"
120487,"[29474, 73936, 106502, 72050, 21419, 40405, 6143, 1499, 86834, 33963]"
120488,"[91135, 24829, 67775, 49133, 96492, 34033, 93725, 100475, 58122, 45429]"
120489,"[81551, 20562, 20862, 25791, 34338, 83713, 54060, 11885, 52242, 77269]"
120490,"[44462, 105429, 39744, 41249, 97425, 1023, 26039, 27372, 14382, 43968]"
120491,"[49894, 72848, 41058, 60047, 28030, 27504, 27296, 103145, 91242, 75651]"
120492,"[104992, 67173, 31749, 25459, 71256, 23058, 52195, 42222, 96079, 83377]"
120493,"[37968, 47030, 84738, 60391, 54378, 85682, 3116, 107633, 73306, 74330]"
120494,"[66641, 28958, 106347, 102994, 48570, 65718, 42501, 1591, 31691, 79099]"
120495,"[105374, 56243, 16951, 77155, 82208, 58184, 100675, 102601, 64906, 79958]"
120496,"[41573, 19581, 80408, 75688, 25634, 29508, 80039, 27685, 85745, 40298]"
120497,"[25608, 99544, 41918, 62028, 55242, 103224, 83420, 106199, 184, 51067]"
120498,"[59550, 16865, 12418, 91433, 81938, 14359, 79726, 90616, 69386, 39815]"
120499,"[35754, 19520, 51684, 73309, 91343, 36878, 34921, 55468, 45719, 90871]"
120500,"[45248, 54266, 3352, 19122, 13825, 52127, 93798, 33858, 21812, 53009]"
120501,"[36958, 94528, 40979, 58739, 12259, 46405, 31657, 106964, 79760, 32818]"
120502,"[107525, 74136, 51892, 12548, 77862, 13117, 88326, 98466, 31475, 56556]"
120503,"[95999, 46480, 102142, 123, 104853, 71078, 89488, 10019, 62738, 109197]"
120504,"[104331, 88314, 40643, 104867, 98388, 27529, 6512, 84385, 9124, 64890]"
120505,"[20363, 85500, 40446, 70542, 8944, 56048, 19819, 64510, 83664, 30946]"
120506,"[79397, 69024, 18365, 95052, 22455, 60946, 63382, 29009, 10837, 18293]"
120507,"[63339, 57535, 84277, 7425, 58051, 41530, 69010, 68782, 83472, 31651]"
120508,"[10685, 3157, 13480, 47534, 19337, 87230, 11878, 27304, 36476, 55453]"
120509,"[34555, 76688, 37248, 43291, 26158, 108372, 59928, 1032, 30036, 50609]"
120510,"[38112, 33131, 86151, 33217, 53876, 39905, 15923, 62515, 69284, 51786]"
120511,"[56409, 62428, 75469, 90342, 11446, 73290, 97523, 74082, 32399, 10076]"
120512,"[108989, 55547, 53109, 61680, 26780, 38644, 97182, 24672, 21733, 90991]"
120513,"[53940, 4415, 76498, 25411, 85323, 96725, 88405, 5744, 74332, 70612]"
120514,"[25459, 31749, 23058, 96079, 3864, 1255, 38528, 88442, 35927, 26355]"
120515,"[79763, 62264, 72714, 108012, 27360, 48363, 97210, 101289, 106935, 779]"
120516,"[57518, 56106, 21440, 27109, 46884, 25639, 90772, 30827, 46949, 6091]"
120517,"[59284, 102241, 37198, 89008, 76616, 73956, 62882, 8493, 56742, 4771]"
120518,"[14697, 64165, 87573, 3573, 968, 46647, 14910, 14493, 47933, 81803]"
120519,"[52787, 15037, 36724, 89554, 84275, 108724, 87602, 10586, 66887, 73838]"
120520,"[15473, 98887, 1783, 101781, 74570, 105532, 16719, 57421, 4816, 42855]"
120521,"[56906, 75254, 62866, 11666, 79282, 23566, 79911, 82290, 37746, 32713]"
120522,"[66867, 102230, 63896, 64684, 109507, 92977, 54464, 17650, 35614, 40464]"
120523,"[45609, 106218, 99762, 18983, 6246, 108778, 7619, 96361, 107624, 32691]"
120524,"[65280, 88677, 90012, 77228, 293, 83282, 63005, 15373, 92525, 107627]"
120525,"[43638, 38910, 74359, 80425, 53504, 94994, 23436, 43148, 10454, 60757]"
120526,"[67530, 48147, 16786, 34967, 20991, 80937, 43317, 96636, 11341, 6257]"
120527,"[28653, 5249, 80409, 32573, 81041, 35371, 59243, 95370, 80667, 85227]"
120528,"[67664, 38410, 51734, 57318, 106403, 2305, 1199, 5529, 28839, 49591]"
120529,"[83538, 105639, 53793, 102967, 2505, 79458, 90022, 26435, 67437, 99465]"
120530,"[63325, 7406, 71839, 6272, 3729, 68141, 17622, 24533, 105449, 78902]"
120531,"[72574, 56056, 75621, 24602, 3785, 69461, 73341, 46711, 95373, 27187]"
120532,"[101085, 84994, 89051, 41893, 20446, 27422, 50686, 71808, 60954, 5441]"
120533,"[104623, 36527, 80272, 10715, 80150, 1979, 91605, 83033, 9654, 1566]"
120534,"[47375, 14472, 26048, 16093, 54321, 48313, 59863, 2583, 67273, 21971]"
120535,"[39528, 104621, 15670, 105806, 33055, 41962, 21046, 86310, 40571, 80539]"
120536,"[45785, 64222, 92592, 96283, 74125, 105333, 65576, 85431, 37619, 5296]"
120537,"[74342, 6346, 28330, 38861, 28593, 94288, 62490, 18072, 74270, 16867]"
120538,"[59354, 90616, 3214, 93910, 51645, 68718, 103450, 67065, 41828, 69578]"
120539,"[55061, 94365, 96202, 98673, 100946, 92802, 50432, 3527, 47825, 982]"
120540,"[80223, 68082, 50527, 60583, 10412, 109690, 41028, 90723, 18953, 54210]"
120541,"[85796, 44500, 99997, 76739, 15605, 79425, 905, 11411, 97935, 88812]"
120542,"[49389, 2464, 105905, 72166, 49816, 25052, 91267, 76277, 96413, 9300]"
120543,"[3901, 66337, 104556, 96384, 11118, 95025, 56830, 103525, 1761, 100176]"
120544,"[83800, 54763, 30250, 70851, 2102, 84108, 23027, 101924, 2785, 105064]"
120545,"[62683, 8667, 92564, 31846, 101182, 64274, 94409, 98324, 40708, 97414]"
120546,"[39387, 93851, 98222, 31569, 22835, 60466, 16553, 10914, 60915, 82213]"
120547,"[62113, 76326, 93505, 25971, 76009, 100705, 60379, 39489, 9071, 63575]"
120548,"[94785, 13328, 38091, 61981, 41290, 81841, 20075, 5670, 94944, 74364]"
120549,"[98151, 45163, 89702, 95499, 28676, 55333, 105652, 67151, 30634, 31715]"
120550,"[68936, 84256, 45615, 73226, 10346, 106490, 75613, 67475, 64853, 22000]"
120551,"[2385, 97961, 15364, 39797, 20747, 43409, 15585, 21067, 31412, 7275]"
120552,"[16815, 23754, 18523, 23546, 67681, 11198, 10516, 61816, 53396, 29813]"
120553,"[66502, 86580, 84064, 33175, 78945, 84368, 83599, 4273, 94140, 45759]"
120554,"[59547, 21050, 68948, 9223, 74382, 91102, 65109, 20170, 85193, 35267]"
120555,"[6813, 77129, 95066, 55356, 82865, 74881, 15743, 104608, 58365, 107120]"
120556,"[38903, 52683, 44091, 109254, 22933, 77004, 38998, 72082, 11981, 58001]"
120557,"[29742, 90400, 105808, 61928, 65639, 33743, 109480, 91742, 97096, 52885]"
120558,"[38706, 16178, 15321, 15668, 58789, 70900, 62511, 63612, 28558, 4744]"
120559,"[51140, 64228, 63114, 99069, 52515, 72008, 37943, 84617, 14031, 100463]"
120560,"[104864, 17075, 44008, 101530, 37513, 19125, 36742, 48946, 56616, 58994]"
120561,"[35364, 27105, 98197, 85513, 44188, 77262, 106485, 92535, 48529, 11524]"
120562,"[76865, 11166, 84548, 71639, 44968, 99381, 41, 57450, 75475, 68532]"
120563,"[44625, 65448, 47031, 48589, 33675, 12654, 87644, 107702, 64099, 33857]"
120564,"[80739, 26888, 63805, 109298, 42538, 13737, 35538, 91734, 58644, 80329]"
120565,"[23342, 46349, 23919, 45304, 108095, 38354, 11749, 106720, 92970, 6288]"
120566,"[52598, 37957, 27065, 35380, 67068, 29599, 57052, 95906, 56939, 29355]"
120567,"[87744, 76294, 26855, 75089, 53592, 35673, 86188, 53817, 57787, 108113]"
120568,"[8190, 98463, 10490, 54563, 50069, 25753, 48862, 105123, 86089, 89597]"
120569,"[47111, 82935, 96761, 105140, 72940, 80320, 92828, 28803, 16107, 54999]"
120570,"[97700, 76862, 34914, 23805, 53795, 43634, 33876, 94176, 42156, 66645]"
120571,"[63167, 59560, 30825, 63617, 102176, 103710, 24653, 84921, 5842, 34269]"
120572,"[47100, 72279, 30947, 3509, 30263, 41430, 6135, 45887, 69023, 32892]"
120573,"[60700, 101423, 18560, 97525, 90016, 11151, 100815, 92398, 48447, 100530]"
120574,"[74434, 25644, 46078, 107279, 94542, 80590, 77919, 60697, 27534, 74710]"
120575,"[26501, 54900, 33054, 12666, 71954, 5458, 102975, 84715, 81333, 74559]"
120576,"[469, 52445, 14973, 99105, 15459, 25466, 91949, 69617, 56917, 87970]"
120577,"[38234, 34008, 56800, 18418, 17150, 64804, 45099, 78201, 66147, 3234]"
120578,"[103955, 68920, 71791, 7953, 9694, 93013, 102566, 85169, 20081, 92578]"
120579,"[67431, 79692, 47848, 31142, 44893, 87547, 84956, 42273, 97200, 45416]"
120580,"[39532, 14011, 108830, 79199, 16068, 19888, 2707, 60759, 37373, 26577]"
120581,"[50794, 45189, 102616, 56306, 82374, 87538, 63576, 66699, 27252, 19825]"
120582,"[14418, 59554, 69695, 105094, 93285, 39310, 18839, 74768, 13071, 23646]"
120583,"[43794, 53169, 74324, 69747, 90341, 99232, 85825, 89904, 18048, 49378]"
120584,"[76268, 12934, 19290, 39353, 36991, 91012, 83254, 88940, 60399, 64582]"
120585,"[2097, 53368, 81546, 21892, 61355, 70896, 101503, 51638, 107553, 97887]"
120586,"[73052, 100829, 48865, 5499, 32012, 94334, 9048, 91333, 64888, 97715]"
120587,"[52490, 20234, 33534, 15338, 39517, 20606, 42234, 33920, 96194, 94247]"
120588,"[58672, 45305, 97338, 48390, 20155, 31059, 12177, 24156, 38654, 34356]"
120589,"[9352, 88033, 108427, 11379, 92810, 95417, 26219, 22383, 28633, 28577]"
120590,"[17753, 92613, 31010, 15676, 67036, 28057, 54233, 95009, 22546, 13390]"
120591,"[8193, 52059, 38427, 47549, 11339, 63559, 92169, 18624, 106092, 76815]"
120592,"[37026, 39697, 57231, 64235, 80521, 66465, 63467, 68698, 36849, 85257]"
120593,"[23492, 102210, 378, 108944, 56327, 3207, 69148, 56685, 94711, 10106]"
120594,"[102720, 4725, 93639, 78148, 47010, 105093, 36874, 3138, 11330, 85473]"
120595,"[17656, 86725, 22063, 22859, 59552, 41755, 88609, 108894, 44472, 38836]"
120596,"[316, 76761, 60840, 12919, 22696, 45787, 29286, 14348, 26937, 83533]"
120597,"[17739, 83433, 15305, 73743, 43056, 99112, 35184, 20008, 66740, 12308]"
120598,"[80360, 97452, 107099, 57497, 8292, 64313, 33291, 78939, 24972, 92388]"
120599,"[22026, 54593, 75376, 37437, 43311, 28043, 81864, 86259, 64837, 66851]"
120600,"[79001, 78215, 108736, 86417, 30860, 95832, 27393, 58726, 28830, 72038]"
120601,"[88198, 81085, 54247, 44574, 106316, 28177, 82359, 92847, 102009, 71349]"
120602,"[28848, 108841, 26671, 1040, 34123, 30149, 62259, 87680, 45041, 95904]"
120603,"[102404, 90593, 93383, 50650, 3557, 89109, 54868, 96366, 88884, 5323]"
120604,"[100901, 87132, 83052, 82889, 87292, 60665, 105236, 28953, 54540, 12997]"
120605,"[43964, 70458, 68549, 55160, 24324, 13892, 106944, 90166, 52952, 86961]"
120606,"[30382, 81563, 33087, 86564, 32362, 4990, 62470, 90522, 9606, 106480]"
120607,"[30363, 62144, 76724, 63607, 7843, 46436, 68662, 24688, 47903, 96420]"
120608,"[10826, 27132, 16599, 109580, 87521, 100090, 24157, 40914, 16989, 78933]"
120609,"[108278, 107690, 2338, 94109, 15183, 31785, 17573, 16788, 100506, 97659]"
120610,"[85261, 80742, 49346, 81459, 87630, 45693, 54714, 105741, 46580, 109133]"
120611,"[43973, 7018, 27598, 40105, 62645, 58887, 106022, 67343, 61420, 73581]"
120612,"[74417, 65842, 109431, 10102, 104836, 61354, 36561, 38916, 26551, 71268]"
120613,"[72473, 27115, 15822, 18384, 42530, 14018, 43995, 14644, 52993, 51998]"
120614,"[76113, 73005, 37483, 75621, 53439, 3828, 27775, 108213, 72574, 95373]"
120615,"[101533, 104670, 15965, 71971, 48922, 105410, 75327, 58141, 104698, 6489]"
120616,"[37994, 88217, 3263, 45634, 56440, 109452, 32859, 52774, 38801, 101704]"
120617,"[80249, 21643, 73072, 16312, 106804, 19615, 74025, 64537, 49110, 41858]"
120618,"[40254, 70084, 31160, 13439, 95523, 38783, 38893, 80121, 7826, 74535]"
120619,"[1983, 5711, 53796, 17486, 99223, 67375, 109616, 107002, 51747, 79524]"
120620,"[5315, 14029, 62439, 25483, 43717, 9236, 13841, 106141, 26326, 58719]"
120621,"[33775, 61515, 79460, 73853, 17580, 23782, 27247, 83087, 46787, 16500]"
120622,"[65571, 78417, 9284, 37194, 23420, 20509, 49021, 43149, 39300, 106810]"
120623,"[18915, 65427, 12987, 14509, 70046, 109469, 93094, 22113, 26220, 16948]"
120624,"[6057, 26762, 97952, 100392, 71329, 53867, 47427, 89717, 8182, 91865]"
120625,"[78272, 18635, 25344, 11845, 53039, 92826, 73619, 86470, 70197, 91085]"
120626,"[40385, 85443, 23704, 18221, 88877, 6466, 14963, 100388, 103295, 65895]"
120627,"[35229, 91769, 73603, 23812, 83941, 48943, 62270, 29128, 44393, 22404]"
120628,"[73373, 75974, 55781, 94117, 27297, 56196, 55207, 26685, 104174, 56245]"
120629,"[59554, 14418, 105094, 39310, 93285, 16025, 23646, 21301, 18839, 1115]"
120630,"[73356, 45124, 1577, 86259, 64837, 36617, 60001, 25094, 67234, 46894]"
120631,"[88782, 93270, 27403, 88607, 76034, 63827, 44335, 27000, 99130, 106494]"
120632,"[29266, 5697, 83075, 13591, 36091, 3518, 15044, 54737, 40220, 63345]"
120633,"[95926, 105575, 106598, 75849, 43265, 70699, 109766, 61704, 70605, 83967]"
120634,"[3580, 20796, 14152, 104445, 14617, 14668, 6646, 72683, 88471, 74125]"
120635,"[39020, 55792, 23584, 69001, 52488, 8214, 60413, 45500, 75511, 39974]"
120636,"[26546, 13166, 33569, 76340, 78028, 13651, 53579, 2239, 31211, 32200]"
120637,"[34, 31265, 94064, 100362, 68536, 78006, 69794, 105287, 99826, 15400]"
120638,"[9820, 77006, 47556, 105414, 92006, 24444, 37084, 68197, 25467, 107913]"
120639,"[43765, 80284, 99987, 21607, 59045, 38690, 15942, 20072, 69872, 3570]"
120640,"[25611, 58476, 51732, 21514, 76148, 25334, 96849, 12076, 39247, 1036]"
120641,"[27623, 67417, 54335, 31405, 53716, 35614, 18672, 55280, 84751, 49868]"
120642,"[3824, 79973, 103543, 8242, 73133, 76562, 69142, 48923, 38165, 86712]"
120643,"[64567, 19131, 22695, 49357, 55502, 43967, 31635, 28196, 14833, 81993]"
120644,"[11607, 49015, 97947, 31213, 3070, 107984, 101427, 33039, 30626, 96451]"
120645,"[32178, 9226, 85792, 20471, 9287, 79834, 77255, 40999, 18276, 28539]"
120646,"[47003, 89652, 107722, 3656, 90212, 60962, 35120, 22794, 46669, 21871]"
120647,"[95397, 92676, 23543, 85496, 36766, 100096, 67153, 58181, 26907, 84631]"
120648,"[99404, 74879, 33184, 62101, 103139, 2496, 46634, 44298, 64478, 46621]"
120649,"[49049, 79571, 59945, 95389, 109302, 35616, 44983, 38565, 35034, 34374]"
120650,"[86968, 37933, 106602, 35804, 11201, 91281, 93968, 66940, 93479, 4251]"
120651,"[92304, 40431, 49768, 85352, 84320, 94307, 5577, 86276, 59834, 48094]"
120652,"[102169, 21093, 89424, 35654, 7150, 107371, 15191, 46861, 70388, 83080]"
120653,"[68643, 6256, 57023, 101495, 62650, 15226, 84586, 33079, 67686, 56645]"
120654,"[86192, 103315, 25801, 80468, 3566, 105222, 106993, 93097, 26012, 42176]"
120655,"[43334, 15964, 74615, 66910, 109203, 103341, 93869, 3748, 60854, 96522]"
120656,"[96895, 72845, 20884, 40267, 105515, 91197, 37016, 16681, 24540, 1014]"
120657,"[85867, 4748, 86361, 17389, 33064, 42351, 29728, 25452, 108169, 7110]"
120658,"[46370, 30776, 7232, 30754, 22964, 43883, 106728, 9778, 92941, 80687]"
120659,"[87212, 24476, 34411, 25707, 41126, 42835, 45520, 90404, 98902, 6237]"
120660,"[31134, 33880, 18720, 5649, 70243, 37073, 40410, 69004, 15792, 48622]"
120661,"[57574, 49269, 93955, 67736, 11058, 6429, 77423, 95879, 103919, 108597]"
120662,"[66796, 102606, 26252, 49205, 31648, 66329, 51636, 102764, 34589, 53784]"
120663,"[109132, 35531, 107029, 87126, 22082, 44021, 76881, 6849, 85123, 58752]"
120664,"[78477, 93107, 66831, 77197, 90672, 59498, 58043, 53824, 93006, 14843]"
120665,"[87781, 2301, 57262, 19574, 3459, 50376, 97818, 62300, 34239, 64226]"
120666,"[53262, 101940, 51947, 7967, 105215, 17402, 98519, 65046, 72611, 23766]"
120667,"[92001, 109614, 34862, 68172, 53717, 94367, 68092, 27948, 13961, 29954]"
120668,"[12316, 89561, 10188, 90565, 73134, 59586, 69437, 94235, 98978, 6307]"
120669,"[108807, 22330, 32968, 67149, 68633, 82987, 108498, 65918, 55550, 16060]"
120670,"[32586, 92862, 62138, 104441, 17481, 95750, 55916, 92466, 87328, 33869]"
120671,"[56698, 64140, 40232, 49380, 56095, 72651, 71574, 69324, 12460, 46289]"
120672,"[54906, 63907, 27658, 38921, 21801, 96119, 62634, 7686, 86718, 95602]"
120673,"[15517, 61247, 20742, 98672, 105709, 49472, 97210, 83592, 26720, 6827]"
120674,"[66405, 41513, 102163, 62234, 19049, 50683, 62228, 16832, 12715, 56564]"
120675,"[103767, 53296, 26936, 77986, 103764, 648, 77365, 46930, 97320, 29429]"
120676,"[83228, 18796, 69008, 91327, 106196, 30345, 63785, 41871, 94801, 46602]"
120677,"[30253, 50030, 53834, 57597, 27188, 55021, 95392, 102079, 1120, 92180]"
120678,"[91118, 78951, 46853, 62202, 34860, 64269, 1027, 10735, 56530, 12940]"
120679,"[108140, 105949, 12190, 28612, 49359, 40691, 59851, 94126, 94677, 77847]"
120680,"[102571, 52577, 33708, 60461, 440, 89635, 93468, 15282, 69380, 72416]"
120681,"[3531, 78324, 29084, 5757, 91262, 36780, 73036, 98597, 56394, 53564]"
120682,"[109310, 58128, 104138, 16635, 53741, 29135, 72625, 81515, 44131, 93411]"
120683,"[72449, 55185, 47431, 15830, 94461, 6261, 39371, 23357, 37766, 91955]"
120684,"[75508, 63672, 34312, 47022, 35360, 36057, 19176, 72695, 42765, 54215]"
120685,"[46766, 85376, 11715, 49454, 59335, 64728, 49353, 37626, 35734, 71239]"
120686,"[107610, 31216, 47530, 56584, 76291, 66038, 28000, 2359, 46783, 68870]"
120687,"[59010, 33650, 98685, 46125, 35214, 64927, 83528, 104548, 92673, 67039]"
120688,"[106618, 3904, 72733, 71185, 50002, 26135, 72076, 25382, 29658, 46433]"
120689,"[8175, 94244, 92094, 10123, 94753, 42147, 106901, 36217, 26013, 22899]"
120690,"[2824, 55216, 3569, 19829, 102141, 19007, 46352, 83841, 14703, 66428]"
120691,"[59920, 43299, 34620, 12330, 21135, 6235, 97092, 103678, 16614, 72616]"
120692,"[76301, 58553, 38879, 109617, 38877, 12269, 92918, 61236, 71801, 91905]"
120693,"[33578, 2614, 97483, 18316, 39261, 49840, 42459, 82044, 4622, 35266]"
120694,"[108986, 53212, 67627, 80197, 39313, 5858, 13406, 27262, 51316, 935]"
120695,"[933, 69084, 93679, 39924, 53791, 80164, 39058, 20148, 35080, 96858]"
120696,"[96567, 4771, 764, 31062, 104343, 35086, 41867, 47826, 14546, 15433]"
120697,"[103470, 72559, 35470, 41688, 97746, 99833, 107750, 67619, 34765, 104181]"
120698,"[45157, 39319, 59632, 91917, 62916, 109711, 96787, 47712, 10, 41920]"
120699,"[21204, 67398, 13028, 25082, 24987, 14491, 55849, 89337, 25631, 103744]"
120700,"[72505, 19925, 70689, 62814, 15456, 59955, 17269, 101604, 37975, 10525]"
120701,"[24256, 45283, 106626, 15385, 52078, 97785, 26031, 13899, 50199, 47769]"
120702,"[73994, 13339, 63692, 27366, 67741, 27699, 56457, 54055, 106723, 4057]"
120703,"[4705, 62203, 90446, 70507, 11620, 15850, 79767, 41339, 1939, 95634]"
120704,"[7364, 104738, 51989, 36935, 15359, 29169, 25035, 51571, 55868, 108188]"
120705,"[83112, 93228, 90511, 96009, 24423, 64841, 63628, 4055, 39498, 101904]"
120706,"[27625, 83303, 1519, 39276, 48182, 39949, 109112, 18828, 62135, 37836]"
120707,"[6373, 22428, 50363, 52774, 2327, 30261, 80013, 419, 9584, 101704]"
120708,"[13020, 16266, 77292, 105431, 5848, 97487, 90513, 82509, 66601, 5139]"
120709,"[41917, 27377, 54731, 45465, 17210, 85045, 69223, 54112, 18820, 80462]"
120710,"[106950, 55935, 19346, 32530, 24171, 38465, 55984, 27085, 31079, 109559]"
120711,"[41704, 23479, 84558, 5613, 101935, 93755, 7890, 37476, 42815, 76353]"
120712,"[56359, 66997, 16427, 83724, 52276, 45070, 62246, 85202, 17562, 6797]"
120713,"[77035, 95621, 17350, 26733, 28514, 70334, 41754, 58523, 35659, 68910]"
120714,"[77703, 3489, 9536, 25813, 61833, 97905, 13235, 26138, 83139, 77]"
120715,"[65116, 59384, 94930, 76202, 9235, 43061, 41953, 83538, 16522, 106635]"
120716,"[84864, 84881, 22700, 7382, 45823, 107404, 96579, 22001, 99578, 52244]"
120717,"[2005, 31091, 73062, 82074, 67061, 50782, 25753, 61351, 80146, 85501]"
120718,"[100852, 84809, 14827, 103827, 1724, 99104, 36373, 105903, 44444, 26137]"
120719,"[39448, 57879, 83720, 15434, 32833, 105601, 42598, 71002, 26071, 70806]"
120720,"[7064, 71091, 95817, 98009, 45369, 72482, 27650, 28493, 89707, 101588]"
120721,"[9876, 98850, 89697, 37656, 59830, 43447, 103307, 77715, 101966, 65480]"
120722,"[107257, 102551, 57833, 94409, 102536, 31349, 81214, 10055, 30875, 67967]"
120723,"[2927, 9282, 3263, 7766, 57394, 47801, 75075, 15997, 95587, 33145]"
120724,"[9245, 24825, 101851, 57864, 15855, 29500, 92878, 100381, 82961, 11765]"
120725,"[44658, 83786, 68884, 74072, 41522, 82005, 97945, 3090, 1436, 73156]"
120726,"[101528, 102402, 104101, 93644, 87629, 31606, 33823, 61499, 92093, 63288]"
120727,"[94439, 44049, 9104, 49080, 27055, 72252, 101254, 14288, 5620, 74887]"
120728,"[94430, 101579, 13368, 86996, 33821, 18288, 87759, 9699, 38658, 78008]"
120729,"[45819, 61332, 64473, 65205, 36607, 63890, 101952, 49974, 24814, 10894]"
120730,"[104901, 89730, 55841, 24401, 66212, 21118, 9457, 99547, 46641, 30144]"
120731,"[20018, 21806, 90226, 79550, 21210, 107595, 21537, 34580, 77424, 25240]"
120732,"[5826, 9327, 67453, 105559, 62887, 47964, 37674, 45523, 12342, 17430]"
120733,"[28520, 81066, 49610, 41212, 50465, 108923, 56740, 82138, 56658, 17808]"
120734,"[74847, 76241, 90885, 80828, 960, 37773, 21613, 91345, 84479, 29911]"
120735,"[98860, 93411, 101788, 65281, 44691, 45816, 45718, 8988, 18655, 30979]"
120736,"[107628, 29297, 57236, 98494, 57962, 101347, 93720, 81988, 99409, 23934]"
120737,"[86697, 24133, 33433, 9816, 73109, 57286, 14441, 55791, 20337, 67244]"
120738,"[23560, 55468, 34921, 57013, 55379, 83816, 48629, 11942, 8861, 73843]"
120739,"[84481, 56511, 66941, 46182, 94803, 102062, 66685, 9503, 7716, 78922]"
120740,"[72918, 92347, 45092, 50903, 83577, 30104, 77279, 45251, 40815, 84405]"
120741,"[67510, 34836, 65166, 92157, 92570, 24688, 32510, 96420, 51356, 69889]"
120742,"[25768, 92386, 21462, 109402, 52124, 29827, 7642, 38894, 36012, 37387]"
120743,"[7298, 2386, 31601, 72990, 18519, 50154, 42579, 80342, 51677, 83045]"
120744,"[18333, 12904, 112, 90134, 39805, 101001, 23465, 35036, 92249, 78632]"
120745,"[63702, 71763, 28131, 25606, 1632, 44876, 58224, 81027, 28066, 85705]"
120746,"[34139, 85442, 62880, 86441, 36280, 75597, 101442, 56120, 19849, 47238]"
120747,"[11400, 48194, 1522, 23403, 45486, 51776, 39795, 49538, 33296, 18657]"
120748,"[19047, 26476, 14056, 106269, 18338, 24319, 36820, 87652, 68912, 69456]"
120749,"[47427, 109049, 53867, 15232, 85718, 93029, 6057, 15357, 87781, 41414]"
120750,"[5913, 32348, 101291, 73602, 10896, 80754, 106157, 107261, 101563, 58565]"
120751,"[61385, 47372, 32458, 25934, 20635, 10741, 55704, 67330, 22930, 103060]"
120752,"[41837, 64321, 36729, 1292, 35715, 29630, 58170, 38413, 9894, 70263]"
